City,All Offense Types,Crimes Against Person,Murder and Nonnegligent Manslaughter,Negligent Manslaughter,Justifiable Homicide,Kidnapping/Abduction,All Rape,Rape,Sodomy,Sexual Assault With An Object,Criminal Sexual Contact,Incest,Statutory Rape,Aggravated Assault,Simple Assault,Intimidation,"Human Trafficking, Commercial Sex Acts","Human Trafficking, Involuntary Servitude",Crimes Against Property,Arson,Bribery,Burglary/Breaking & Entering,Counterfeiting/Forgery,Destruction/Damage/Vandalism of Property,Embezzlement,Extortion/Blackmail,False Pretenses/Swindle/Confidence Game,Credit Card/Automatic Teller Fraud,Impersonation,Welfare Fraud,Wire Fraud,Identity Theft,Hacking/Computer Invasion,Robbery,Pocket-picking,Purse-snatching,Shoplifting,Theft From Building,Theft From Coin Operated Machine or Device,Theft From Motor Vehicle,Theft of Motor Vehicle Parts/Accessories,All Other Larceny,Motor Vehicle Theft,Stolen Property Offenses,Crimes Against Society,Drug/Narcotic Violations,Drug Equipment Violations,Betting/Wagering,Operating/Promoting/Assisting Gambling,Gambling Equipment Violations,Sports Tampering,Pornography/Obscene Material,Prostitution,Assisting or Promoting Prostitution,Purchasing Prostitution,Weapon Law Violations,Animal Cruelty,Missing,Unnamed: 59,Year
Jurisdiction by Geography,,,,,,,,,,,,,,,,,,,,,,,,,,,,,,,,,,,,,,,,,,,,,,,,,,,,,,,,,,,,2024
Barnstable,"1,634",614,1.0,,,10.0,34.0,29.0,1.0,4.0,15.0,,,170,306,78,,,862,6.0,,70,36.0,179,14.0,7.0,31,38.0,2.0,,71.0,36.0,5.0,9.0,,3.0,117,36,,60,14.0,77,38,13.0,158,100,,,,,,13.0,1.0,,9.0,35.0,,,,2024
Barnstable State Police,19,5,,1.0,,,,,,,,,,1,3,,,,,,,,,,,,,,,,,,,,,,,,,,,,,,14,11,,,,,,,,,,3.0,,,,2024
Barnstable State Police Middleboro,,,,,,,,,,,,,,,,,,,,,,,,,,,,,,,,,,,,,,,,,,,,,,,,,,,,,,,,,,,,2024
Bourne,848,343,,,,1.0,11.0,7.0,1.0,3.0,22.0,,1.0,47,183,78,,,460,2.0,,44,16.0,83,2.0,9.0,66,3.0,56.0,,,2.0,,,1.0,,36,22,,5,2.0,95,15,1.0,45,21,,,,,,8.0,2.0,1.0,,13.0,,,,2024
Brewster,105,37,,,,,4.0,4.0,,,,,,9,17,7,,,62,,,7,1.0,18,,,9,3.0,2.0,,,,,,1.0,,,,,2,1.0,13,3,2.0,6,2,1.0,,,,,3.0,,,,,,,,2024
Cape Cod Community College,,,,,,,,,,,,,,,,,,,,,,,,,,,,,,,,,,,,,,,,,,,,,,,,,,,,,,,,,,,,2024
Chatham,157,38,,,,,1.0,,1.0,,3.0,,1.0,11,16,6,,,110,,,8,6.0,37,,1.0,20,2.0,7.0,,,,,,,,3,2,,1,,21,1,1.0,9,2,,,,,,3.0,,,,4.0,,,,2024
Dennis,433,163,,,,1.0,3.0,3.0,,,7.0,,4.0,33,101,14,,,254,3.0,,28,6.0,62,,,32,1.0,20.0,,,2.0,,,,1.0,12,9,,7,1.0,58,7,5.0,16,10,,,,,,,,,,6.0,,,,2024
Eastham,119,39,,,,,1.0,1.0,,,2.0,,,9,13,14,,,76,,,3,,9,,,11,1.0,4.0,,,,,,,,3,,,5,,36,3,1.0,4,1,,,,,,,,,,2.0,1.0,,,2024
Falmouth,"1,145",447,,,,7.0,20.0,20.0,,,15.0,,4.0,74,238,88,1.0,,589,1.0,,55,11.0,140,1.0,5.0,75,2.0,58.0,,,,,2.0,1.0,,24,54,,,,144,13,3.0,109,74,,,,,,13.0,1.0,1.0,,20.0,,,,2024
Harwich,201,54,,,,,2.0,2.0,,,,,,13,33,6,,,137,,,13,6.0,21,,,18,2.0,14.0,,,,,,,,3,7,,,,49,2,2.0,10,6,,,1.0,,,1.0,,,,2.0,,,,2024
Mashpee,321,101,,,,,8.0,8.0,,,1.0,,1.0,21,38,32,,,209,1.0,,13,11.0,54,1.0,3.0,23,,23.0,,,1.0,,,1.0,,28,6,,4,,32,6,2.0,11,7,,,,,,2.0,,,,2.0,,,,2024
MBTA - Barnstable County,,,,,,,,,,,,,,,,,,,,,,,,,,,,,,,,,,,,,,,,,,,,,,,,,,,,,,,,,,,,2024
Orleans,152,34,,,,,2.0,1.0,1.0,,,,1.0,8,18,5,,,114,,,4,1.0,23,,2.0,12,3.0,14.0,,,,,,,,5,1,,5,,36,5,3.0,4,3,,,,,,1.0,,,,,,,,2024
Provincetown,214,59,,,,2.0,4.0,2.0,2.0,,,,1.0,10,31,11,,,140,,,8,2.0,38,,,6,,8.0,,,,1.0,,,,7,3,,2,1.0,60,2,2.0,15,13,,,,,,,1.0,,,1.0,,,,2024
Sandwich,359,120,,,,,5.0,3.0,2.0,,1.0,1.0,4.0,27,60,22,,,211,1.0,,11,5.0,37,1.0,2.0,28,,66.0,,,,,1.0,,,4,3,,,,46,3,3.0,28,13,,,,,,5.0,,,,10.0,,,,2024
Truro,51,11,,,,,1.0,,1.0,,1.0,,,1,8,,,,36,,,3,,8,,,7,1.0,2.0,,,2.0,,,,,,3,,1,,8,1,,4,2,,,,,,,,,,2.0,,,,2024
Wellfleet,61,20,,,,,,,,,,,1.0,5,9,5,,,37,,,4,1.0,10,,,1,1.0,3.0,,,,,,,,1,,,1,,15,,,4,3,,,,,,1.0,,,,,,,,2024
Yarmouth,772,285,,,,4.0,12.0,10.0,2.0,,6.0,,7.0,60,139,57,,,415,1.0,,30,13.0,100,2.0,4.0,62,1.0,36.0,,2.0,1.0,,4.0,,1.0,20,12,,10,,96,10,10.0,72,53,,,,,,4.0,,,,15.0,,,,2024
Adams,257,69,,,,1.0,5.0,5.0,,,1.0,2.0,1.0,16,34,9,,,163,2.0,,22,4.0,40,2.0,,8,1.0,4.0,,,1.0,,1.0,,1.0,15,11,,11,,34,6,,25,21,,,,,,3.0,,,,1.0,,,,2024
Alford,,,,,,,,,,,,,,,,,,,,,,,,,,,,,,,,,,,,,,,,,,,,,,,,,,,,,,,,,,,,2024
Becket,50,12,,,,,1.0,1.0,,,,,2.0,3,5,1,,,36,2.0,,9,,8,,,,,1.0,,,,,,,,,6,,,,8,1,1.0,2,1,1.0,,,,,,,,,,,,,2024
Berkshire State Police,120,28,1.0,1.0,,,,,,,,,,2,24,,,,16,,,2,,4,,,,,,,,,,,,,2,2,,,,3,3,,76,65,,,,,,5.0,,,,6.0,,,,2024
Berkshire State Police Northampton,,,,,,,,,,,,,,,,,,,,,,,,,,,,,,,,,,,,,,,,,,,,,,,,,,,,,,,,,,,,2024
Berkshire State Police Weston,,,,,,,,,,,,,,,,,,,,,,,,,,,,,,,,,,,,,,,,,,,,,,,,,,,,,,,,,,,,2024
Cheshire,28,7,,,,,1.0,1.0,,,,,,,2,4,,,20,,,1,,2,,,2,,3.0,,,,,,,,,3,,1,,7,1,,1,1,,,,,,,,,,,,,,2024
Clarksburg,6,1,,,,,,,,,,,,1,,,,,5,,,1,,,,,2,,,,,1.0,,,,,,,,,,,1,,,,,,,,,,,,,,,,,2024
Dalton,78,37,,,,,,,,,,1.0,2.0,7,22,5,,,32,,,1,2.0,8,,1.0,5,1.0,9.0,,,,,,,,1,,,1,,2,1,,9,2,,,,,,3.0,,,,3.0,1.0,,,2024
Egremont,23,10,,,,,,,,,3.0,,2.0,3,1,1,,,12,,,1,,3,,1.0,,,2.0,,1.0,,,,,,,2,,,,2,,,1,,,,,,,1.0,,,,,,,,2024
Florida,,,,,,,,,,,,,,,,,,,,,,,,,,,,,,,,,,,,,,,,,,,,,,,,,,,,,,,,,,,,2024
Great Barrington,210,70,,,,,3.0,3.0,,,2.0,,2.0,13,47,3,,,131,,,13,6.0,46,,,13,2.0,7.0,,,1.0,,1.0,,,18,1,,5,,16,,2.0,9,4,,,,,,3.0,,,,2.0,,,,2024
Hancock,,,,,,,,,,,,,,,,,,,,,,,,,,,,,,,,,,,,,,,,,,,,,,,,,,,,,,,,,,,,2024
Hinsdale,17,7,,,,,,,,,,,,,4,3,,,9,,,,,1,,1.0,1,,1.0,,,,,,,,,2,,,,1,1,1.0,1,,,,,,,1.0,,,,,,,,2024
Lanesboro,80,18,,,,,,,,,,,,4,8,6,,,58,,,8,,10,,,1,1.0,,,,2.0,,1.0,,,25,2,,2,,4,1,1.0,4,1,,,,,,1.0,,,,2.0,,,,2024
Lee,179,68,,,,,3.0,3.0,,,,,,9,44,12,,,109,,,4,3.0,24,1.0,,11,1.0,12.0,,,,,1.0,,,25,8,,,,15,3,1.0,2,2,,,,,,,,,,,,,,2024
Lenox,154,27,,,,,3.0,3.0,,,3.0,,,1,13,7,,,120,,,5,,24,,1.0,4,,7.0,,,2.0,,,,,53,,,7,,15,,2.0,7,3,,,,,,,,,,4.0,,,,2024
MA College of Liberal Arts,10,4,,,,,,,,,,,,1,,3,,,5,,,1,,1,,1.0,,,,,,,,,,,,1,,,,1,,,1,1,,,,,,,,,,,,,,2024
MBTA - Berkshire County,,,,,,,,,,,,,,,,,,,,,,,,,,,,,,,,,,,,,,,,,,,,,,,,,,,,,,,,,,,,2024
Monterey,,,,,,,,,,,,,,,,,,,,,,,,,,,,,,,,,,,,,,,,,,,,,,,,,,,,,,,,,,,,2024
Mount Washington,,,,,,,,,,,,,,,,,,,,,,,,,,,,,,,,,,,,,,,,,,,,,,,,,,,,,,,,,,,,2024
New Ashford,,,,,,,,,,,,,,,,,,,,,,,,,,,,,,,,,,,,,,,,,,,,,,,,,,,,,,,,,,,,2024
New Marlboro,9,4,,,,,1.0,1.0,,,,,,1,1,1,,,4,,,,,1,,,,1.0,,,,,,,,,,,,,,2,,,1,,,,,,,,,,,1.0,,,,2024
North Adams,933,318,,,,2.0,7.0,5.0,2.0,,2.0,,6.0,132,135,34,,,528,4.0,,42,5.0,136,2.0,2.0,27,2.0,8.0,,1.0,,,9.0,1.0,,156,16,,4,,97,5,11.0,87,66,,,,,,11.0,,,,9.0,1.0,,,2024
Otis,18,6,,,,,,,,,,,,1,4,1,,,12,,,2,2.0,3,,1.0,1,,2.0,,,,,,,,1,,,,,,,,,,,,,,,,,,,,,,,2024
Peru,,,,,,,,,,,,,,,,,,,,,,,,,,,,,,,,,,,,,,,,,,,,,,,,,,,,,,,,,,,,2024
Pittsfield,"1,565",392,2.0,,,,42.0,30.0,12.0,,4.0,,15.0,164,110,54,1.0,,"1,029",1.0,,169,12.0,307,3.0,3.0,82,6.0,43.0,,1.0,,,12.0,,1.0,119,18,,76,4.0,116,44,12.0,144,77,,,,,,10.0,,1.0,,56.0,,,,2024
Richmond,,,,,,,,,,,,,,,,,,,,,,,,,,,,,,,,,,,,,,,,,,,,,,,,,,,,,,,,,,,,2024
Sandisfield,,,,,,,,,,,,,,,,,,,,,,,,,,,,,,,,,,,,,,,,,,,,,,,,,,,,,,,,,,,,2024
Savoy,,,,,,,,,,,,,,,,,,,,,,,,,,,,,,,,,,,,,,,,,,,,,,,,,,,,,,,,,,,,2024
Sheffield,,,,,,,,,,,,,,,,,,,,,,,,,,,,,,,,,,,,,,,,,,,,,,,,,,,,,,,,,,,,2024
Stockbridge,48,5,,,,,1.0,1.0,,,,,,2,,2,,,40,,,3,6.0,6,,,5,,,,,,,,,,1,2,,4,,13,,,3,1,,,,,,,,,,2.0,,,,2024
Tyringham,4,,,,,,,,,,,,,,,,,,4,,,,,,,,,,,,,,,,,,,,,1,,1,1,1.0,,,,,,,,,,,,,,,,2024
Washington,,,,,,,,,,,,,,,,,,,,,,,,,,,,,,,,,,,,,,,,,,,,,,,,,,,,,,,,,,,,2024
West Stockbridge,,,,,,,,,,,,,,,,,,,,,,,,,,,,,,,,,,,,,,,,,,,,,,,,,,,,,,,,,,,,2024
Williamstown,132,28,,,,,3.0,2.0,1.0,,,,,4,19,2,,,96,,,5,3.0,17,,1.0,9,,1.0,,,,,,,,5,10,,,,43,1,1.0,8,4,,,,,,4.0,,,,,,,,2024
Windsor,,,,,,,,,,,,,,,,,,,,,,,,,,,,,,,,,,,,,,,,,,,,,,,,,,,,,,,,,,,,2024
Acushnet,176,56,,,,,1.0,1.0,,,1.0,,1.0,12,19,22,,,114,,,8,2.0,27,1.0,1.0,26,,27.0,,,,,1.0,,,1,,,7,,9,3,1.0,6,6,,,,,,,,,,,,,,2024
Attleboro,"1,890",573,1.0,,,6.0,8.0,5.0,1.0,2.0,23.0,,1.0,81,389,64,,,"1,221",4.0,,45,37.0,224,6.0,33.0,135,23.0,1.0,2.0,44.0,108.0,14.0,21.0,1.0,4.0,134,68,,119,29.0,103,44,22.0,96,34,6.0,,,,,8.0,1.0,3.0,3.0,36.0,5.0,,,2024
Berkley,109,46,,,,,2.0,1.0,1.0,,1.0,,1.0,6,23,13,,,53,,,1,3.0,12,,,10,1.0,14.0,,,2.0,,,,,,1,,1,,5,2,1.0,10,6,,,,,,1.0,,,,3.0,,,,2024
Bristol Comm College,5,,,,,,,,,,,,,,,,,,5,,,,,5,,,,,,,,,,,,,,,,,,,,,,,,,,,,,,,,,,,,2024
Bristol State Police,214,38,,,,,,,,,,,,21,13,4,,,4,,,,2.0,2,,,,,,,,,,,,,,,,,,,,,172,140,,,,,,2.0,,,,30.0,,,,2024
Bristol State Police Framingham,,,,,,,,,,,,,,,,,,,,,,,,,,,,,,,,,,,,,,,,,,,,,,,,,,,,,,,,,,,,2024
Bristol State Police Middleboro,,,,,,,,,,,,,,,,,,,,,,,,,,,,,,,,,,,,,,,,,,,,,,,,,,,,,,,,,,,,2024
Dartmouth,"1,312",438,,,,2.0,10.0,7.0,3.0,,9.0,1.0,2.0,70,245,99,,,788,4.0,,25,19.0,119,7.0,7.0,51,20.0,4.0,,23.0,96.0,2.0,7.0,,,192,23,,37,13.0,92,18,29.0,86,47,,,,,,5.0,7.0,,3.0,21.0,3.0,,,2024
Dighton,143,48,,,,,3.0,3.0,,,7.0,,3.0,12,9,14,,,76,,,5,3.0,24,,,7,1.0,18.0,,,,,,,,2,1,,1,,7,6,1.0,19,8,,,,,,6.0,,,,5.0,,,,2024
Easton,590,125,,,,2.0,5.0,2.0,3.0,,2.0,,10.0,33,49,24,,,436,1.0,,16,12.0,84,,4.0,45,2.0,3.0,,,65.0,,,3.0,1.0,37,13,,30,,97,17,6.0,29,15,,,,,,4.0,,,,10.0,,,,2024
Fairhaven,376,142,,,,,2.0,2.0,,,1.0,,1.0,21,66,51,,,209,1.0,,2,6.0,58,,2.0,19,1.0,16.0,,,2.0,,2.0,,,26,8,,3,2.0,43,14,4.0,25,8,,,,,,5.0,,,,12.0,,,,2024
Fall River,"5,192","2,403",3.0,2.0,,36.0,59.0,58.0,1.0,,100.0,,6.0,490,"1,502",202,2.0,1.0,"2,449",15.0,,223,29.0,552,4.0,9.0,97,54.0,8.0,,,104.0,,97.0,,1.0,169,41,,341,66.0,439,158,42.0,340,136,,,,,,36.0,9.0,,,150.0,9.0,,,2024
Freetown,239,109,,,,2.0,3.0,3.0,,,4.0,,2.0,27,43,28,,,119,1.0,,10,,38,,2.0,10,,16.0,,,,,1.0,1.0,,1,2,,3,,26,5,3.0,11,5,,,1.0,,,,,,,5.0,,,,2024
Mansfield,587,153,,,,1.0,6.0,5.0,1.0,,2.0,1.0,3.0,22,103,15,,,392,,,12,11.0,53,,5.0,53,3.0,2.0,2.0,1.0,54.0,,,,,53,12,,16,3.0,86,16,10.0,42,28,,,,,,4.0,,,,9.0,1.0,,,2024
MBTA - Bristol County,,,,,,,,,,,,,,,,,,,,,,,,,,,,,,,,,,,,,,,,,,,,,,,,,,,,,,,,,,,,2024
New Bedford,"5,787","2,431",7.0,,,11.0,44.0,30.0,13.0,1.0,48.0,,7.0,237,"1,647",430,,,"2,816",7.0,,189,38.0,721,28.0,7.0,235,22.0,161.0,1.0,1.0,4.0,,81.0,2.0,2.0,165,130,,293,69.0,357,258,45.0,540,315,,,1.0,,,24.0,,,,146.0,54.0,,,2024
North Attleborough,583,106,,,,1.0,4.0,4.0,,,,,,24,71,6,,,477,,,15,5.0,23,,,112,,,2.0,2.0,5.0,,2.0,,,165,,,23,,107,16,,,,,,,,,,,,,,,,,2024
Norton,126,80,,,,,8.0,8.0,,,4.0,,1.0,21,39,7,,,38,,,5,2.0,11,,,3,1.0,,,,,,2.0,,,,,,1,,8,3,2.0,8,5,,,,,,,,,,3.0,,,,2024
Raynham,398,110,,,,,4.0,2.0,2.0,,1.0,,4.0,33,52,16,,,270,,,10,7.0,25,1.0,,35,1.0,10.0,,,,,1.0,1.0,1.0,102,4,,5,,40,19,8.0,18,7,,,,,,1.0,3.0,,3.0,4.0,,,,2024
Rehoboth,165,40,,,,,,,,,1.0,1.0,,12,19,7,,,112,3.0,,10,5.0,25,,2.0,9,2.0,28.0,,,,,,,,,,,2,1.0,20,4,1.0,13,3,,,,,,,,,,10.0,,,,2024
Seekonk,600,99,,,,,5.0,4.0,1.0,,,,3.0,27,48,16,,,441,,,14,17.0,49,1.0,1.0,39,1.0,38.0,,,3.0,,1.0,1.0,1.0,150,7,,16,3.0,64,21,14.0,60,51,,,,,,1.0,,,,7.0,1.0,,,2024
Somerset,429,151,,,,2.0,5.0,5.0,,,10.0,,2.0,23,64,43,2.0,,232,1.0,,16,8.0,37,,,26,1.0,43.0,,,,,,,,26,3,,9,3.0,41,11,7.0,46,8,,,,,,6.0,29.0,1.0,,2.0,,,,2024
Stonehill College,22,6,,,,1.0,1.0,1.0,,,1.0,,,,3,,,,16,,,,,11,,,,,,,,,,,,,,,,,,5,,,,,,,,,,,,,,,,,,2024
Swansea,398,114,,,,4.0,4.0,4.0,,,3.0,,2.0,17,63,21,,,261,,,11,5.0,48,,1.0,31,4.0,22.0,,,,,2.0,,,46,3,,3,,61,18,6.0,23,7,,,,,,8.0,,,,6.0,2.0,,,2024
Taunton,"1,809",709,1.0,,,4.0,12.0,9.0,3.0,,,,11.0,255,382,44,,,"1,002",,,74,19.0,232,,3.0,66,16.0,91.0,,,,,17.0,1.0,2.0,120,43,2.0,55,19.0,178,56,8.0,98,66,,,,,,5.0,3.0,,,21.0,3.0,,,2024
U-Mass Dartmouth,126,35,,,,,1.0,1.0,,,,,,2,11,21,,,80,1.0,,3,,31,,1.0,1,,,,,,,,,,,5,,3,1.0,34,,,11,8,,,,,,1.0,,,,2.0,,,,2024
Uncategorized,,,,,,,,,,,,,,,,,,,,,,,,,,,,,,,,,,,,,,,,,,,,,,,,,,,,,,,,,,,,2024
Westport,318,106,,,,1.0,5.0,4.0,1.0,,,2.0,2.0,15,64,17,,,190,,,15,8.0,33,1.0,3.0,21,2.0,50.0,,,1.0,,,1.0,,4,4,,5,,29,12,1.0,22,15,,,1.0,,,,,,,6.0,,,,2024
Wheaton College,4,,,,,,,,,,,,,,,,,,4,,,,,1,,1.0,,1.0,,,,,,,,,,1,,,,,,,,,,,,,,,,,,,,,,2024
Aquinnah,2,1,,,,,,,,,,,,1,,,,,1,,,,,1,,,,,,,,,,,,,,,,,,,,,,,,,,,,,,,,,,,,2024
Chilmark,17,6,,,,,,,,,,,,2,4,,,,11,,,,1.0,4,,,2,,1.0,,,,,,1.0,,,,,,,2,,,,,,,,,,,,,,,,,,2024
Dukes State Police,5,3,,,,,,,,,,,,,2,1,,,,,,,,,,,,,,,,,,,,,,,,,,,,,2,2,,,,,,,,,,,,,,2024
Dukes State Police Middleboro,,,,,,,,,,,,,,,,,,,,,,,,,,,,,,,,,,,,,,,,,,,,,,,,,,,,,,,,,,,,2024
Edgartown,129,60,,,,1.0,3.0,3.0,,,,,,17,32,7,,,67,1.0,,11,1.0,15,,,4,,,,,1.0,,1.0,,,7,2,,,,19,5,,2,2,,,,,,,,,,,,,,2024
Gosnold,,,,,,,,,,,,,,,,,,,,,,,,,,,,,,,,,,,,,,,,,,,,,,,,,,,,,,,,,,,,2024
MBTA - Dukes County,,,,,,,,,,,,,,,,,,,,,,,,,,,,,,,,,,,,,,,,,,,,,,,,,,,,,,,,,,,,2024
Oak Bluffs,216,61,,,,,,,,,,,1.0,20,30,10,,,135,,,19,3.0,33,,1.0,12,1.0,,,,,,,1.0,,9,3,,,,50,3,,20,13,,,,,,4.0,,,,3.0,,,,2024
Tisbury,212,78,,,,1.0,2.0,2.0,,,,,,31,34,10,,,127,1.0,,23,4.0,21,,,11,,,,1.0,,,1.0,,,6,12,,,,45,2,,7,5,,,,,,1.0,,,,1.0,,,,2024
West Tisbury,58,23,1.0,,,,1.0,1.0,,,,,,8,8,5,,,33,,,1,1.0,8,,,11,,,,,,,,,,,3,,,,6,3,,2,2,,,,,,,,,,,,,,2024
Essex County,"21,486","7,528",12.0,,,62.0,183.0,166.0,16.0,1.0,99.0,5.0,41.0,"1,796","4,364",966,,,"12,456",21.0,1.0,704,302.0,"2,546",11.0,59.0,933,350.0,524.0,15.0,53.0,166.0,9.0,173.0,79.0,13.0,"1,584",388,2.0,969,174.0,"2,637",605,138.0,"1,502",955,15.0,,3.0,,,92.0,16.0,9.0,,404.0,8.0,,,2024
Amesbury,473,170,,,,,5.0,3.0,2.0,,2.0,,2.0,23,106,32,,,274,,1.0,7,8.0,86,,3.0,34,4.0,41.0,,,1.0,,1.0,,,11,14,,4,,50,3,6.0,29,16,,,,,,6.0,,,,7.0,,,,2024
Andover,571,130,,,,1.0,3.0,3.0,,,,,,31,65,30,,,418,,,29,16.0,52,,1.0,37,3.0,13.0,,,31.0,,1.0,,1.0,15,24,1.0,94,21.0,65,11,3.0,23,12,,,,,,2.0,,,,8.0,1.0,,,2024
Beverly,607,232,,,,,8.0,8.0,,,4.0,,2.0,62,118,38,,,342,,,19,7.0,67,2.0,,37,8.0,18.0,,6.0,6.0,1.0,2.0,2.0,,23,29,,21,1.0,67,20,6.0,33,21,3.0,,1.0,,,,,,,8.0,,,,2024
Boxford,47,4,,,,,,,,,,,,,2,2,,,43,,,,3.0,5,,,13,1.0,,2.0,1.0,5.0,,,,,,3,,3,,5,1,1.0,,,,,,,,,,,,,,,,2024
Danvers,840,198,,,,,4.0,4.0,,,5.0,,,35,118,36,,,617,2.0,,17,20.0,72,1.0,1.0,26,17.0,44.0,,5.0,,,,3.0,,266,8,,10,5.0,84,32,4.0,25,12,,,,,,2.0,,,,9.0,2.0,,,2024
Endicott College,22,4,,,,,,,,,,,,,4,,,,18,,,,,,,,,,,,2.0,1.0,,,,,,9,,,1.0,4,1,,,,,,,,,,,,,,,,,2024
Essex,75,24,,,,,1.0,1.0,,,2.0,,,10,9,2,,,45,,,1,6.0,8,,2.0,5,1.0,9.0,,,,,,,,,2,,,,8,2,1.0,6,3,,,,,,2.0,,,,1.0,,,,2024
Essex State Police,211,22,1.0,,,1.0,,,,,,,,3,16,1,,,10,,,,2.0,5,,,,,,,,,,,,,,,,1,,,2,,179,142,,,,,,1.0,,,,36.0,,,,2024
Essex State Police Framingham,,,,,,,,,,,,,,,,,,,,,,,,,,,,,,,,,,,,,,,,,,,,,,,,,,,,,,,,,,,,2024
Georgetown,86,20,,,,,1.0,1.0,,,,,1.0,2,11,5,,,64,,,2,2.0,12,,,7,,13.0,,,,,,,,1,1,,,,21,2,3.0,2,2,,,,,,,,,,,,,,2024
Gloucester,692,239,,,,,11.0,11.0,,,5.0,,2.0,73,115,33,,,388,,,31,9.0,102,1.0,,45,9.0,25.0,,3.0,,,1.0,,2.0,29,12,1.0,13,,77,12,16.0,65,53,,,,,,2.0,,,,10.0,,,,2024
Gordon College,17,3,,,,,,,,,1.0,,,,2,,,,14,,,,,,,,2,,,,,,,,,,1,1,,,,10,,,,,,,,,,,,,,,,,,2024
Groveland,15,5,,,,,1.0,1.0,,,,,,1,3,,,,10,,,,,4,,,,2.0,1.0,,,,,,,,,2,,,,1,,,,,,,,,,,,,,,,,,2024
Hamilton,85,10,,,,,1.0,1.0,,,,,,4,4,1,,,74,1.0,,,2.0,14,,8.0,10,2.0,12.0,4.0,,1.0,1.0,,,,2,5,,,,9,1,2.0,1,1,,,,,,,,,,,,,,2024
Haverhill,"2,591","1,201",,,,4.0,7.0,7.0,,,,,4.0,269,649,268,,,"1,204",6.0,,63,24.0,280,,22.0,131,67.0,,,,,,9.0,2.0,,117,26,,85,2.0,333,37,,186,126,1.0,,1.0,,,16.0,2.0,,,40.0,,,,2024
Ipswich,160,41,,,,,1.0,1.0,,,,,,18,13,9,,,114,,,6,4.0,25,,,9,3.0,30.0,,,1.0,,,1.0,,4,8,,1,,17,3,2.0,5,2,,,,,,,,,,3.0,,,,2024
Lawrence,"2,856","1,124",7.0,,,13.0,28.0,28.0,,,23.0,,3.0,314,644,92,,,"1,490",1.0,,73,35.0,356,,2.0,47,22.0,,5.0,,17.0,1.0,47.0,5.0,1.0,127,37,,341,98.0,165,67,43.0,242,124,1.0,,1.0,,,7.0,2.0,,,107.0,,,,2024
Lynn,"4,211","1,783",3.0,,,23.0,34.0,34.0,,,39.0,,6.0,506,"1,073",99,,,"2,097",6.0,,216,25.0,456,,6.0,111,91.0,6.0,1.0,1.0,,,79.0,48.0,,142,69,,104,3.0,533,200,,331,211,1.0,,,,,14.0,11.0,9.0,,85.0,,,,2024
Lynnfield,247,40,,,,,,,,,1.0,,2.0,10,15,12,,,206,,,7,3.0,31,,2.0,14,4.0,33.0,,,1.0,,3.0,9.0,1.0,12,16,,8,,56,6,,1,,,,,,,1.0,,,,,,,,2024
Manchester-by-the-sea,72,11,,,,1.0,,,,,,,,1,8,1,,,57,,,1,5.0,12,,,12,,11.0,,3.0,,1.0,,,,2,3,,2,,5,,,4,1,,,,,,,,,,3.0,,,,2024
Marblehead,325,82,,,,3.0,7.0,,7.0,,,,1.0,22,36,13,,,233,,,14,9.0,60,1.0,,27,7.0,1.0,,1.0,1.0,,1.0,,,8,13,,12,,69,7,2.0,10,2,1.0,,,,,4.0,,,,3.0,,,,2024
MBTA - Essex County,,,,,,,,,,,,,,,,,,,,,,,,,,,,,,,,,,,,,,,,,,,,,,,,,,,,,,,,,,,,2024
Merrimac,60,11,,,,,,,,,,,,1,8,2,,,47,,,2,1.0,7,,,6,1.0,12.0,,1.0,4.0,,,,,,,,1,,11,1,,2,1,,,,,,,,,,1.0,,,,2024
Merrimack College,46,13,,,,,3.0,3.0,,,,,,3,6,1,,,33,,,1,4.0,12,,1.0,,,2.0,,,,1.0,,,,,3,,,,9,,,,,,,,,,,,,,,,,,2024
Methuen,"1,158",453,,,,4.0,8.0,8.0,,,4.0,2.0,1.0,91,295,48,,,629,,,19,6.0,156,2.0,2.0,2,1.0,,,,15.0,,,,3.0,213,26,,61,20.0,64,38,1.0,76,54,,,,,,6.0,,,,11.0,5.0,,,2024
Middleton,111,31,,,,1.0,2.0,1.0,1.0,,,1.0,,7,18,2,,,77,,,5,7.0,8,,,8,3.0,12.0,,,,1.0,,,,3,1,,2,1.0,17,6,3.0,3,,,,,,,1.0,1.0,,,1.0,,,,2024
Nahant,38,16,,,,,1.0,1.0,,,,,,8,3,4,,,22,,,1,,3,,,7,1.0,1.0,,,,,,,,,2,,3,,3,,1.0,,,,,,,,,,,,,,,,2024
Newbury,120,29,,,,1.0,,,,,3.0,1.0,1.0,7,9,7,,,81,,,2,,14,,2.0,16,2.0,15.0,,1.0,,,,,,,1,,,,24,3,1.0,10,4,,,,,,3.0,,,,3.0,,,,2024
Newburyport,266,71,,,,,4.0,4.0,,,,,3.0,5,34,25,,,189,,,4,7.0,39,,2.0,29,1.0,31.0,,,,,,,,19,7,,4,1.0,36,5,4.0,6,2,,,,,,2.0,,,,2.0,,,,2024
North Andover,443,86,1.0,,,,12.0,11.0,1.0,,,,2.0,28,30,13,,,338,1.0,,21,21.0,32,1.0,1.0,39,4.0,39.0,,,1.0,,4.0,,2.0,43,21,,29,4.0,57,12,6.0,19,9,,,,,,6.0,,,,4.0,,,,2024
North Shore CC,,,,,,,,,,,,,,,,,,,,,,,,,,,,,,,,,,,,,,,,,,,,,,,,,,,,,,,,,,,,2024
North Shore CC,12,1,,,,,,,,,,,,,,1,,,10,,,,,5,,,,,,,,,,,,,,2,,,,3,,,1,,,,,,,,,,,1.0,,,,2024
North Shore Community College,,,,,,,,,,,,,,,,,,,,,,,,,,,,,,,,,,,,,,,,,,,,,,,,,,,,,,,,,,,,2024
Northern Essex Community College,,,,,,,,,,,,,,,,,,,,,,,,,,,,,,,,,,,,,,,,,,,,,,,,,,,,,,,,,,,,2024
Peabody,"1,324",448,,,,3.0,14.0,13.0,1.0,,,,7.0,121,250,53,,,801,2.0,,45,11.0,162,1.0,,71,6.0,55.0,,,,,5.0,3.0,3.0,107,19,,48,,216,34,13.0,75,52,1.0,,,,,5.0,,,,17.0,,,,2024
Rockport,43,21,,,,,,,,,3.0,,,3,12,3,,,21,,,2,,9,,,,1.0,1.0,,,,,,,,,,,1,,5,2,,1,,,,,,,1.0,,,,,,,,2024
Rowley,5,2,,,,,,,,,,,1.0,,,1,,,3,,,,,1,,,,,1.0,,,,,,,,,,,,,,,1.0,,,,,,,,,,,,,,,,2024
Salem,"1,995",670,,,,2.0,6.0,5.0,,1.0,2.0,,,51,515,94,,,"1,233",,,49,4.0,258,,,86,31.0,,3.0,28.0,79.0,1.0,16.0,,,205,5,,77,15.0,324,50,2.0,92,68,6.0,,,,,4.0,,,,14.0,,,,2024
Salem State College,,,,,,,,,,,,,,,,,,,,,,,,,,,,,,,,,,,,,,,,,,,,,,,,,,,,,,,,,,,,2024
Salem State University,29,4,,,,,2.0,2.0,,,,,,,1,1,,,22,,,3,,11,1.0,1.0,,,,,,,1.0,,,,,2,,,,3,,,3,,,,,,,,,,,3.0,,,,2024
Salisbury,232,83,,,,1.0,6.0,5.0,1.0,,1.0,,,11,53,11,,,130,,,13,2.0,39,,1.0,14,2.0,14.0,,1.0,,,,,,5,,,2,,26,7,4.0,19,12,,,,,,2.0,,,,5.0,,,,2024
Saugus,832,153,,,,3.0,9.0,8.0,1.0,,2.0,,2.0,62,61,14,,,653,1.0,,28,7.0,84,1.0,1.0,55,11.0,62.0,,,,,3.0,1.0,,213,8,,35,2.0,99,31,11.0,26,13,1.0,,,,,3.0,,,,9.0,,,,2024
Swampscott,395,57,,,,1.0,1.0,1.0,,,1.0,,,12,39,3,,,329,1.0,,20,44.0,46,,,13,43.0,,,,,,1.0,5.0,,15,6,,4,,123,8,,9,4,,,,,,,,,,5.0,,,,2024
Topsfield,54,12,,,,,,,,,1.0,,1.0,,10,,,,37,,,2,1.0,5,,,7,,6.0,,,1.0,,,,,,,,3,,12,,,5,2,,,,,,1.0,,,,2.0,,,,2024
Wenham,60,15,,,,,3.0,1.0,2.0,,,,,2,4,6,,,41,,,1,5.0,5,,,9,1.0,6.0,,,,,,,,1,2,,,,10,,1.0,4,2,,,,,,1.0,,,,1.0,,,,2024
West Newbury,60,9,,,,,,,,,,1.0,,,5,3,,,42,,,,2.0,3,,1.0,4,1.0,10.0,,,1.0,1.0,,,,,1,,,,16,1,1.0,9,4,,,,,,,,,,5.0,,,,2024
Ashfield,10,4,,,,,1.0,1.0,,,,,,,2,1,,,6,,,,,,,,2,,2.0,,,,,,,,,,,,,1,,1.0,,,,,,,,,,,,,,,,2024
Bernardston,55,14,,,,,,,,,,,1.0,3,5,5,,,28,,,1,2.0,11,,,2,1.0,1.0,,1.0,,,,,,,,,,,4,5,,13,7,,,,,,,,,,6.0,,,,2024
Buckland,,,,,,,,,,,,,,,,,,,,,,,,,,,,,,,,,,,,,,,,,,,,,,,,,,,,,,,,,,,,2024
Charlemont,,,,,,,,,,,,,,,,,,,,,,,,,,,,,,,,,,,,,,,,,,,,,,,,,,,,,,,,,,,,2024
Colrain,,,,,,,,,,,,,,,,,,,,,,,,,,,,,,,,,,,,,,,,,,,,,,,,,,,,,,,,,,,,2024
Conway,,,,,,,,,,,,,,,,,,,,,,,,,,,,,,,,,,,,,,,,,,,,,,,,,,,,,,,,,,,,2024
Deerfield,126,35,,,,,2.0,2.0,,,,,1.0,14,14,4,,,75,,,4,3.0,29,,,8,1.0,5.0,,1.0,,,,,,4,1,,3,,14,,2.0,16,8,,,,,,3.0,,,,5.0,,,,2024
Erving,21,4,,,,,,,,,,,,2,2,,,,12,,,,1.0,3,,,1,,,,,,,,,,,,,,1.0,5,,1.0,5,4,,,,,,,1.0,,,,,,,2024
Franklin State Police,159,41,,,,1.0,,,,,1.0,,,4,34,1,,,5,,,1,,3,,,,,,,,,,,,,,,,1,,,,,113,107,,,,,,,,,,5.0,1.0,,,2024
Franklin State Police Holden,,,,,,,,,,,,,,,,,,,,,,,,,,,,,,,,,,,,,,,,,,,,,,,,,,,,,,,,,,,,2024
Franklin State Police Northampton,,,,,,,,,,,,,,,,,,,,,,,,,,,,,,,,,,,,,,,,,,,,,,,,,,,,,,,,,,,,2024
Gill,36,8,,,,,,,,,,,1.0,6,1,,,,27,,,2,,6,,1.0,4,,2.0,,,,,4.0,,,1,1,,2,,1,3,,1,1,,,,,,,,,,,,,,2024
Greenfield,"1,041",321,1.0,,,5.0,25.0,21.0,4.0,,7.0,2.0,9.0,84,164,24,,,628,1.0,,103,8.0,151,2.0,2.0,42,4.0,28.0,,,,,11.0,4.0,2.0,63,35,,4,,133,21,14.0,92,74,1.0,,,,,4.0,,,,13.0,,,,2024
Greenfield CC,,,,,,,,,,,,,,,,,,,,,,,,,,,,,,,,,,,,,,,,,,,,,,,,,,,,,,,,,,,,2024
Hawley,,,,,,,,,,,,,,,,,,,,,,,,,,,,,,,,,,,,,,,,,,,,,,,,,,,,,,,,,,,,2024
Heath,,,,,,,,,,,,,,,,,,,,,,,,,,,,,,,,,,,,,,,,,,,,,,,,,,,,,,,,,,,,2024
Leverett,24,5,,,,,,,,,,,,2,3,,,,18,,,1,,5,,1.0,2,,7.0,,,,,,,,,,,,,2,,,1,,,,,,,,,,,1.0,,,,2024
Leyden,,,,,,,,,,,,,,,,,,,,,,,,,,,,,,,,,,,,,,,,,,,,,,,,,,,,,,,,,,,,2024
MBTA - Franklin County,,,,,,,,,,,,,,,,,,,,,,,,,,,,,,,,,,,,,,,,,,,,,,,,,,,,,,,,,,,,2024
Monroe,,,,,,,,,,,,,,,,,,,,,,,,,,,,,,,,,,,,,,,,,,,,,,,,,,,,,,,,,,,,2024
Montague,206,65,,,,,1.0,1.0,,,,,,31,27,6,,,118,1.0,,16,3.0,40,1.0,,6,,4.0,,,,,4.0,2.0,,10,4,,1,,19,4,3.0,23,17,,,,,,,,,,6.0,,,,2024
New Salem,,,,,,,,,,,,,,,,,,,,,,,,,,,,,,,,,,,,,,,,,,,,,,,,,,,,,,,,,,,,2024
Northfield,35,8,,,,,1.0,1.0,,,,,,1,5,1,,,20,,,3,,4,,1.0,4,,1.0,,2.0,,,,,,,,,,,5,,,7,3,,,,,,,,,,3.0,1.0,,,2024
Orange,239,83,,,,,5.0,5.0,,,,,6.0,17,42,13,,,117,,,6,,24,,,12,3.0,3.0,,,,,1.0,,,37,3,,4,,17,5,2.0,39,31,,,,,,3.0,,,,5.0,,,,2024
Rowe,3,1,,,,,,,,,,,,,1,,,,2,,,1,,,,,,1.0,,,,,,,,,,,,,,,,,,,,,,,,,,,,,,,,2024
Shelburne,49,10,,,,,,,,,,,,1,5,4,,,35,,,1,2.0,8,,,7,,3.0,,,,,,,,4,2,,2,,3,1,2.0,4,2,,,,,,1.0,,,,1.0,,,,2024
Shutesbury,7,3,,,,,1.0,1.0,,,,,,,2,,,,4,,,,,,,,1,,,,,,,,,,,,,2,,1,,,,,,,,,,,,,,,,,,2024
Sunderland,49,21,,,,,2.0,2.0,,,,,,5,9,5,,,25,,,3,,4,,,3,,6.0,,,1.0,1.0,,,,,1,,,,5,1,,3,1,,,,,,,,,,1.0,1.0,,,2024
Warwick,1,1,,,,,,,,,,,,1,,,,,,,,,,,,,,,,,,,,,,,,,,,,,,,,,,,,,,,,,,,,,,2024
Wendell,,,,,,,,,,,,,,,,,,,,,,,,,,,,,,,,,,,,,,,,,,,,,,,,,,,,,,,,,,,,2024
Whately,14,4,,,,1.0,,,,,,,,1,2,,,,7,,,,1.0,1,,,,,1.0,,,1.0,,,,,,,,1,,2,,,3,,,,,,,1.0,1.0,,,1.0,,,,2024
Agawam,942,287,,,,,8.0,6.0,2.0,,5.0,,5.0,75,143,51,,,618,2.0,,79,18.0,117,,4.0,54,8.0,75.0,1.0,1.0,1.0,,,,,33,11,,1,4.0,157,45,7.0,37,20,,,,,,9.0,,,,8.0,,,,2024
Blandford,,,,,,,,,,,,,,,,,,,,,,,,,,,,,,,,,,,,,,,,,,,,,,,,,,,,,,,,,,,,2024
Brimfield,39,11,,,,,4.0,1.0,3.0,,1.0,,,,3,3,,,27,,,2,,1,1.0,,3,1.0,2.0,,1.0,5.0,,,,,,2,,1,,6,2,,1,1,,,,,,,,,,,,,,2024
Chester,,,,,,,,,,,,,,,,,,,,,,,,,,,,,,,,,,,,,,,,,,,,,,,,,,,,,,,,,,,,2024
Chicopee,"3,075","1,054",5.0,,,6.0,47.0,32.0,13.0,2.0,17.0,1.0,19.0,228,507,224,,,"1,801",3.0,13.0,123,31.0,358,7.0,10.0,79,14.0,179.0,,2.0,18.0,2.0,26.0,7.0,1.0,216,42,,108,22.0,366,121,53.0,220,145,2.0,,,,,19.0,,,,52.0,2.0,,,2024
East Longmeadow,529,102,,,,1.0,6.0,4.0,2.0,,,,2.0,28,44,21,,,415,,,23,18.0,36,,1.0,37,3.0,53.0,,,,,1.0,3.0,1.0,129,8,,23,,59,18,2.0,12,5,,,,,,4.0,,,,3.0,,,,2024
Granville,20,4,,,,,,,,,,,,,3,1,,,15,,,1,1.0,2,,,3,,3.0,,1.0,1.0,,,,,,,,,,2,1,,1,,,,,,,,,,,1.0,,,,2024
Hampden,42,14,,,,,,,,,,,,3,8,3,,,28,,,3,,7,,,6,1.0,4.0,,,,,,,,,1,,1,,4,1,,,,,,,,,,,,,,,,,2024
Hampden State Police,500,111,,1.0,,2.0,,,,,1.0,,,11,91,5,,,16,,,1,,6,,,,,1.0,,,,,,,,2,1,,1,,,4,,373,315,1.0,,,,,,,,,57.0,,,,2024
Hampden State Police Northampton,,,,,,,,,,,,,,,,,,,,,,,,,,,,,,,,,,,,,,,,,,,,,,,,,,,,,,,,,,,,2024
Hampden State Police Weston,,,,,,,,,,,,,,,,,,,,,,,,,,,,,,,,,,,,,,,,,,,,,,,,,,,,,,,,,,,,2024
Holland,23,5,,,,,,,,,,,,3,1,1,,,17,,,1,,2,5.0,,,,2.0,,,,,,,,,1,,1,,1,4,,1,1,,,,,,,,,,,,,,2024
Holyoke,"5,388","1,691",3.0,,,22.0,31.0,28.0,2.0,1.0,23.0,3.0,10.0,348,907,344,,,"3,074",7.0,,209,12.0,786,3.0,3.0,200,131.0,26.0,,,1.0,,57.0,18.0,5.0,613,39,,156,3.0,613,167,25.0,623,396,,,,,,13.0,18.0,,,194.0,2.0,,,2024
Holyoke Community College,,,,,,,,,,,,,,,,,,,,,,,,,,,,,,,,,,,,,,,,,,,,,,,,,,,,,,,,,,,,2024
Longmeadow,270,38,,,,,2.0,1.0,1.0,,,,1.0,13,13,9,,,221,,,15,10.0,26,,4.0,20,1.0,49.0,,,9.0,,,,,7,6,,9,2.0,53,7,3.0,11,7,,,,,,1.0,,,,3.0,,,,2024
Ludlow,516,145,,,,1.0,3.0,3.0,,,4.0,,,34,73,30,,,320,1.0,,15,5.0,69,1.0,3.0,34,5.0,54.0,,,,,,1.0,,35,5,,12,,49,21,10.0,51,35,2.0,,,,,5.0,,,,9.0,,,,2024
MBTA - Hampden County,,,,,,,,,,,,,,,,,,,,,,,,,,,,,,,,,,,,,,,,,,,,,,,,,,,,,,,,,,,,2024
Monson,191,61,,,,1.0,,,,,,,3.0,33,19,5,,,108,,,13,2.0,25,,2.0,13,1.0,20.0,,,1.0,,,1.0,,2,2,,5,1.0,16,4,,22,19,,,,,,1.0,,,,1.0,1.0,,,2024
Montgomery,3,,,,,,,,,,,,,,,,,,3,,,,,,,,1,,2.0,,,,,,,,,,,,,,,,,,,,,,,,,,,,,,,2024
Palmer,529,238,,,,3.0,4.0,4.0,,,7.0,,1.0,43,152,28,,,210,4.0,,15,8.0,62,1.0,1.0,19,4.0,32.0,,1.0,,,,,,8,1,,3,1.0,36,11,3.0,81,53,,,,,,5.0,,,,22.0,1.0,,,2024
Russell,15,5,,,,,,,,,,,,3,2,,,,9,1.0,,2,1.0,1,,,,,1.0,,1.0,,,,,,,,,,,2,,,1,,,,,,,,,,,1.0,,,,2024
Southwick,171,62,,,,,,,,,,1.0,1.0,6,42,12,,,108,,,6,2.0,32,,2.0,13,1.0,17.0,,,,,1.0,,,1,,,3,,25,4,1.0,1,1,,,,,,,,,,,,,,2024
Springfield,"14,298","5,073",17.0,2.0,,84.0,73.0,43.0,25.0,5.0,77.0,,3.0,980,"2,580","1,256",,1.0,"7,834",45.0,,458,98.0,"1,762",27.0,14.0,161,345.0,231.0,12.0,111.0,78.0,2.0,328.0,14.0,29.0,637,553,2.0,955,333.0,495,"1,056",88.0,"1,391",395,1.0,4.0,3.0,3.0,,44.0,10.0,,17.0,888.0,26.0,,,2024
Springfield College,35,1,,,,,,,,,,,,,1,,,,33,,,3,,16,,,,,,,,,,,,,,,,5,,,8,1.0,1,,1.0,,,,,,,,,,,,,2024
Springfield Technical Community College,11,4,,,,,,,,,,,,,2,2,,,7,,,,,1,,,,,,,,,,,,,,,,,1.0,5,,,,,,,,,,,,,,,,,,2024
Tolland,2,,,,,,,,,,,,,,,,,,2,,,,,,,,1,,,,,,,,,,,,,,,1,,,,,,,,,,,,,,,,,,2024
Wales,17,5,,,,,,,,,,,,,,5,,,12,,,1,,2,2.0,,4,,1.0,,,,,,,,,,,,,,2,,,,,,,,,,,,,,,,,2024
West Springfield,"1,970",419,,,,2.0,16.0,10.0,6.0,,4.0,,12.0,93,230,62,,,"1,405",2.0,,77,19.0,209,1.0,3.0,81,9.0,70.0,,,,,14.0,12.0,9.0,446,25,,52,,251,90,35.0,146,108,,,,,,5.0,8.0,1.0,,23.0,1.0,,,2024
Western New England Coll,27,5,,,,,1.0,1.0,,,,,,,1,3,,,22,,,1,1.0,4,,2.0,1,,,,3.0,1.0,,,,,,1,,,,8,,,,,,,,,,,,,,,,,,2024
Western New England University,,,,,,,,,,,,,,,,,,,,,,,,,,,,,,,,,,,,,,,,,,,,,,,,,,,,,,,,,,,,2024
Westfield,952,245,,,,1.0,10.0,10.0,,,8.0,,5.0,67,122,31,,1.0,650,4.0,,34,12.0,113,1.0,,65,12.0,59.0,,1.0,1.0,,4.0,2.0,,56,138,,39,5.0,55,41,8.0,57,30,,,,,,11.0,,1.0,,12.0,3.0,,,2024
Westfield State College,44,16,,,,,2.0,2.0,,,,,,,14,,,,25,,,2,,8,,2.0,,,,,,,,,,,,4,,,,8,,1.0,3,3,,,,,,,,,,,,,,2024
Wilbraham,460,138,2.0,,,,2.0,2.0,,,5.0,2.0,3.0,19,58,47,,,300,2.0,,13,4.0,37,1.0,2.0,22,9.0,43.0,,1.0,3.0,,1.0,,,54,2,,22,2.0,63,15,4.0,22,14,,,1.0,,,1.0,,,,4.0,2.0,,,2024
Amherst,474,192,,,,,33.0,33.0,,,8.0,,2.0,38,93,18,,,261,6.0,,17,4.0,52,1.0,2.0,28,6.0,10.0,,,,,3.0,,,19,5,,10,,92,4,2.0,21,12,,,,,,6.0,,,,3.0,,,,2024
Amherst College,55,6,,,,,2.0,2.0,,,1.0,,,2,1,,,,48,,,,,26,1.0,,,,,,,,,1.0,,,,9,1.0,,,9,1,,1,1,,,,,,,,,,,,,,2024
Belchertown,270,81,,,,,3.0,3.0,,,1.0,,,26,38,13,,,170,,,10,2.0,25,,1.0,10,4.0,40.0,,,,,3.0,,1.0,11,4,,4,,42,12,1.0,19,7,,,,,,3.0,,,,9.0,,,,2024
Chesterfield,6,1,,,,,,,,,,,,,,1,,,4,,,,,1,,,1,,,,,,,,,,,,,,,2,,,1,,,,,,,,,,,1.0,,,,2024
Cummington,,,,,,,,,,,,,,,,,,,,,,,,,,,,,,,,,,,,,,,,,,,,,,,,,,,,,,,,,,,,2024
Easthampton,287,92,,,,,7.0,5.0,2.0,,1.0,,4.0,26,48,6,,,181,,,17,5.0,44,,,22,1.0,30.0,,,1.0,,,2.0,1.0,7,11,,1,,34,3,2.0,14,9,,,,,,4.0,,,,1.0,,,,2024
Goshen,,,,,,,,,,,,,,,,,,,,,,,,,,,,,,,,,,,,,,,,,,,,,,,,,,,,,,,,,,,,2024
Granby,65,18,,,,,2.0,2.0,,,,2.0,,1,9,4,,,45,,,1,1.0,10,,,7,1.0,7.0,,,,,,1.0,,,1,,2,,11,2,1.0,2,1,,,,,,,,,,1.0,,,,2024
Hadley,371,56,,,,,6.0,3.0,3.0,,5.0,,,18,16,10,,1.0,307,,,7,9.0,50,,,20,8.0,16.0,,,1.0,,,1.0,,103,1,,2,2.0,73,5,9.0,8,5,,,,,,,,,,3.0,,,,2024
Hampshire College,,,,,,,,,,,,,,,,,,,,,,,,,,,,,,,,,,,,,,,,,,,,,,,,,,,,,,,,,,,,2024
Hampshire College,,,,,,,,,,,,,,,,,,,,,,,,,,,,,,,,,,,,,,,,,,,,,,,,,,,,,,,,,,,,2024
Hampshire State Police,82,32,,,,,,,,,,,,2,29,1,,,7,,,1,,3,,,,,,,,,,,,,1,,,,,,1,1.0,43,33,,,,,,,,,,10.0,,,,2024
Hampshire State Police Northampton,,,,,,,,,,,,,,,,,,,,,,,,,,,,,,,,,,,,,,,,,,,,,,,,,,,,,,,,,,,,2024
Hatfield,30,6,,,,,,,,,,,,2,2,2,,,22,,,,,7,,,5,,6.0,,,,,,1.0,,,1,,,,2,,,2,,,,,,,1.0,,,,1.0,,,,2024
Huntington,,,,,,,,,,,,,,,,,,,,,,,,,,,,,,,,,,,,,,,,,,,,,,,,,,,,,,,,,,,,2024
MBTA - Hampshire County,,,,,,,,,,,,,,,,,,,,,,,,,,,,,,,,,,,,,,,,,,,,,,,,,,,,,,,,,,,,2024
Middlefield,,,,,,,,,,,,,,,,,,,,,,,,,,,,,,,,,,,,,,,,,,,,,,,,,,,,,,,,,,,,2024
Mt. Holyoke College,,,,,,,,,,,,,,,,,,,,,,,,,,,,,,,,,,,,,,,,,,,,,,,,,,,,,,,,,,,,2024
Mt. Holyoke College,35,1,,,,,,,,,,,,,,1,,,34,,,,,12,1.0,,1,,1.0,,1.0,,,,,,,11,,,,7,,,,,,,,,,,,,,,,,,2024
Northampton,"1,167",358,1.0,,,4.0,19.0,17.0,1.0,1.0,8.0,,3.0,110,189,23,,1.0,732,1.0,,49,16.0,155,1.0,1.0,87,7.0,54.0,1.0,,3.0,,4.0,1.0,1.0,91,81,,25,5.0,130,13,6.0,77,51,,,,,,12.0,1.0,1.0,,11.0,1.0,,,2024
Pelham,9,2,,,,,,,,,,,,1,1,,,,2,,,,1.0,,,,,,1.0,,,,,,,,,,,,,,,,5,4,1.0,,,,,,,,,,,,,2024
Plainfield,,,,,,,,,,,,,,,,,,,,,,,,,,,,,,,,,,,,,,,,,,,,,,,,,,,,,,,,,,,,2024
Smith College,8,1,,,,,1.0,1.0,,,,,,,,,,,7,,,,,1,,,,,,,,,,,,,,4,,,,2,,,,,,,,,,,,,,,,,,2024
Smith College,,,,,,,,,,,,,,,,,,,,,,,,,,,,,,,,,,,,,,,,,,,,,,,,,,,,,,,,,,,,2024
South Hadley,467,157,,,,2.0,1.0,1.0,,,1.0,3.0,3.0,34,87,26,,,254,2.0,,21,7.0,45,1.0,,23,5.0,22.0,,,,,1.0,2.0,1.0,12,6,,20,6.0,63,11,6.0,56,35,,,,,,7.0,,,,14.0,,,,2024
Southampton,80,12,,,,,,,,,,,,2,4,6,,,62,,,2,,7,,2.0,5,,22.0,1.0,,3.0,2.0,,,,4,1,,3,,9,1,,6,2,,,,,,4.0,,,,,,,,2024
U-Mass Amherst,410,63,,,,,10.0,7.0,3.0,,2.0,,,5,35,11,,,344,2.0,,19,3.0,118,,4.0,19,,3.0,,,,,2.0,,,,15,,5,,148,4,2.0,3,2,,,,,,1.0,,,,,,,,2024
Ware,217,112,,,,,3.0,3.0,,,1.0,,5.0,67,19,17,,,76,,,5,3.0,30,,1.0,2,,2.0,,,,,,,,8,3,,,,18,3,1.0,29,17,,,,,,5.0,,,,7.0,,,,2024
Westhampton,9,1,,,,,,,,,,,,,1,,,,8,,,,,2,,,1,,,,,,,,,,,2,,1,,2,,,,,,,,,,,,,,,,,,2024
Williamsburg,53,5,,,,,,,,,,,,3,2,,,,40,,,2,,9,,,7,1.0,5.0,,,1.0,,1.0,,,,3,,,,10,,1.0,8,6,,,,,,1.0,,,,1.0,,,,2024
Worthington,5,2,,,,,,,,,,,1.0,,,1,,,2,,,,,2,,,,,,,,,,,,,,,,,,,,,1,1,,,,,,,,,,,,,,2024
Acton,246,66,1.0,,,,3.0,2.0,,1.0,,,,12,39,11,,,175,,,20,3.0,23,,1.0,24,4.0,23.0,,,,,,,,1,13,,6,2.0,47,4,4.0,5,2,,,,,,2.0,,,,1.0,,,,2024
Arlington,578,131,,,,,5.0,5.0,,,3.0,,,21,61,41,,,431,,,28,20.0,56,,6.0,69,8.0,62.0,,,,,,1.0,,20,8,,23,7.0,102,18,3.0,16,9,,,,,,2.0,,,,5.0,,,,2024
Ashby,39,8,,,,,,,,,,,,2,3,3,,,26,,,1,1.0,4,,,5,1.0,8.0,,,1.0,,,,,,1,,,,2,1,1.0,5,1,,,,,,1.0,,,,2.0,1.0,,,2024
Ashland,251,54,,,,,2.0,2.0,,,,,,15,17,19,1.0,,189,1.0,,9,2.0,41,1.0,,23,2.0,21.0,,,2.0,,1.0,,1.0,10,6,,9,,19,34,7.0,8,4,,,,,,2.0,,,,2.0,,,,2024
Ayer,201,96,,,,,3.0,3.0,,,3.0,,1.0,24,47,18,,,94,,,7,1.0,17,1.0,2.0,15,3.0,19.0,,1.0,,,,,,2,,,,,18,5,3.0,11,4,,,,,,7.0,,,,,,,,2024
Bedford,126,17,2.0,,,,,,,,1.0,,,,1,13,,,107,,,6,6.0,10,,,11,5.0,9.0,,1.0,,,,,,5,,,9,,41,4,,2,1,,,,,,,,,,1.0,,,,2024
Belmont,455,67,,,,,8.0,8.0,,,,,,5,40,14,,,385,,,42,33.0,35,,4.0,41,,75.0,,,3.0,,2.0,1.0,,7,6,,,,125,11,,3,,,,,,,1.0,,,,2.0,,,,2024
Bentley College,37,7,,,,,,,,,,,,,5,2,,,30,,,1,,9,,,3,,,,,,,,,,1,6,1.0,,,9,,,,,,,,,,,,,,,,,,2024
Billerica,889,239,,,,,9.0,9.0,,,4.0,,2.0,31,134,59,,,587,1.0,,16,15.0,102,1.0,8.0,59,39.0,4.0,,65.0,99.0,7.0,3.0,,,20,43,,18,11.0,49,25,2.0,63,32,11.0,,,,,7.0,,,,8.0,5.0,,,2024
Boston and Maine Railroad Police Dept,,,,,,,,,,,,,,,,,,,,,,,,,,,,,,,,,,,,,,,,,,,,,,,,,,,,,,,,,,,,2024
Boston College,100,22,,,,,2.0,2.0,,,,,,4,13,3,,,78,1.0,,1,,4,,,3,,,,,2.0,,1.0,,,1,22,,,,43,,,,,,,,,,,,,,,,,,2024
Boston College(Old ORI pre-2011),,,,,,,,,,,,,,,,,,,,,,,,,,,,,,,,,,,,,,,,,,,,,,,,,,,,,,,,,,,,2024
Boxborough,66,17,,,,,1.0,,1.0,,,1.0,,8,3,4,,,48,,,1,1.0,9,,,11,2.0,8.0,,,,,,,,,8,,,,7,,1.0,1,,,,,,,1.0,,,,,,,,2024
Brandeis University,77,9,,,,,,,,,,,,,8,1,,,66,1.0,1.0,1,,33,,,16,,,,,,,,,,,7,,1,,6,,,2,1,1.0,,,,,,,,,,,,,2024
Brandeis University,,,,,,,,,,,,,,,,,,,,,,,,,,,,,,,,,,,,,,,,,,,,,,,,,,,,,,,,,,,,2024
Burlington,853,171,,,,2.0,6.0,2.0,4.0,,8.0,,,51,66,36,2.0,,657,,,26,14.0,50,1.0,3.0,44,14.0,29.0,,,3.0,,4.0,10.0,1.0,221,19,,18,,177,13,10.0,25,13,,,1.0,,,4.0,2.0,1.0,,3.0,1.0,,,2024
Cambridge,"6,444","1,598",,,,17.0,41.0,39.0,1.0,1.0,32.0,,2.0,379,637,490,,,"4,655",15.0,,291,56.0,484,2.0,52.0,287,32.0,3.0,,,291.0,,111.0,81.0,1.0,"1,070",454,,277,29.0,952,106,61.0,191,113,,,,,,10.0,6.0,1.0,,61.0,,,,2024
Carlisle,77,9,,,,,,,,,,,1.0,3,3,1,1.0,,68,1.0,,,3.0,18,,1.0,4,,23.0,,2.0,,,,,,,1,,1,,14,,,,,,,,,,,,,,,,,,2024
Chelmsford,876,129,,,,,6.0,6.0,,,4.0,,,38,57,24,,,720,,,14,,90,2.0,8.0,19,28.0,19.0,,53.0,103.0,3.0,1.0,1.0,,238,4,1.0,31,3.0,84,13,5.0,27,18,2.0,,,,,1.0,,,,5.0,1.0,,,2024
Concord,303,42,,,,,3.0,3.0,,,1.0,,2.0,5,15,16,,,256,,,9,7.0,35,2.0,8.0,30,2.0,57.0,,1.0,5.0,,1.0,,,12,12,,6,,60,4,5.0,5,3,,,,,,1.0,,,,1.0,,,,2024
Dracut,611,161,,,,,5.0,5.0,,,7.0,,1.0,43,81,24,,,420,1.0,,38,14.0,72,1.0,4.0,28,5.0,64.0,,,2.0,1.0,1.0,,,59,1,,26,3.0,79,15,6.0,30,11,,,,,,5.0,,,,14.0,,,,2024
Dunstable,45,11,,,,,,,,,,1.0,,6,,4,,,33,,,2,1.0,11,,,3,,3.0,,,,,,,,,,,2,,5,4,2.0,1,1,,,,,,,,,,,,,,2024
Everett,"1,665",444,,,,2.0,24.0,22.0,,2.0,11.0,,,145,145,117,,,"1,113",3.0,,62,8.0,213,,2.0,51,33.0,5.0,1.0,16.0,60.0,,11.0,1.0,1.0,203,38,,73,9.0,229,77,17.0,108,63,17.0,,,,,9.0,,,,17.0,2.0,,,2024
Framingham,"1,795",474,,,,2.0,7.0,7.0,,,15.0,,,217,220,13,,,"1,194",2.0,,281,24.0,279,,,15,20.0,2.0,,,,,20.0,15.0,,120,,,12,,302,85,17.0,127,97,,,,,,5.0,1.0,,,24.0,,,,2024
Framingham SC,,,,,,,,,,,,,,,,,,,,,,,,,,,,,,,,,,,,,,,,,,,,,,,,,,,,,,,,,,,,2024
Framingham State University,28,6,,,,,,,,,,,,1,2,3,,,21,,,,,12,,,,,,,,,,,,,,,,1,,8,,,1,,,,,,,1.0,,,,,,,,2024
Groton,86,15,,,,,1.0,1.0,,,,,1.0,4,8,1,,,69,1.0,,7,,18,,,10,,15.0,,,,,,,,1,2,,,,11,2,2.0,2,,,,,,,2.0,,,,,,,,2024
Harvard University,653,55,,,,,2.0,2.0,,,1.0,,,8,43,1,,,598,,,27,1.0,5,,1.0,,,1.0,,,,,2.0,4.0,,5,231,,7,,139,172,3.0,,,,,,,,,,,,,,,,2024
Holliston,104,32,,,,4.0,2.0,1.0,1.0,,,,,3,19,4,,,67,1.0,,6,,12,,,10,2.0,8.0,,1.0,1.0,,,,,1,1,,2,,17,4,1.0,5,3,,,,,,1.0,,,,1.0,,,,2024
Hopkinton,170,46,1.0,,,1.0,,,,,,,1.0,15,21,7,,,118,,,8,5.0,22,,1.0,10,2.0,23.0,,,,,1.0,,,4,6,,10,2.0,22,1,1.0,6,3,,,,,,1.0,,,,2.0,,,,2024
Hudson,380,88,,,,2.0,1.0,1.0,,,3.0,,1.0,31,33,17,,,253,1.0,,15,10.0,52,1.0,3.0,25,7.0,16.0,,1.0,2.0,,,,1.0,43,3,,7,1.0,37,13,15.0,39,33,,,,,,3.0,,,,3.0,,,,2024
Lasell College,5,3,,,,,,,,,1.0,,,,2,,,,2,,,,,,,,,,,,,1.0,,,,,,,,,,1,,,,,,,,,,,,,,,,,,2024
Lexington,352,59,,,,,3.0,3.0,,,1.0,,,17,29,9,,,284,1.0,,20,39.0,31,,2.0,53,14.0,4.0,,,14.0,,1.0,,,5,,,15,1.0,78,3,3.0,9,5,,,,,,,,,,4.0,,,,2024
Lincoln,72,9,,,,,,,,,2.0,,,,6,1,,,62,,,1,4.0,8,,,11,6.0,,,4.0,13.0,,,,,1,1,,1,,11,1,,1,,,,,,,,,,,,1.0,,,2024
Littleton,123,21,,,,,2.0,1.0,1.0,,9.0,,,2,6,2,,,96,,,2,6.0,16,,,11,1.0,8.0,,1.0,4.0,,2.0,,,1,3,,3,,35,2,1.0,6,2,,,,,,3.0,,,,1.0,,,,2024
Lowell,"5,550","1,788",5.0,,,8.0,8.0,8.0,,,23.0,,1.0,544,974,225,,,"3,358",13.0,,179,34.0,764,1.0,6.0,53,112.0,12.0,,56.0,150.0,,67.0,1.0,1.0,259,37,,592,101.0,637,244,39.0,404,253,2.0,,,1.0,,12.0,20.0,,,112.0,4.0,,,2024
Malden,"1,820",581,,,,6.0,10.0,10.0,,,8.0,,1.0,160,366,30,,,"1,201",2.0,,85,8.0,234,,1.0,57,47.0,,,,13.0,,26.0,9.0,,66,71,,184,3.0,282,113,,38,21,,,,,,4.0,,,,13.0,,,,2024
Marlborough,"1,430",482,,,,2.0,19.0,19.0,,,26.0,,4.0,158,175,98,,,885,2.0,,51,18.0,199,1.0,5.0,98,13.0,85.0,,1.0,2.0,,6.0,,,88,5,,31,2.0,226,45,7.0,63,36,,,1.0,,,9.0,,,,16.0,1.0,,,2024
Maynard,279,100,,,,,1.0,1.0,,,,,,24,49,26,,,163,4.0,,24,3.0,32,,,16,2.0,20.0,,,,,1.0,,,9,16,,1,,28,5,2.0,16,7,,,,,,3.0,,,,6.0,,,,2024
MBTA - Middlesex County,,,,,,,,,,,,,,,,,,,,,,,,,,,,,,,,,,,,,,,,,,,,,,,,,,,,,,,,,,,,2024
Medford,"1,672",430,,,,4.0,13.0,13.0,,,1.0,,2.0,80,261,69,,,"1,174",4.0,,46,16.0,170,,5.0,88,5.0,2.0,5.0,4.0,120.0,,14.0,11.0,,257,21,,76,29.0,227,72,2.0,68,40,1.0,,,,,4.0,2.0,,,21.0,,,,2024
Melrose,445,121,,,,1.0,,,,,1.0,,,26,66,27,,,310,1.0,,12,4.0,66,1.0,,40,,59.0,,,,,4.0,2.0,,13,14,,14,,59,16,5.0,14,9,1.0,,,,,,,,,4.0,,,,2024
Middlesex State Police,120,39,,1.0,,3.0,,,,,1.0,,,9,25,,,,11,,,,1.0,6,,,,,,,,1.0,,,,,,,,,,1,2,,70,57,,,,,,,,,,13.0,,,,2024
Middlesex State Police Framingham,,,,,,,,,,,,,,,,,,,,,,,,,,,,,,,,,,,,,,,,,,,,,,,,,,,,,,,,,,,,2024
Middlesex State Police Holden,,,,,,,,,,,,,,,,,,,,,,,,,,,,,,,,,,,,,,,,,,,,,,,,,,,,,,,,,,,,2024
Middlesex State Police Weston,,,,,,,,,,,,,,,,,,,,,,,,,,,,,,,,,,,,,,,,,,,,,,,,,,,,,,,,,,,,2024
MIT,380,34,,,,,,,,,,,,6,15,13,,,343,,,12,,41,,,7,,,,,,,,,,,15,,,,265,3,,3,1,,,,,,1.0,,,,1.0,,,,2024
Mount IDA College,,,,,,,,,,,,,,,,,,,,,,,,,,,,,,,,,,,,,,,,,,,,,,,,,,,,,,,,,,,,2024
Natick,"1,017",222,,,,2.0,4.0,3.0,1.0,,7.0,,,72,113,24,,,761,2.0,,27,14.0,90,1.0,7.0,68,14.0,121.0,,,1.0,,3.0,1.0,,112,1,,45,6.0,232,11,5.0,34,18,1.0,,1.0,,,2.0,,,,12.0,,,,2024
Newton,"1,444",223,,,,3.0,9.0,9.0,,,6.0,,1.0,34,116,54,,,"1,196",,,57,137.0,129,1.0,15.0,148,39.0,,,18.0,143.0,1.0,1.0,13.0,,114,47,,112,15.0,157,32,17.0,25,12,,,,,,4.0,,,,9.0,,,,2024
North Reading,238,36,,,,,1.0,1.0,,,3.0,,,9,15,8,,,196,,,9,18.0,23,,2.0,51,5.0,23.0,,2.0,,,1.0,,,8,,,7,1.0,40,3,3.0,6,3,,,,,,3.0,,,,,,,,2024
Pepperell,242,61,,,,,1.0,1.0,,,1.0,,3.0,12,28,15,1.0,,144,1.0,,11,2.0,23,1.0,3.0,26,,41.0,,,,,,,,4,3,,1,,23,3,2.0,37,25,,,,,,2.0,,,,10.0,,,,2024
Reading,345,67,,,,,4.0,4.0,,,,,,6,35,22,,,271,,,20,,30,,3.0,,30.0,,,,52.0,,,33.0,12.0,18,42,7.0,19,,,5,,7,3,2.0,,,,,,,,,1.0,1.0,,,2024
Regis College,,,,,,,,,,,,,,,,,,,,,,,,,,,,,,,,,,,,,,,,,,,,,,,,,,,,,,,,,,,,2024
Regis College,,,,,,,,,,,,,,,,,,,,,,,,,,,,,,,,,,,,,,,,,,,,,,,,,,,,,,,,,,,,2024
Regis College,,,,,,,,,,,,,,,,,,,,,,,,,,,,,,,,,,,,,,,,,,,,,,,,,,,,,,,,,,,,2024
Sherborn,28,7,,,,,1.0,1.0,,,2.0,1.0,1.0,,1,1,,,20,1.0,,,,3,,,2,,4.0,,1.0,,,,,,,2,,1,,4,1,1.0,1,,,,,,,1.0,,,,,,,,2024
Shirley,106,39,,,,,2.0,2.0,,,,1.0,3.0,5,15,13,,,61,,1.0,1,,11,,1.0,8,3.0,16.0,,1.0,,,,,,,3,,1,,9,6,,6,2,,,1.0,,,,,,,3.0,,,,2024
Somerville,"2,267",456,,,,4.0,13.0,13.0,,,16.0,,,153,251,19,,,"1,764",2.0,,147,10.0,235,1.0,3.0,77,76.0,1.0,,,,,20.0,14.0,,327,74,,169,9.0,492,106,1.0,47,21,,,,,,3.0,,,,23.0,,,,2024
Stoneham,461,110,,,,,3.0,3.0,,,3.0,,2.0,31,62,9,,,330,,,28,8.0,47,,4.0,45,1.0,71.0,,,,,1.0,,,25,5,,4,1.0,79,9,2.0,21,15,,,,,,4.0,,,,2.0,,,,2024
Stow,82,29,1.0,,,1.0,1.0,1.0,,,,,1.0,2,16,7,,,50,,,1,1.0,8,,,9,,8.0,,1.0,1.0,,,,,,4,,,,13,3,1.0,3,2,,,,,,,,,,1.0,,,,2024
Sudbury,163,36,,,,,4.0,4.0,,,5.0,,3.0,7,14,3,,,120,,,3,2.0,17,1.0,2.0,15,1.0,21.0,,,,,,1.0,1.0,2,3,,7,,40,3,1.0,7,1,,,,,,4.0,,,,2.0,,,,2024
Tewksbury,862,302,,,,3.0,16.0,15.0,1.0,,8.0,,2.0,62,157,53,1.0,,467,,,26,13.0,69,,6.0,44,6.0,29.0,,1.0,4.0,,3.0,1.0,,79,6,,7,1.0,144,20,8.0,93,77,,,,,,5.0,,,,11.0,,,,2024
Townsend,179,51,,,,1.0,1.0,1.0,,,2.0,,1.0,7,26,13,,,119,,,10,3.0,21,,3.0,23,,17.0,,,,,2.0,1.0,1.0,7,1,,2,,18,4,6.0,9,5,,,,,,3.0,,,,1.0,,,,2024
Tufts University Medford,58,8,,,,,2.0,2.0,,,1.0,,,,4,1,,,48,,,1,,11,,1.0,1,,3.0,,,,,,,,,4,,1,,26,,,2,,,,,,,,,,,2.0,,,,2024
Tufts University prior 01/01/2015,,,,,,,,,,,,,,,,,,,,,,,,,,,,,,,,,,,,,,,,,,,,,,,,,,,,,,,,,,,,2024
Tufts University since 01/01/2015,,,,,,,,,,,,,,,,,,,,,,,,,,,,,,,,,,,,,,,,,,,,,,,,,,,,,,,,,,,,2024
Tyngsborough,274,61,,,,,4.0,3.0,1.0,,,,2.0,10,35,10,,,174,2.0,,2,5.0,38,1.0,2.0,30,1.0,37.0,,,3.0,,,,,3,5,,9,3.0,28,4,1.0,39,36,,,,,,1.0,,,,2.0,,,,2024
U-Mass Lowell,225,28,,,,,3.0,3.0,,,5.0,,,,11,9,,,193,1.0,,6,2.0,81,,2.0,12,,1.0,,,,,1.0,,,2,14,,12,,51,7,1.0,4,3,,,,,,,,,,1.0,,,,2024
Wakefield,427,122,,1.0,,,16.0,7.0,9.0,,1.0,,5.0,32,52,15,,,301,1.0,,14,10.0,55,,2.0,32,8.0,64.0,,2.0,1.0,,3.0,,,9,10,,13,4.0,50,20,3.0,4,1,,,,,,2.0,,,,1.0,,,,2024
Waltham,"1,511",588,1.0,,,7.0,12.0,12.0,,,7.0,,2.0,139,368,52,,,872,7.0,,82,18.0,159,,,86,9.0,1.0,,,94.0,,15.0,8.0,,53,16,,41,4.0,227,38,14.0,51,37,,,,,,1.0,,,,13.0,,,,2024
Watertown,"1,307",257,,,,3.0,9.0,8.0,1.0,,6.0,,6.0,44,156,33,,,"1,028",2.0,,20,24.0,89,,7.0,94,4.0,106.0,,1.0,3.0,,3.0,,11.0,306,11,,39,12.0,273,9,14.0,22,12,,,1.0,,,5.0,,,,3.0,1.0,,,2024
Wayland,178,27,,,,1.0,,,,,,,,11,5,10,,,150,,,10,6.0,12,1.0,2.0,13,3.0,38.0,,1.0,6.0,,,,,6,1,,9,1.0,38,2,1.0,1,,,,,,,1.0,,,,,,,,2024
Westford,220,39,,,,1.0,3.0,3.0,,,2.0,,1.0,14,12,6,,,159,,,10,4.0,25,4.0,1.0,23,1.0,10.0,,,,,,1.0,2.0,12,12,,5,1.0,35,8,5.0,22,11,,,,,,5.0,,,,6.0,,,,2024
Weston,133,24,,,,,2.0,2.0,,,,,1.0,5,12,4,,,107,,,17,4.0,13,,3.0,19,6.0,6.0,,,3.0,,,1.0,,,5,,7,,14,6,3.0,2,1,,,,,,1.0,,,,,,,,2024
Wilmington,628,152,,,,1.0,4.0,4.0,,,1.0,,4.0,34,70,38,,,441,,,22,17.0,55,,2.0,38,9.0,70.0,,2.0,,1.0,,1.0,,81,6,,4,1.0,113,14,5.0,35,25,,,,,,5.0,,,,5.0,,,,2024
Winchester,200,28,,,,,,,,,,,,4,24,,,,170,,,6,,13,,1.0,2,15.0,1.0,,1.0,47.0,1.0,,,,,7,,15,1.0,46,14,,2,,,,,,,2.0,,,,,,,,2024
Woburn,"1,075",254,,,,2.0,6.0,5.0,,1.0,8.0,,,85,114,39,,,746,,,61,17.0,131,4.0,,79,15.0,64.0,,3.0,,,1.0,,3.0,68,15,,38,6.0,173,48,20.0,75,49,,,,,,5.0,9.0,,,12.0,,,,2024
MBTA - Nantucket County,,,,,,,,,,,,,,,,,,,,,,,,,,,,,,,,,,,,,,,,,,,,,,,,,,,,,,,,,,,,2024
Nantucket,479,156,,,,,6.0,6.0,,,1.0,,1.0,17,99,32,,,289,,,11,5.0,80,,1.0,16,1.0,43.0,,,,,,,,9,4,,11,,97,7,4.0,34,24,,,,,,,,,,9.0,1.0,,,2024
Nantucket State Police,2,,,,,,,,,,,,,,,,,,1,,,,,,,,,,,,,1.0,,,,,,,,,,,,,1,1,,,,,,,,,,,,,,2024
Avon,159,20,,,,,1.0,1.0,,,1.0,,,7,9,2,,,131,,,6,1.0,9,,,10,2.0,9.0,,1.0,,,1.0,,,32,,,9,,31,12,8.0,8,5,1.0,,,,,,,,,2.0,,,,2024
Babson College,84,9,,,,,1.0,1.0,,,,,,1,6,1,,,74,,,2,11.0,20,,2.0,8,,1.0,,,,,,,,,9,,,,21,,,1,,,,,,,1.0,,,,,,,,2024
Bellingham,491,99,,,,3.0,8.0,8.0,,,2.0,,2.0,27,29,28,,,367,1.0,,12,2.0,52,1.0,1.0,28,4.0,44.0,,,4.0,,4.0,,1.0,90,4,,15,,81,13,10.0,25,17,,,,,,2.0,,,,6.0,,,,2024
Braintree,999,241,,,,2.0,15.0,8.0,7.0,,,,5.0,88,107,24,,,690,1.0,,23,9.0,68,,,61,12.0,68.0,,,,,9.0,10.0,4.0,157,36,,33,7.0,144,39,9.0,68,51,,,,,,,1.0,,,13.0,3.0,,,2024
Brookline,"1,056",189,,,,3.0,3.0,3.0,,,,,,52,102,29,,,864,1.0,,55,30.0,125,1.0,4.0,43,10.0,,,23.0,20.0,,11.0,6.0,2.0,159,163,1.0,60,11.0,121,17,1.0,3,3,,,,,,,,,,,,,,2024
Canton,469,164,,,,1.0,2.0,2.0,,,,,5.0,67,47,42,,,293,2.0,,10,6.0,69,3.0,2.0,19,1.0,41.0,,,,,4.0,3.0,,14,5,,11,1.0,83,15,4.0,12,6,,,,,,2.0,,,,4.0,,,,2024
Cohasset,127,29,,,,,,,,,,,,7,10,12,,,93,,,6,3.0,18,,2.0,12,4.0,19.0,,,,,,,,,6,,5,1.0,10,1,6.0,5,2,,,,,,,,,,3.0,,,,2024
Curry College,36,8,,,,,,,,,,,,4,4,,,,21,,,,,3,,,1,,,,,,,,,,,14,,3,,,,,7,1,,,,,,,,,,6.0,,,,2024
Dean College,16,5,,,,,,,,,,,,,5,,,,11,,,1,,7,,,,,,,,,,,,,,3,,,,,,,,,,,,,,,,,,,,,,2024
Dedham,666,152,,,,1.0,6.0,5.0,1.0,,,,1.0,64,51,29,,,499,,,27,8.0,63,,1.0,28,4.0,39.0,,,,,2.0,4.0,7.0,150,27,,30,2.0,78,27,2.0,15,8,,,,,,2.0,,,,5.0,,,,2024
Dover,69,11,,,,,1.0,1.0,,,,,,8,2,,,,55,,,2,1.0,7,,1.0,6,,2.0,,1.0,5.0,,,,,,,,7,1.0,17,5,,3,2,,,,,,,,,,1.0,,,,2024
Foxborough,599,224,,2.0,,,6.0,3.0,2.0,1.0,2.0,,3.0,43,135,33,,,348,,,14,20.0,81,,4.0,41,6.0,7.0,,2.0,48.0,,4.0,1.0,,28,2,,14,8.0,48,11,9.0,27,15,,,,,,1.0,3.0,,,7.0,1.0,,,2024
Franklin,356,129,,,,3.0,2.0,2.0,,,9.0,,,30,72,13,,,202,,,15,18.0,41,1.0,1.0,5,4.0,,,,14.0,,1.0,,,11,7,,,,59,11,14.0,25,14,,,,,,5.0,,,,4.0,2.0,,,2024
Holbrook,506,182,1.0,,,,3.0,2.0,,1.0,2.0,,18.0,28,111,19,,,309,,,30,3.0,56,,1.0,24,1.0,44.0,,,1.0,,4.0,,,24,5,,26,,64,19,7.0,15,8,,,,,,4.0,,,,3.0,,,,2024
Mass Bay Community College,,,,,,,,,,,,,,,,,,,,,,,,,,,,,,,,,,,,,,,,,,,,,,,,,,,,,,,,,,,,2024
MBTA - Norfolk County,,,,,,,,,,,,,,,,,,,,,,,,,,,,,,,,,,,,,,,,,,,,,,,,,,,,,,,,,,,,2024
Medfield,143,32,,,,1.0,3.0,3.0,,,,,3.0,17,5,3,,,105,1.0,,6,8.0,24,,1.0,12,1.0,19.0,,1.0,3.0,,,,,2,1,,1,,22,,3.0,6,2,,,,,,2.0,,,,2.0,,,,2024
Medway,78,30,,,,,2.0,2.0,,,1.0,,2.0,7,18,,,,46,,,8,,1,,,5,,,,,,,,,,2,,,5,,23,2,,2,,,,,,,2.0,,,,,,,,2024
Millis,36,13,,,,,,,,,1.0,,,1,10,,1.0,,17,,,,1.0,2,,,4,,1.0,,,,,,,,1,1,,1,,3,2,1.0,6,3,,,,,,2.0,,,,1.0,,,,2024
Milton,323,59,,,,,1.0,1.0,,,,,,13,30,15,,,250,1.0,,21,8.0,29,,,14,,20.0,,,,,1.0,28.0,,2,12,,34,1.0,79,,,14,9,,,,,,,,,,4.0,1.0,,,2024
Mt. Ida College,,,,,,,,,,,,,,,,,,,,,,,,,,,,,,,,,,,,,,,,,,,,,,,,,,,,,,,,,,,,2024
Needham,600,106,,,,1.0,4.0,2.0,2.0,,14.0,,,13,57,17,,,483,1.0,,24,30.0,40,1.0,6.0,84,6.0,75.0,6.0,1.0,,1.0,,6.0,4.0,10,16,,34,,108,12,18.0,11,4,,,,,,3.0,,,,4.0,,,,2024
Norfolk,154,25,,,,2.0,,,,,,,,6,14,3,,,119,,,18,2.0,25,,,6,1.0,,,,34.0,,,,,,1,,,,27,4,1.0,10,4,1.0,,,,,1.0,,,,4.0,,,,2024
Norfolk State Police,80,25,,1.0,,,,,,,,,,4,20,,,,5,,,,1.0,1,,,,,,,,1.0,,,,,,,,,,,2,,50,34,,,1.0,,,2.0,,,,13.0,,,,2024
Norfolk State Police Framingham,,,,,,,,,,,,,,,,,,,,,,,,,,,,,,,,,,,,,,,,,,,,,,,,,,,,,,,,,,,,2024
Norfolk State Police Middleboro,,,,,,,,,,,,,,,,,,,,,,,,,,,,,,,,,,,,,,,,,,,,,,,,,,,,,,,,,,,,2024
Norwood,646,171,,,,2.0,2.0,1.0,1.0,,1.0,,,49,86,31,,,428,1.0,,18,11.0,74,2.0,2.0,51,4.0,28.0,,,2.0,,3.0,1.0,,41,12,,22,1.0,105,36,14.0,47,31,,,1.0,,,4.0,1.0,,,10.0,,,,2024
Plainville,420,96,,,,1.0,7.0,7.0,,,,,,19,44,25,,,310,1.0,,23,10.0,53,1.0,2.0,16,5.0,,,,36.0,2.0,1.0,,,74,7,,2,,75,,2.0,14,5,,,,,,2.0,,,,5.0,2.0,,,2024
Quincy,"4,292","1,238",,,,8.0,30.0,29.0,1.0,,37.0,,7.0,295,532,329,,,"2,823",2.0,,156,70.0,672,12.0,26.0,47,92.0,6.0,,102.0,306.0,1.0,25.0,6.0,4.0,339,180,,204,44.0,322,153,54.0,231,158,1.0,,1.0,,,12.0,3.0,,,51.0,5.0,,,2024
Randolph,816,274,1.0,,,,2.0,2.0,,,3.0,,,72,156,40,,,508,,,23,6.0,102,1.0,,13,18.0,,,20.0,23.0,,9.0,1.0,,71,22,,51,4.0,107,37,,34,21,5.0,,,,,,,,,8.0,,,,2024
Sharon,126,20,,,,,1.0,1.0,,,1.0,,1.0,6,3,8,,,103,,,6,5.0,21,,1.0,14,2.0,13.0,,,,,,,,1,1,,2,,31,5,1.0,3,,,,,,,2.0,,,,1.0,,,,2024
Stoughton,949,266,,,,1.0,10.0,6.0,4.0,,1.0,2.0,3.0,60,151,38,,,617,,,29,24.0,99,2.0,,52,10.0,63.0,,2.0,3.0,,6.0,,,91,12,,34,2.0,139,36,13.0,66,35,,,1.0,,,8.0,3.0,,,19.0,,,,2024
Walpole,747,182,,,,1.0,5.0,5.0,,,5.0,,2.0,28,92,49,,,532,1.0,,21,15.0,79,,6.0,98,14.0,95.0,,1.0,,,2.0,1.0,1.0,74,3,,5,,107,7,2.0,33,15,,,1.0,,,8.0,,,,9.0,,,,2024
Wellesley,406,56,,,,,3.0,2.0,,1.0,3.0,,,12,19,19,,,346,,,21,26.0,27,1.0,3.0,62,6.0,50.0,,1.0,2.0,,,,1.0,10,6,,14,,95,13,8.0,4,2,,,,,,,,,,2.0,,,,2024
Wellesley College,30,5,,,,,,,,,,,,,5,,,,25,,,,,13,,,,1.0,,,,,,,,,,3,,,,8,,,,,,,,,,,,,,,,,,2024
Westwood,338,34,,,,,,,,,2.0,,,7,12,13,,,293,,,10,3.0,39,,4.0,4,4.0,,,3.0,41.0,,,1.0,1.0,91,6,,6,6.0,68,6,,11,6,2.0,,,,,,,,,3.0,,,,2024
Weymouth,"1,432",400,,,,4.0,14.0,8.0,6.0,,17.0,,12.0,111,194,48,,,951,,,57,41.0,129,1.0,3.0,95,12.0,117.0,,1.0,1.0,,12.0,10.0,8.0,134,36,,36,2.0,184,55,17.0,81,53,1.0,,1.0,,,3.0,1.0,,,20.0,2.0,,,2024
Wrentham,427,81,,,,2.0,4.0,4.0,,,4.0,,1.0,12,51,6,1.0,,335,,,13,4.0,37,,,5,4.0,,,,28.0,,1.0,,,145,,,4,2.0,64,1,27.0,11,1,,,,,,3.0,,,,4.0,3.0,,,2024
Abington,554,141,1.0,,,1.0,6.0,5.0,1.0,,,1.0,7.0,29,70,26,,,387,1.0,,14,11.0,44,,1.0,49,3.0,16.0,,1.0,,,4.0,,,137,11,,5,3.0,50,23,14.0,26,18,,,,,,2.0,,,,6.0,,,,2024
Bridgewater,219,61,,,,,3.0,3.0,,,2.0,,1.0,19,16,20,,,124,,,4,3.0,35,,2.0,15,1.0,,,,,,,,,6,6,,6,,17,25,4.0,34,22,,,,,,3.0,,,,9.0,,,,2024
Bridgewater State University,105,27,,,,,5.0,5.0,,,2.0,,,6,6,8,,,71,,,2,,41,,,3,,,,,,,,,,1,,,2,,17,1,4.0,7,4,,,,,,1.0,1.0,,,1.0,,,,2024
Brockton,"4,712","2,015",8.0,,,19.0,68.0,63.0,5.0,,56.0,,,495,"1,139",229,1.0,,"2,448",16.0,,259,12.0,515,46.0,4.0,119,5.0,131.0,,4.0,1.0,,72.0,20.0,6.0,75,119,,72,9.0,523,392,48.0,249,102,2.0,,2.0,,,19.0,1.0,,,123.0,,,,2024
Carver,192,48,,,,2.0,1.0,1.0,,,1.0,,3.0,11,12,18,,,139,,,8,4.0,29,,1.0,7,1.0,29.0,,,1.0,,,,,6,6,,16,,30,1,,5,,,,,,,2.0,,,,3.0,,,,2024
Duxbury,190,49,,,,,5.0,5.0,,,3.0,,1.0,14,16,10,,,134,,,6,2.0,28,,2.0,30,8.0,19.0,,1.0,,1.0,,,,1,2,,2,,30,,2.0,7,3,,,,,,1.0,,,,2.0,1.0,,,2024
East Bridgewater,209,71,,,,,1.0,1.0,,,,,5.0,17,28,20,,,114,1.0,,4,1.0,21,,2.0,25,,27.0,,,,,,,,2,5,,2,,15,8,1.0,24,10,,,,,,6.0,,,,8.0,,,,2024
Halifax,170,48,,,,,2.0,2.0,,,1.0,,,4,17,24,,,120,,,5,,20,,1.0,6,,31.0,,,,,,,,38,1,,5,,13,,,2,2,,,,,,,,,,,,,,2024
Hanover,296,53,,,,,,,,,2.0,,,14,29,8,,,232,,,8,4.0,21,,,18,4.0,22.0,,2.0,1.0,,2.0,1.0,,36,10,,5,2.0,81,8,7.0,11,5,,,,,,2.0,,,,4.0,,,,2024
Hanson,148,63,,,,,3.0,3.0,,,5.0,,,10,30,15,,,72,1.0,,5,2.0,21,,,16,,9.0,,,,,,,,1,,,1,,13,2,1.0,13,6,,,,,,3.0,,,,4.0,,,,2024
Hingham,445,84,,,,,1.0,,1.0,,,,1.0,30,34,16,2.0,,343,,,19,4.0,34,,3.0,32,7.0,50.0,,,,,,2.0,3.0,60,30,,6,,81,6,6.0,18,7,,,,,,3.0,,,,8.0,,,,2024
Hull,241,68,,,,,3.0,2.0,1.0,,,,2.0,24,29,10,,,165,,,4,,61,,1.0,27,4.0,22.0,,,,,,1.0,1.0,9,8,,1,,23,1,2.0,8,4,,,,,,1.0,,,,3.0,,,,2024
Kingston,334,100,,,,,4.0,4.0,,,1.0,,5.0,26,43,21,,,223,2.0,,13,1.0,64,,,25,1.0,21.0,,,,,1.0,,,23,5,,6,3.0,44,9,5.0,11,5,,,,,,3.0,,,,3.0,,,,2024
Lakeville,164,47,,1.0,,,2.0,2.0,,,2.0,,1.0,20,20,1,,,109,,,10,,15,,,,,,,,18.0,,1.0,,,2,1,,6,,47,9,,8,6,,,,,,,,,,2.0,,,,2024
Marion,120,26,,,,,,,,,,,,1,17,8,,,90,,,2,,25,,,13,,16.0,,,1.0,,,,,1,2,,,,25,2,3.0,4,2,,,,,,1.0,,,,1.0,,,,2024
Marshfield,179,70,1.0,,,,6.0,,6.0,,,,1.0,31,19,12,,,98,2.0,,9,2.0,25,1.0,,17,1.0,,,,,,,,,2,5,,5,,24,5,,11,9,,,,,,,,,,2.0,,,,2024
Massasoit Community College,12,5,,,,,,,,,,,,,4,1,,,7,,,,,6,,,,,,,,,,,,,,,,,,1,,,,,,,,,,,,,,,,,,2024
Mattapoisett,86,13,,,,,,,,,1.0,1.0,,4,5,2,,,69,,,1,1.0,11,,,14,,6.0,,,,,,5.0,2.0,1,5,,2,,15,5,1.0,4,2,,,,,,1.0,,,,1.0,,,,2024
MBTA - Plymouth County,,,,,,,,,,,,,,,,,,,,,,,,,,,,,,,,,,,,,,,,,,,,,,,,,,,,,,,,,,,,2024
Middleborough,773,293,,,,1.0,10.0,7.0,3.0,,9.0,,3.0,94,145,31,,,433,,,23,15.0,93,2.0,5.0,50,8.0,76.0,,,1.0,,4.0,2.0,1.0,11,33,,9,,65,27,8.0,47,27,,,,,,9.0,,,,11.0,,,,2024
Norwell,129,19,,,,,,,,,,,,4,13,2,,,106,,,6,3.0,16,,1.0,9,2.0,15.0,,,3.0,,2.0,,1.0,16,3,,2,,24,3,,4,1,,,,,,1.0,,,,2.0,,,,2024
Pembroke,223,50,,,,,6.0,6.0,,,1.0,,,10,18,15,,,159,,,8,6.0,23,1.0,3.0,21,3.0,27.0,,,3.0,,1.0,,,10,10,,2,,29,11,1.0,14,8,1.0,,,,,,,,,5.0,,,,2024
Plymouth,"1,948",787,2.0,,,1.0,15.0,14.0,1.0,,25.0,4.0,6.0,196,374,164,,,"1,051",3.0,,45,19.0,225,2.0,7.0,115,18.0,126.0,,5.0,10.0,,7.0,,,120,5,,39,2.0,245,40,18.0,110,60,,,,,,19.0,,,,30.0,1.0,,,2024
Plymouth State Police,206,49,,,,,,,,,,,,24,25,,,,5,,,,1.0,2,,,,,,,,,,1.0,,,,,,,,1,,,152,111,2.0,,,,,1.0,1.0,,,37.0,,,,2024
Plymouth State Police Middleboro,,,,,,,,,,,,,,,,,,,,,,,,,,,,,,,,,,,,,,,,,,,,,,,,,,,,,,,,,,,,2024
Plympton,70,22,,,,,,,,,1.0,,,7,11,3,,,44,,,3,1.0,8,,2.0,6,1.0,9.0,,,,,,,,1,,,1,,12,,,4,1,1.0,,,,,1.0,,,,1.0,,,,2024
Rochester,72,23,,,,,,,,,3.0,,,3,12,5,,,43,,,9,1.0,7,,1.0,5,2.0,3.0,,,,,,,,1,,,,,7,3,4.0,6,1,,,,,,,,,,4.0,1.0,,,2024
Rockland,323,183,,,,5.0,8.0,7.0,1.0,,,,1.0,38,102,29,,,124,,,5,,24,3.0,1.0,8,1.0,3.0,,,,,1.0,,,6,1,,5,,40,21,5.0,16,7,,,,,,3.0,,,,6.0,,,,2024
Scituate,139,37,,,,,,,,,,,2.0,7,18,10,,,97,,,6,,15,,,17,,,,,37.0,,1.0,1.0,,2,2,,2,,9,2,3.0,5,5,,,,,,,,,,,,,,2024
Wareham,721,254,,,,2.0,5.0,3.0,2.0,,4.0,,4.0,64,151,24,,,436,,,41,12.0,95,,2.0,34,4.0,3.0,,1.0,17.0,2.0,,2.0,4.0,99,7,,3,1.0,81,23,5.0,31,17,,,,,,2.0,,,,11.0,1.0,,,2024
West Bridgewater,184,36,,,,,1.0,1.0,,,,,1.0,9,16,9,,,143,1.0,,8,6.0,16,,,15,4.0,16.0,,,,,1.0,,,16,2,,6,,34,12,6.0,5,2,,,,,,,,,,3.0,,,,2024
Whitman,405,130,,,,,6.0,3.0,3.0,,1.0,,1.0,34,71,17,,,257,,,18,8.0,47,1.0,2.0,25,4.0,21.0,5.0,1.0,1.0,,6.0,1.0,2.0,21,11,,34,,28,11,10.0,18,8,,,,,,5.0,,,,5.0,,,,2024
Berklee College of Music,188,39,,,,,1.0,1.0,,,1.0,,,1,23,13,,,147,,,9,,25,,1.0,8,1.0,,,,,,2.0,,,,9,,3,,85,1,3.0,2,2,,,,,,,,,,,,,,2024
Beth Israel Deaconess Med Ctr,,,,,,,,,,,,,,,,,,,,,,,,,,,,,,,,,,,,,,,,,,,,,,,,,,,,,,,,,,,,2024
Boston,"42,557","16,284",25.0,1.0,,51.0,170.0,125.0,37.0,16.0,200.0,,7.0,"3,127","7,477","5,218",8.0,,"23,137",20.0,1.0,"1,186",414.0,"4,299",57.0,166.0,"1,374",869.0,106.0,37.0,335.0,771.0,56.0,835.0,90.0,13.0,"3,948","2,127",2.0,"2,183",283.0,"2,601","1,049",315.0,"3,136","2,416",18.0,,,,,135.0,28.0,2.0,,495.0,42.0,,,2024
Boston College(Old ORI),,,,,,,,,,,,,,,,,,,,,,,,,,,,,,,,,,,,,,,,,,,,,,,,,,,,,,,,,,,,2024
Boston University,620,52,,,,,5.0,5.0,,,6.0,,,4,32,5,,,563,,,13,,79,,5.0,30,4.0,1.0,,3.0,,,1.0,2.0,,13,322,,5,,81,2,2.0,5,4,,,,,,,,,,1.0,,,,2024
Bunker Hill Community College,12,2,,,,,,,,,,,,,2,,,,10,,,,,,,,1,,,,,,,,,,,1,,,,8,,,,,,,,,,,,,,,,,,2024
"Capitol PD, Boston",,,,,,,,,,,,,,,,,,,,,,,,,,,,,,,,,,,,,,,,,,,,,,,,,,,,,,,,,,,,2024
Chelsea,"2,446","1,134",2.0,,,6.0,33.0,24.0,9.0,,14.0,,41.0,296,548,193,1.0,,"1,198",3.0,,60,31.0,371,2.0,2.0,95,10.0,52.0,,1.0,2.0,,47.0,6.0,11.0,96,132,,74,24.0,103,52,24.0,114,45,,,,,,7.0,2.0,,,60.0,,,,2024
Emerson College,9,,,,,,,,,,,,,,,,,,9,,,1,,7,,,,,,,,,,,,,,,,,,1,,,,,,,,,,,,,,,,,,2024
Emerson College,,,,,,,,,,,,,,,,,,,,,,,,,,,,,,,,,,,,,,,,,,,,,,,,,,,,,,,,,,,,2024
Environmental Police,84,16,,2.0,,,1.0,,1.0,,,,1.0,3,1,8,,,41,2.0,1.0,2,,16,,,1,,,,,,,,,,,,,1,,7,6,5.0,27,4,,,,,,,,,,23.0,,,,2024
Fisher College,11,6,,,,,,,,,2.0,,,,4,,,,5,,,2,,3,,,,,,,,,,,,,,,,,,,,,,,,,,,,,,,,,,,,2024
Fisher College,,,,,,,,,,,,,,,,,,,,,,,,,,,,,,,,,,,,,,,,,,,,,,,,,,,,,,,,,,,,2024
Mass College of Art,1,,,,,,,,,,,,,,,,,,1,,,,,,,,,,,,,,,,,,,1,,,,,,,,,,,,,,,,,,,,,,2024
Mass General Hospital,,,,,,,,,,,,,,,,,,,,,,,,,,,,,,,,,,,,,,,,,,,,,,,,,,,,,,,,,,,,2024
MBTA,,,,,,,,,,,,,,,,,,,,,,,,,,,,,,,,,,,,,,,,,,,,,,,,,,,,,,,,,,,,2024
MBTA - Suffolk County,,,,,,,,,,,,,,,,,,,,,,,,,,,,,,,,,,,,,,,,,,,,,,,,,,,,,,,,,,,,2024
MCPHS University,14,4,,,,,,,,,,,,,4,,,,9,,,1,,,,1.0,1,1.0,,,,,,,,,1,,,,,4,,,1,1,,,,,,,,,,,,,,2024
Northeastern U,,,,,,,,,,,,,,,,,,,,,,,,,,,,,,,,,,,,,,,,,,,,,,,,,,,,,,,,,,,,2024
Northeastern University,461,33,,,,1.0,2.0,2.0,,,3.0,,,1,26,,,,422,,,5,,8,,,2,,,,,,,2.0,,,89,115,,1,,198,2,,6,5,,,,,,,,,,1.0,,,,2024
Revere,"2,347",769,,,,5.0,14.0,13.0,1.0,,20.0,,2.0,232,351,144,1.0,,"1,472",3.0,,93,26.0,274,1.0,4.0,93,9.0,113.0,,5.0,2.0,,16.0,,,233,14,,62,3.0,403,94,24.0,106,66,1.0,,6.0,,,3.0,1.0,1.0,,28.0,,,,2024
Roxbury Community College,32,3,,,,,,,,,,,,1,2,,,,29,,,3,,8,,,,,,,,,,1.0,,,,11,,2,,4,,,,,,,,,,,,,,,,,,2024
Simmons University,24,3,,,,,,,,,,,,,3,,,,20,,,12,,3,,,1,,,,,,,,,,,,,,,4,,,1,,1.0,,,,,,,,,,,,,2024
Suffolk State Police,400,118,,,,3.0,1.0,1.0,,,1.0,,,26,81,6,,,70,,,3,15.0,20,,,,2.0,1.0,,,5.0,,,,,6,3,,1,,12,2,,212,117,1.0,,1.0,,,2.0,,,1.0,89.0,1.0,,,2024
Suffolk State Police Framingham,,,,,,,,,,,,,,,,,,,,,,,,,,,,,,,,,,,,,,,,,,,,,,,,,,,,,,,,,,,,2024
Suffolk State Police Logan Airport,,,,,,,,,,,,,,,,,,,,,,,,,,,,,,,,,,,,,,,,,,,,,,,,,,,,,,,,,,,,2024
Suffolk State Police Weston,,,,,,,,,,,,,,,,,,,,,,,,,,,,,,,,,,,,,,,,,,,,,,,,,,,,,,,,,,,,2024
Tufts University Suffolk,12,1,,,,,,,,,1.0,,,,,,,,11,,,,,1,,,1,,,,,,,,,,,2,,,,7,,,,,,,,,,,,,,,,,,2024
Tufts University Suffolk prior to 01/01/2017,,,,,,,,,,,,,,,,,,,,,,,,,,,,,,,,,,,,,,,,,,,,,,,,,,,,,,,,,,,,2024
U-Mass Boston,66,14,,,,,,,,,,,,,10,4,,,52,,,3,,21,,,3,,,,,,,,,,,11,,,,13,,1.0,,,,,,,,,,,,,,,,2024
Wentworth Institute,,,,,,,,,,,,,,,,,,,,,,,,,,,,,,,,,,,,,,,,,,,,,,,,,,,,,,,,,,,,2024
Wentworth Institute of Technology,67,9,,,,,,,,,,,,1,7,1,,,56,,,1,,2,1.0,3.0,,3.0,,,,,,,,,,3,,,,40,3,,2,,,,,,,,,,,2.0,,,,2024
Winthrop,369,110,,,,1.0,5.0,5.0,,,5.0,,,24,49,26,,,246,,,14,19.0,54,,3.0,18,5.0,41.0,,,,,,,,2,2,,8,3.0,63,6,8.0,13,10,,,,,,1.0,,,,2.0,,,,2024
Ashburnham,101,45,,,,1.0,3.0,2.0,1.0,,3.0,1.0,2.0,4,25,5,,1.0,45,,,6,,14,,,5,,,,,,,,1.0,,,,,1,,12,4,2.0,11,5,,,,,,1.0,,,,5.0,,,,2024
Assumption College,39,8,,,,1.0,1.0,1.0,,,2.0,,,1,2,1,,,29,,,5,1.0,9,,,1,,,,,,,,,,,3,,,,10,,,2,,,,,,,,,,,2.0,,,,2024
Assumption College,,,,,,,,,,,,,,,,,,,,,,,,,,,,,,,,,,,,,,,,,,,,,,,,,,,,,,,,,,,,2024
Athol,358,140,,,,1.0,7.0,4.0,3.0,,,,9.0,48,58,17,,,178,1.0,,13,,51,,1.0,11,1.0,12.0,,,,,,1.0,3.0,14,17,,12,,40,1,,40,20,,,,,,6.0,,,,13.0,1.0,,,2024
Auburn,610,141,,,,,5.0,5.0,,,2.0,,1.0,61,58,14,,,411,1.0,,24,19.0,52,2.0,2.0,37,9.0,52.0,1.0,2.0,,,5.0,,,74,1,,12,,76,19,23.0,58,36,,,,,,9.0,3.0,,,10.0,,,,2024
Barre,101,41,,,,,5.0,4.0,1.0,,,1.0,,13,15,7,,,54,,,5,2.0,6,,,8,,9.0,,,,,,,,7,4,,1,,9,1,2.0,6,3,,,,,,2.0,,,,1.0,,,,2024
Becker College,,,,,,,,,,,,,,,,,,,,,,,,,,,,,,,,,,,,,,,,,,,,,,,,,,,,,,,,,,,,2024
Berlin,37,5,,,,,1.0,,1.0,,,,,1,1,2,,,31,,,1,,4,,,1,,2.0,,,,,1.0,,,3,1,,,,15,3,,1,1,,,,,,,,,,,,,,2024
Blackstone,87,33,,,,,,,,,,,,11,14,8,,,41,,,2,,17,,,4,,2.0,,,,,,,,1,2,,6,1.0,3,3,,13,9,,,,,,,1.0,,,3.0,,,,2024
Bolton,104,25,,,,2.0,1.0,1.0,,,,,2.0,9,8,3,,,74,,,5,1.0,17,,1.0,10,2.0,19.0,,1.0,,1.0,,,,1,3,,,,11,1,1.0,5,2,,,,,,1.0,,,,2.0,,,,2024
Boylston,49,19,,,,1.0,,,,,,,,8,7,3,,,15,,,3,1.0,2,,,,,1.0,,,,,1.0,,,1,1,,,,4,1,,15,11,,,,,,,,,,4.0,,,,2024
Brookfield,60,21,,,,,1.0,,1.0,,,2.0,2.0,5,8,3,,,38,,,1,3.0,12,8.0,,5,,4.0,,,1.0,,,,,1,,,1,,1,1,,1,,,,,,,,,,,1.0,,,,2024
Charlton,201,69,,,,,2.0,2.0,,,,,4.0,14,36,13,,,113,,,8,3.0,25,,,18,,14.0,,,,,,,,4,7,,3,,20,8,3.0,19,7,1.0,,,,,6.0,,,,4.0,1.0,,,2024
Clark University,46,4,,,,,2.0,2.0,,,,,,,2,,,,41,,,1,,18,,,2,1.0,2.0,,,,,,,,,3,,,,14,,,1,1,,,,,,,,,,,,,,2024
Clark University,,,,,,,,,,,,,,,,,,,,,,,,,,,,,,,,,,,,,,,,,,,,,,,,,,,,,,,,,,,,2024
Clinton,59,36,,,,1.0,,,,,,,,7,26,2,,,18,,,3,1.0,3,,,,1.0,,,,,,,,,3,2,,,1.0,1,2,1.0,5,3,1.0,,,,,,,,,1.0,,,,2024
Col of the Holy Cross,44,14,,,,,1.0,1.0,,,2.0,,,,4,7,,,30,,,2,,4,,3.0,5,,,,,,,,,,,,,,,16,,,,,,,,,,,,,,,,,,2024
Douglas,105,44,,,,1.0,4.0,3.0,1.0,,1.0,,1.0,12,21,4,,,50,,,4,1.0,7,,,5,3.0,11.0,,,,,,,,,1,,3,,12,2,1.0,11,4,,,,,,1.0,,,,6.0,,,,2024
Dudley,132,76,,,,1.0,3.0,3.0,,,,,1.0,13,50,8,,,40,1.0,,7,1.0,15,,,1,,2.0,,,1.0,,1.0,,,4,2,,1,,4,,,16,12,,,,,,,,,,4.0,,,,2024
East Brookfield,63,18,,,,,1.0,1.0,,,,,,6,4,7,,,42,2.0,,3,1.0,20,3.0,,4,,2.0,,,1.0,,1.0,,,,1,,,,2,1,1.0,3,,,,,,,,,,,3.0,,,,2024
Fitchburg,"2,068",717,1.0,,,2.0,17.0,16.0,1.0,,22.0,,6.0,174,451,44,,,"1,249",7.0,,116,8.0,456,5.0,5.0,55,5.0,59.0,,,,,15.0,1.0,1.0,52,33,,142,8.0,199,53,29.0,102,42,,,2.0,,,8.0,,,,49.0,1.0,,,2024
Fitchburg SC,59,9,,,,,,,,,,,,,4,5,,,50,,,3,,28,,,2,,,,,,,,,,3,,,7,,7,,,,,,,,,,,,,,,,,,2024
Fitchburg State College,,,,,,,,,,,,,,,,,,,,,,,,,,,,,,,,,,,,,,,,,,,,,,,,,,,,,,,,,,,,2024
Gardner,563,197,,,,3.0,6.0,6.0,,,10.0,,7.0,63,75,33,,,323,3.0,,19,8.0,86,2.0,,33,4.0,49.0,,,2.0,,1.0,,,32,7,,7,,55,12,3.0,43,28,,,,,,4.0,,,,11.0,,,,2024
Grafton,209,69,,,,1.0,1.0,1.0,,,6.0,,1.0,13,29,18,,,125,1.0,,7,1.0,25,1.0,3.0,10,2.0,34.0,,1.0,6.0,,,,,2,1,,5,,17,4,5.0,15,5,,,,,,2.0,,,,8.0,,,,2024
Hardwick,48,20,,,,,1.0,1.0,,,1.0,,1.0,5,7,5,,,27,,,3,2.0,6,7.0,,1,,4.0,,,,,,,,,2,,,,,2,,1,,,,,,,1.0,,,,,,,,2024
Harvard,54,8,,,,,2.0,,1.0,1.0,1.0,,,2,1,2,,,43,,,1,1.0,8,,,10,2.0,10.0,,,,,,,,,3,,1,,7,,,3,1,,,,,,,,,,2.0,,,,2024
Holden,174,39,,,,,6.0,6.0,,,2.0,,2.0,5,22,2,,,116,,,5,3.0,20,,,12,1.0,20.0,,,4.0,,,,,6,4,,2,1.0,28,8,2.0,19,11,,,,,,3.0,,,,5.0,,,,2024
Hopedale,85,28,,,,,1.0,1.0,,,,,2.0,3,11,11,,,44,,,3,1.0,6,,,8,1.0,10.0,,,1.0,,,,,1,3,,1,,6,2,1.0,13,8,,,,,,2.0,1.0,1.0,,1.0,,,,2024
Hubbardston,58,28,,,,,,,,,,,,2,22,4,,,25,,,3,,11,,,1,,2.0,,,,,1.0,1.0,,,1,,,,3,2,,5,2,1.0,,,,,,,,,2.0,,,,2024
Lancaster,200,53,,,,1.0,1.0,1.0,,,3.0,,1.0,12,22,13,,,139,,,19,2.0,38,1.0,,20,1.0,17.0,,,,,,1.0,,2,4,,1,,25,7,1.0,8,2,,,,,,4.0,,,,2.0,,,,2024
Leicester,320,95,,,,1.0,3.0,2.0,1.0,,3.0,,5.0,31,37,15,,,164,1.0,,9,2.0,31,,,29,3.0,14.0,,,1.0,,1.0,1.0,,33,10,,1,,20,7,1.0,61,42,1.0,,,,,5.0,2.0,,,11.0,,,,2024
Leominster,"1,950",798,2.0,,,6.0,18.0,13.0,5.0,,4.0,1.0,5.0,188,424,150,,,"1,066",5.0,,54,17.0,189,4.0,6.0,112,9.0,93.0,,,1.0,1.0,15.0,3.0,1.0,217,32,,61,2.0,184,53,7.0,86,46,1.0,,6.0,,,9.0,2.0,2.0,,20.0,,,,2024
Lunenburg,269,50,,,,,4.0,3.0,1.0,,,,1.0,9,26,9,1.0,,210,,,12,8.0,27,1.0,1.0,29,2.0,13.0,,2.0,,,,,,67,5,,5,2.0,29,6,1.0,9,4,,,,,,4.0,,,,1.0,,,,2024
MBTA - Worcester County,,,,,,,,,,,,,,,,,,,,,,,,,,,,,,,,,,,,,,,,,,,,,,,,,,,,,,,,,,,,2024
Mendon,109,24,,,,,,,,,,,,8,11,5,,,78,,,6,11.0,25,,2.0,1,,,,,7.0,,,,,2,3,,,,11,3,7.0,7,3,,,,,,2.0,,,,2.0,,,,2024
Milford,960,335,1.0,,,3.0,17.0,14.0,3.0,,1.0,7.0,18.0,66,181,40,1.0,,562,2.0,,24,29.0,95,1.0,4.0,58,7.0,38.0,,,3.0,,5.0,,1.0,111,13,,35,2.0,100,19,15.0,63,40,1.0,,,,,13.0,,,,8.0,1.0,,,2024
Millbury,507,94,,,,,4.0,2.0,2.0,,,,,19,50,21,,,383,1.0,,6,8.0,33,,1.0,41,5.0,34.0,,,3.0,,,,,146,3,,3,,61,12,26.0,30,23,,,,,,4.0,,,,3.0,,,,2024
Millville,14,6,,,,,1.0,1.0,,,,,,,5,,,,7,,,2,,3,,,,,,,,,,,,,,,,,,2,,,1,1,,,,,,,,,,,,,,2024
Mount Wachusett CC,6,3,,,,,,,,,,,,,3,,,,3,,,,1.0,,,,,,,,,,,,,,,,,,1.0,1,,,,,,,,,,,,,,,,,,2024
New Braintree,10,3,,,,,,,,,,,1.0,1,1,,,,7,,,,,2,,,2,1.0,2.0,,,,,,,,,,,,,,,,,,,,,,,,,,,,,,,2024
North Brookfield,,,,,,,,,,,,,,,,,,,,,,,,,,,,,,,,,,,,,,,,,,,,,,,,,,,,,,,,,,,,2024
Northborough,221,5,,,,,,,,,,,,4,1,,,,205,,,2,15.0,2,,,15,12.0,8.0,7.0,10.0,53.0,3.0,,,,68,,,1,,9,,,11,4,,,,,,,,,,6.0,1.0,,,2024
Northbridge,248,64,,,,,2.0,1.0,1.0,,3.0,1.0,3.0,9,38,8,,,156,1.0,,10,5.0,48,,1.0,21,1.0,15.0,,,1.0,,1.0,,,4,1,,4,,38,4,1.0,28,16,,,,,,6.0,,,,6.0,,,,2024
Oakham,29,8,,,,2.0,,,,,,,,3,1,2,,,20,,,1,,6,,,3,,6.0,,,,,,,,,2,,1,,1,,,1,,,,,,,,,,,1.0,,,,2024
Oxford,270,91,,,,,5.0,2.0,3.0,,2.0,,4.0,26,46,8,,,157,,,9,2.0,42,,,18,1.0,4.0,,,1.0,,2.0,1.0,1.0,32,11,,2,,20,8,3.0,22,12,,,,,,8.0,,,,2.0,,,,2024
Paxton,59,17,,,,,,,,,1.0,,,3,8,5,,,32,,,5,,4,,,2,1.0,4.0,,,2.0,,,,,,,,1,,11,2,,10,8,,,,,,,,,,2.0,,,,2024
Petersham,,,,,,,,,,,,,,,,,,,,,,,,,,,,,,,,,,,,,,,,,,,,,,,,,,,,,,,,,,,,2024
Phillipston,,,,,,,,,,,,,,,,,,,,,,,,,,,,,,,,,,,,,,,,,,,,,,,,,,,,,,,,,,,,2024
Princeton,45,6,,,,1.0,,,,,,,,2,3,,,,39,,,6,,8,,,3,2.0,10.0,,,,,,,,1,,,,,6,1,2.0,,,,,,,,,,,,,,,,2024
Quinsigamond CC,14,,,,,,,,,,,,,,,,,,14,,,,1.0,8,,,,,1.0,,,,,,,,,3,,,,1,,,,,,,,,,,,,,,,,,2024
Royalston,6,2,,,,,,,,,,,,2,,,,,4,,,,,2,,,1,,,,,1.0,,,,,,,,,,,,,,,,,,,,,,,,,,,,2024
Rutland,156,52,,,,,2.0,2.0,,,,,,8,28,14,,,94,,,3,,31,,3.0,8,3.0,19.0,,1.0,5.0,,,,,,2,,,,15,3,1.0,10,5,,,,,,2.0,,,,3.0,,,,2024
Shrewsbury,519,81,,,,,1.0,1.0,,,,,,10,68,2,,,380,,,20,8.0,22,,,,1.0,,,,88.0,,1.0,,,59,9,,10,2.0,152,8,,58,54,,,,,,,,,,4.0,,,,2024
Southborough,77,15,,,,,3.0,3.0,,,1.0,,,3,6,2,,,56,,,2,2.0,14,,,7,,8.0,,,,,,,,,1,,,2.0,18,1,1.0,6,2,,,,,,,,,,4.0,,,,2024
Southbridge,614,232,,,,2.0,12.0,10.0,2.0,,,3.0,6.0,52,114,43,,,311,1.0,,17,6.0,104,,2.0,26,2.0,35.0,,,2.0,,3.0,,,21,9,,1,3.0,48,24,7.0,71,49,,,,,,1.0,,,1.0,19.0,1.0,,,2024
Spencer,153,26,,,,,,,,,1.0,,,10,15,,,,118,,,3,6.0,15,,,2,2.0,5.0,15.0,36.0,2.0,,,,,2,2,,1,,17,9,1.0,9,7,1.0,,,,,,,,,,1.0,,,2024
Sterling,105,31,,,,2.0,2.0,2.0,,,,,1.0,6,14,6,,,72,1.0,,5,1.0,9,,,13,5.0,19.0,,,,,,,,,3,,2,2.0,12,,,2,1,,,,,,,,,,,1.0,,,2024
Sturbridge,294,82,,,,,5.0,5.0,,,11.0,,4.0,15,26,21,,,169,,,7,11.0,23,1.0,,16,4.0,14.0,,,,,2.0,,,17,3,,4,,55,5,7.0,43,29,,,,,,8.0,,,,6.0,,,,2024
Sutton,216,56,,,,,2.0,1.0,1.0,,,,2.0,9,23,20,,,123,,,8,11.0,19,,1.0,16,2.0,29.0,,,2.0,,1.0,2.0,,4,7,,,,13,1,7.0,37,26,,,,,,2.0,2.0,1.0,,6.0,,,,2024
Templeton,88,31,,,,,1.0,1.0,,,2.0,,,9,14,5,,,53,,,6,1.0,12,,,3,,10.0,,,,,,,,1,2,,1,,8,9,,4,2,,,,,,,,,,1.0,1.0,,,2024
Tufts University Worcester,5,,,,,,,,,,,,,,,,,,5,,,1,,,,,,,,,,,,,,,,,,1,,2,1,,,,,,,,,,,,,,,,,2024
Tufts University Worcester,,,,,,,,,,,,,,,,,,,,,,,,,,,,,,,,,,,,,,,,,,,,,,,,,,,,,,,,,,,,2024
U-Mass Worcester,493,376,,,,1.0,4.0,1.0,3.0,,,,,11,338,22,,,69,1.0,,2,,29,,,2,,1.0,,,,,,,,,13,,2,,19,,,48,22,1.0,,,,,,,,,25.0,,,,2024
U-Mass Worcester MA014UM00,,,,,,,,,,,,,,,,,,,,,,,,,,,,,,,,,,,,,,,,,,,,,,,,,,,,,,,,,,,,2024
Upton,89,32,,,,,,,,,,,1.0,3,18,10,,,53,,,2,2.0,10,,1.0,5,,23.0,,,,,,,,,1,,2,1.0,2,3,1.0,4,2,,,,,,2.0,,,,,,,,2024
Uxbridge,205,56,,,,,1.0,1.0,,,2.0,,2.0,15,17,19,,,133,1.0,,9,2.0,35,2.0,,19,3.0,14.0,,,,,,,,11,2,,2,,25,7,1.0,16,6,,,,,,2.0,,,,8.0,,,,2024
Warren,93,30,,,,,2.0,2.0,,,,,1.0,9,9,9,,,49,,,2,4.0,10,,1.0,4,1.0,6.0,,,1.0,,,,,4,2,,,,11,2,1.0,14,11,,,,,,1.0,,,,2.0,,,,2024
Webster,758,376,,,,1.0,11.0,6.0,5.0,,11.0,,10.0,101,218,24,,,328,2.0,,21,4.0,98,1.0,1.0,21,5.0,34.0,,,4.0,1.0,3.0,3.0,2.0,18,13,,14,,61,19,3.0,54,46,,,,,,,,,,8.0,,,,2024
West Boylston,63,18,,,,1.0,2.0,2.0,,,2.0,,,7,4,2,,,44,,,3,1.0,5,,2.0,4,,6.0,,,2.0,,,,,8,3,,,,10,,,1,,,,,,,,,,,,1.0,,,2024
West Brookfield,31,7,,,,,1.0,1.0,,,,,,4,2,,,,24,,,5,1.0,6,6.0,,1,,2.0,,,,,,,,,,,2,,1,,,,,,,,,,,,,,,,,,2024
Westborough,642,225,,,,2.0,16.0,10.0,6.0,,3.0,,2.0,33,133,36,,,390,1.0,,24,12.0,75,,3.0,44,7.0,39.0,,4.0,2.0,1.0,2.0,1.0,1.0,28,16,,16,7.0,80,18,9.0,27,15,1.0,,,,,5.0,,,,6.0,,,,2024
Westminster,156,41,,,,,6.0,3.0,1.0,2.0,2.0,1.0,5.0,8,15,4,,,94,,,4,4.0,16,,,6,,14.0,,,,,,,,2,3,,,,38,3,4.0,21,8,,,,,,5.0,,,,8.0,,,,2024
Winchendon,324,132,,,,2.0,3.0,3.0,,,12.0,,3.0,22,69,21,,,162,1.0,,16,,53,1.0,1.0,17,,22.0,,,,,,,,4,1,,3,1.0,25,11,6.0,30,20,,,,,,4.0,,,,6.0,,,,2024
Worcester,"3,364","1,191",15.0,1.0,,21.0,10.0,9.0,1.0,,9.0,,3.0,328,622,181,,1.0,"2,027",2.0,,155,34.0,425,8.0,14.0,136,110.0,12.0,44.0,68.0,100.0,13.0,66.0,2.0,1.0,243,126,,157,68.0,113,117,13.0,146,110,,,,,,2.0,4.0,,,29.0,1.0,,,2024
Worcester Polytechnic In,51,6,,,,,,,,,,,,2,3,1,,,44,1.0,,2,,14,,1.0,2,1.0,2.0,,,,,2.0,,,,4,,,,14,1,,1,,,,,,,,,,,1.0,,,,2024
Worcester State,46,12,,,,,,,,,,,,,6,6,,,25,,,3,,9,,,1,,,,,,,,,,,8,,,,4,,,9,6,2.0,,,,,,,,,1.0,,,,2024
Worcester State Police,247,54,,,,,,,,,,,,12,41,1,,,12,,,,,6,,,,,,,,1.0,,,,,3,,,,,1,1,,181,145,1.0,,,,,2.0,,,,33.0,,,,2024
Worcester State Police Holden,,,,,,,,,,,,,,,,,,,,,,,,,,,,,,,,,,,,,,,,,,,,,,,,,,,,,,,,,,,,2024
Worcester State Police Weston,,,,,,,,,,,,,,,,,,,,,,,,,,,,,,,,,,,,,,,,,,,,,,,,,,,,,,,,,,,,2024
Worcester State University,,,,,,,,,,,,,,,,,,,,,,,,,,,,,,,,,,,,,,,,,,,,,,,,,,,,,,,,,,,,2024
Missing,,,,,,,,,,,,,,,,,,,,,,,,,,,,,,,,,,,,,,,,,,,,,,,,,,,,,,,,,,,,2024
MSCPA Police,,,,,,,,,,,,,,,,,,,,,,,,,,,,,,,,,,,,,,,,,,,,,,,,,,,,,,,,,,,,2024
Suffolk University,,,,,,,,,,,,,,,,,,,,,,,,,,,,,,,,,,,,,,,,,,,,,,,,,,,,,,,,,,,,2024
Jurisdiction by Geography,,,,,,,,,,,,,,,,,,,,,,,,,,,,,,,,,,,,,,,,,,,,,,,,,,,,,,,,,,,,2023
Barnstable,"1,722",631,,,,3.0,29.0,20.0,7.0,2.0,33.0,,,174,309,83,,,881,1.0,,65,30.0,186,11.0,11.0,19,35,3.0,,86.0,49,1.0,8.0,1.0,1.0,134,54,,39,15.0,91,31,10.0,210,155,,,,,,13.0,,,2.0,37.0,3.0,,,2023
Barnstable State Police,31,6,,,,,,,,,,,,1,5,,,,,,,,,,,,,,,,,,,,,,,,,,,,,,25,22,,,,,,,,,,3.0,,,,2023
Barnstable State Police Middleboro,,,,,,,,,,,,,,,,,,,,,,,,,,,,,,,,,,,,,,,,,,,,,,,,,,,,,,,,,,,,2023
Bourne,772,299,,,,2.0,13.0,12.0,,1.0,15.0,,2.0,40,171,56,,,435,2.0,,47,14.0,98,1.0,6.0,49,9,65.0,,,3,,,2.0,1.0,16,12,,4,,87,14,5.0,38,22,,,1.0,,,7.0,,,,7.0,1.0,,,2023
Brewster,107,29,,,,,2.0,2.0,,,1.0,,3.0,12,5,6,,,71,,,6,2.0,11,,,9,,5.0,,1.0,,,,,,1,5,,2,,26,2,1.0,7,2,,,,,,2.0,,,,3.0,,,,2023
Cape Cod Community College,4,,,,,,,,,,,,,,,,,,4,,,,,3,,,,,,,,,,,,,,,,,,1,,,,,,,,,,,,,,,,,,2023
Chatham,103,21,,,,,1.0,1.0,,,,,,5,11,4,,,80,,,6,3.0,20,,,10,1,7.0,,,,,,,,5,4,,1,,23,,,2,,,,,,,1.0,,,,1.0,,,,2023
Dennis,469,160,,,,,5.0,4.0,1.0,,4.0,,7.0,34,97,13,,,263,2.0,,40,8.0,59,1.0,2.0,18,5,13.0,,1.0,,,1.0,,,7,14,,9,1.0,73,7,2.0,46,35,,,,,,2.0,,,,9.0,,,,2023
Eastham,108,34,,,,1.0,5.0,5.0,,,4.0,,,8,12,4,,,66,1.0,,4,1.0,16,,,8,2,13.0,,,,,,,,1,1,,1,,17,,1.0,8,7,,,,,,1.0,,,,,,,,2023
Falmouth,"1,116",433,,,,13.0,12.0,11.0,1.0,,7.0,1.0,,76,253,71,,,625,3.0,,76,16.0,174,2.0,7.0,66,3,79.0,,,,,9.0,,2.0,12,37,,,,116,15,8.0,58,31,,,,,,11.0,1.0,,,15.0,,,,2023
Harwich,252,86,,,,,5.0,5.0,,,1.0,2.0,2.0,9,58,9,,,153,1.0,,17,1.0,24,,1.0,14,3,16.0,,,,,,,,6,9,,,,56,5,,13,4,,,,,,3.0,,,,6.0,,,,2023
Mashpee,328,98,,,,,8.0,6.0,2.0,,1.0,,4.0,15,42,28,,,203,,1.0,9,7.0,61,1.0,,31,,20.0,,,1,,1.0,,,18,5,,1,,44,1,2.0,27,21,1.0,,,,,2.0,1.0,,,2.0,,,,2023
MBTA - Barnstable County,,,,,,,,,,,,,,,,,,,,,,,,,,,,,,,,,,,,,,,,,,,,,,,,,,,,,,,,,,,,2023
Orleans,168,36,,,,,2.0,2.0,,,,,,3,25,6,,,124,,,8,2.0,29,1.0,,10,2,4.0,,5.0,8,,1.0,,,8,8,,,1.0,29,4,4.0,8,7,,,,,,1.0,,,,,,,,2023
Provincetown,164,45,,,,4.0,3.0,2.0,1.0,,1.0,,1.0,14,16,6,,,111,,,6,4.0,37,,,5,4,4.0,,1.0,,,,,,11,7,,3,,23,3,3.0,8,5,,,,,,1.0,,,,2.0,,,,2023
Sandwich,429,135,,,,,4.0,3.0,1.0,,2.0,1.0,11.0,19,74,23,1.0,,272,,,14,12.0,56,,,19,2,73.0,,,,,1.0,,,9,8,,6,1.0,66,3,2.0,22,9,,,,,,3.0,1.0,,,9.0,,,,2023
Truro,40,12,,,,,2.0,2.0,,,,,,2,6,2,,,27,,,4,,6,,,3,,2.0,,,,,1.0,,,,2,,,,8,1,,1,1,,,,,,,,,,,,,,2023
Wellfleet,48,16,,,,,3.0,3.0,,,,,,5,5,3,,,31,,,3,1.0,16,,,1,,,,,,,,,,,2,,2,,6,,,1,1,,,,,,,,,,,,,,2023
Yarmouth,889,308,,,,4.0,16.0,16.0,,,7.0,,10.0,60,153,56,1.0,1.0,504,1.0,,40,18.0,114,,2.0,52,9,40.0,,,2,,5.0,4.0,,25,16,,22,,141,10,3.0,77,56,,,1.0,,,4.0,,,,16.0,,,,2023
Adams,272,79,,,,1.0,4.0,2.0,2.0,,4.0,,1.0,14,50,5,,,169,,,23,4.0,40,1.0,,13,1,4.0,,,,,,,,12,8,,17,,37,5,4.0,24,20,,,,,,1.0,,,,3.0,,,,2023
Alford,,,,,,,,,,,,,,,,,,,,,,,,,,,,,,,,,,,,,,,,,,,,,,,,,,,,,,,,,,,,2023
Becket,15,6,,,,,,,,,,,,2,4,,,,7,,,1,,1,,,,,1.0,,,,,,,,,2,,,,2,,,2,1,,,,,,,,,,1.0,,,,2023
Berkshire State Police,152,37,,1.0,,,,,,,,,,2,34,,,,17,,,4,,3,,,,2,,,,1,,,,,1,,,,,3,2,1.0,98,88,,,,,,2.0,,,,8.0,,,,2023
Berkshire State Police Northampton,,,,,,,,,,,,,,,,,,,,,,,,,,,,,,,,,,,,,,,,,,,,,,,,,,,,,,,,,,,,2023
Berkshire State Police Weston,,,,,,,,,,,,,,,,,,,,,,,,,,,,,,,,,,,,,,,,,,,,,,,,,,,,,,,,,,,,2023
Cheshire,26,6,,,,,,,,,,,,1,3,2,,,12,,,,,4,1.0,,1,,1.0,,,,,,,,,4,,,,,1,,8,4,3.0,,,,,,,,,1.0,,,,2023
Clarksburg,11,3,,,,,,,,,,,,3,,,,,7,,,2,,2,,,1,,,,,,,,,,,,,,,1,,1.0,1,1,,,,,,,,,,,,,,2023
Dalton,126,45,,,,,5.0,3.0,2.0,,,,1.0,7,21,11,,,79,,,5,2.0,21,,,7,3,20.0,,,1,,1.0,,,2,3,,1,,7,5,1.0,2,1,,,,,,,,,,1.0,,,,2023
Egremont,27,11,,,,,,,,,,,1.0,1,3,6,,,15,,,,,6,,,3,,,,1.0,,,,,,,1,,1,,3,,,1,,,,,,,,,,,1.0,,,,2023
Florida,,,,,,,,,,,,,,,,,,,,,,,,,,,,,,,,,,,,,,,,,,,,,,,,,,,,,,,,,,,,2023
Great Barrington,167,51,,,,1.0,10.0,9.0,1.0,,2.0,,1.0,7,25,5,,,106,2.0,,9,4.0,41,1.0,,8,1,2.0,,,,,2.0,,,9,2,,4,,14,4,3.0,10,4,,,,,,4.0,,,,2.0,,,,2023
Hancock,,,,,,,,,,,,,,,,,,,,,,,,,,,,,,,,,,,,,,,,,,,,,,,,,,,,,,,,,,,,2023
Hinsdale,7,6,,,,,,,,,,,,5,1,,,,,,,,,,,,,,,,,,,,,,,,,,,,,,1,,,,,,,1.0,,,,,,,,2023
Lanesboro,75,24,,,,,,,,,,,,1,9,14,,,49,,,4,1.0,7,,,3,1,1.0,,,5,,,,,18,1,,1,1.0,1,5,,2,1,,,,,,,,,,1.0,,,,2023
Lee,186,58,,,,,2.0,2.0,,,2.0,,2.0,18,25,9,,,123,,,8,4.0,20,1.0,,7,1,13.0,,,1,,1.0,,,24,8,,4,,25,5,1.0,5,1,,,,,,2.0,1.0,,,1.0,,,,2023
Lenox,137,21,,,,,2.0,2.0,,,2.0,,,5,10,2,,,112,,,12,2.0,15,,,9,,6.0,,,,,1.0,,,34,2,,4,,25,1,1.0,4,3,,,,,,,,,,1.0,,,,2023
MA College of Liberal Arts,14,2,,,,,,,,,,,,1,1,,,,12,,,,,4,,1.0,1,,,,,,,,,,,3,,2,,1,,,,,,,,,,,,,,,,,,2023
MBTA - Berkshire County,,,,,,,,,,,,,,,,,,,,,,,,,,,,,,,,,,,,,,,,,,,,,,,,,,,,,,,,,,,,2023
Monterey,8,3,,,,,1.0,1.0,,,,,,,2,,,,4,,,,,,,,,,,,,1,,,,,,1,,1,,1,,,1,,,,,,,,,,,,1.0,,,2023
Mount Washington,,,,,,,,,,,,,,,,,,,,,,,,,,,,,,,,,,,,,,,,,,,,,,,,,,,,,,,,,,,,2023
New Ashford,,,,,,,,,,,,,,,,,,,,,,,,,,,,,,,,,,,,,,,,,,,,,,,,,,,,,,,,,,,,2023
New Marlboro,13,,,,,,,,,,,,,,,,,,9,,,2,,3,,,2,,,,,,,,,,,,,,,1,1,,4,2,,,,,,,,,,2.0,,,,2023
North Adams,949,346,,,,,8.0,5.0,3.0,,,,,122,170,46,,,524,5.0,,55,7.0,126,,2.0,19,5,18.0,,2.0,,,7.0,1.0,,127,22,,19,4.0,88,8,9.0,79,56,1.0,,,,,8.0,,,,14.0,,,,2023
Otis,32,12,,,,,1.0,1.0,,,,,,3,6,2,,,20,,,5,,3,,,1,,2.0,,,,,,,,,,,6,,3,,,,,,,,,,,,,,,,,,2023
Peru,,,,,,,,,,,,,,,,,,,,,,,,,,,,,,,,,,,,,,,,,,,,,,,,,,,,,,,,,,,,2023
Pittsfield,"1,728",485,,,,5.0,37.0,30.0,7.0,,5.0,4.0,16.0,222,130,64,,2.0,"1,108",5.0,,187,24.0,321,4.0,2.0,55,6,72.0,,3.0,2,,22.0,,1.0,101,15,,57,11.0,139,61,20.0,135,90,,,,,,8.0,,,,37.0,,,,2023
Richmond,,,,,,,,,,,,,,,,,,,,,,,,,,,,,,,,,,,,,,,,,,,,,,,,,,,,,,,,,,,,2023
Sandisfield,,,,,,,,,,,,,,,,,,,,,,,,,,,,,,,,,,,,,,,,,,,,,,,,,,,,,,,,,,,,2023
Savoy,,,,,,,,,,,,,,,,,,,,,,,,,,,,,,,,,,,,,,,,,,,,,,,,,,,,,,,,,,,,2023
Sheffield,,,,,,,,,,,,,,,,,,,,,,,,,,,,,,,,,,,,,,,,,,,,,,,,,,,,,,,,,,,,2023
Stockbridge,53,13,,,,,,,,,,,,3,6,4,,,39,,,2,3.0,9,,,1,,3.0,,,,,,,,1,5,,5,1.0,8,1,,1,1,,,,,,,,,,,,,,2023
Tyringham,,,,,,,,,,,,,,,,,,,,,,,,,,,,,,,,,,,,,,,,,,,,,,,,,,,,,,,,,,,,2023
Washington,,,,,,,,,,,,,,,,,,,,,,,,,,,,,,,,,,,,,,,,,,,,,,,,,,,,,,,,,,,,2023
West Stockbridge,,,,,,,,,,,,,,,,,,,,,,,,,,,,,,,,,,,,,,,,,,,,,,,,,,,,,,,,,,,,2023
Williamstown,152,30,,,,,2.0,2.0,,,,,,4,15,9,,,109,,,10,2.0,22,,,3,,,,1.0,,,4.0,,,7,11,,2,,38,7,2.0,13,5,,,,,,2.0,,,,6.0,,,,2023
Windsor,,,,,,,,,,,,,,,,,,,,,,,,,,,,,,,,,,,,,,,,,,,,,,,,,,,,,,,,,,,,2023
Acushnet,198,54,,,,,3.0,1.0,2.0,,,,1.0,19,22,9,,,137,,,4,3.0,21,3.0,1.0,19,2,31.0,,,3,,1.0,,,1,5,,14,,23,3,3.0,7,4,,,,,,2.0,,,,1.0,,,,2023
Attleboro,"1,840",532,,,,5.0,8.0,3.0,3.0,2.0,8.0,1.0,6.0,91,350,63,,,"1,206",8.0,,67,31.0,232,7.0,25.0,139,30,1.0,1.0,30.0,133,6.0,19.0,4.0,1.0,115,66,,114,44.0,80,38,15.0,102,57,4.0,,,,,9.0,,,,28.0,4.0,,,2023
Berkley,90,23,,,,,1.0,1.0,,,1.0,,1.0,2,12,6,,,60,,1.0,4,3.0,7,1.0,,7,2,12.0,,1.0,1,,,,1.0,,3,,1,,9,2,5.0,7,2,,,,,,3.0,,,,2.0,,,,2023
Bristol Comm College,6,,,,,,,,,,,,,,,,,,6,,,,,5,,,,,,,,,,,,,,1,,,,,,,,,,,,,,,,,,,,,,2023
Bristol State Police,202,43,,6.0,,,,,,,1.0,,,6,28,2,,,7,,,,3.0,2,,,,,,,,,,,,,,,,,,1,1,,152,132,,,,,,,,,,20.0,,,,2023
Bristol State Police Framingham,,,,,,,,,,,,,,,,,,,,,,,,,,,,,,,,,,,,,,,,,,,,,,,,,,,,,,,,,,,,2023
Bristol State Police Middleboro,,,,,,,,,,,,,,,,,,,,,,,,,,,,,,,,,,,,,,,,,,,,,,,,,,,,,,,,,,,,2023
Dartmouth,"1,301",415,,,,2.0,7.0,5.0,1.0,1.0,6.0,,3.0,71,225,101,,,833,3.0,,32,7.0,147,7.0,5.0,45,18,1.0,,23.0,132,1.0,6.0,,2.0,179,32,,60,17.0,68,21,27.0,53,37,,,,,,3.0,2.0,,,10.0,1.0,,,2023
Dighton,131,50,,,,,4.0,4.0,,,1.0,,5.0,18,14,8,,,65,1.0,,3,2.0,15,,1.0,8,,14.0,,,,,,,,1,5,,,2.0,7,4,2.0,16,9,,,,,,2.0,,,,5.0,,,,2023
Easton,654,132,,,,,10.0,7.0,3.0,,6.0,1.0,5.0,31,62,17,,,492,2.0,,21,9.0,65,2.0,1.0,50,4,24.0,,,92,,2.0,1.0,,21,12,,33,,106,40,7.0,30,16,,,,,,7.0,,,,5.0,2.0,,,2023
Fairhaven,494,214,,,,1.0,11.0,11.0,,,,,5.0,42,88,66,1.0,,249,2.0,,8,7.0,48,,3.0,17,3,31.0,,1.0,2,,1.0,,,19,9,,18,3.0,60,12,5.0,31,19,,,,,,1.0,,,,11.0,,,,2023
Fall River,"5,316","2,421",4.0,,,27.0,61.0,58.0,3.0,,72.0,,3.0,712,"1,344",194,4.0,,"2,512",16.0,,217,39.0,594,3.0,8.0,106,51,13.0,,,122,,82.0,,,148,76,,265,101.0,440,187,44.0,383,177,,,,,,44.0,,,,154.0,8.0,,,2023
Freetown,268,104,1.0,,,1.0,3.0,3.0,,,2.0,1.0,8.0,24,46,17,,1.0,147,2.0,,12,3.0,40,,,14,,27.0,,,,,1.0,,,1,1,,9,1.0,26,6,4.0,17,8,,,,,,,,,,9.0,,,,2023
Mansfield,660,159,1.0,,,1.0,10.0,4.0,6.0,,,,,33,89,25,,,481,1.0,,15,9.0,76,,10.0,48,9,22.0,4.0,,79,1.0,4.0,,1.0,57,20,,29,4.0,66,17,9.0,20,9,1.0,,,,,1.0,,,,8.0,1.0,,,2023
MBTA - Bristol County,,,,,,,,,,,,,,,,,,,,,,,,,,,,,,,,,,,,,,,,,,,,,,,,,,,,,,,,,,,,2023
New Bedford,"6,491","2,614",4.0,,,21.0,56.0,37.0,19.0,,40.0,,2.0,352,"1,681",458,,,"3,272",6.0,1.0,252,43.0,920,54.0,14.0,228,20,191.0,,2.0,6,1.0,99.0,,3.0,109,175,,294,109.0,356,342,47.0,605,371,,,1.0,,,27.0,6.0,,,145.0,55.0,,,2023
North Attleborough,703,122,,,,1.0,1.0,1.0,,,,,,43,73,4,,,581,,,24,2.0,48,,1.0,89,5,,16.0,8.0,6,,,,,159,1,,57,1.0,149,15,,,,,,,,,,,,,,,,,2023
Norton,110,50,,,,,3.0,3.0,,,2.0,,3.0,17,21,4,,,47,1.0,,5,1.0,16,,,3,2,,,,1,,1.0,1.0,,2,2,,,,7,3,2.0,13,10,,,,,,,,,,3.0,,,,2023
Raynham,340,89,1.0,,,1.0,7.0,4.0,3.0,,1.0,,2.0,28,41,8,,,230,1.0,,11,10.0,18,,,30,4,6.0,,,1,,,1.0,,66,5,,7,,45,16,9.0,21,16,,,,,,,,,,5.0,,,,2023
Rehoboth,201,38,1.0,,,,1.0,1.0,,,,,1.0,6,14,15,,,148,,,10,7.0,29,,2.0,15,,47.0,,,,,,,,1,5,,3,1.0,18,6,4.0,15,7,,,,,,2.0,,,,6.0,,,,2023
Seekonk,670,110,,,,,5.0,3.0,2.0,,3.0,,1.0,32,50,18,1.0,,514,,,21,17.0,62,1.0,1.0,45,9,53.0,,,5,,5.0,,2.0,123,6,,17,7.0,104,25,11.0,46,35,,,,,,1.0,,2.0,,8.0,,,,2023
Somerset,550,165,,,,2.0,5.0,5.0,,,14.0,,10.0,23,54,56,,1.0,365,1.0,,16,13.0,51,1.0,1.0,42,2,71.0,,,,,1.0,1.0,,69,4,,7,,63,13,9.0,20,12,,,,,,2.0,1.0,,,5.0,,,,2023
Stonehill College,38,7,,,,,1.0,1.0,,,1.0,,,2,3,,,,28,,,,,20,,1.0,,1,,,,,,,,,,,,,,6,,,3,1,,,,,,,,,,2.0,,,,2023
Swansea,369,138,,,,1.0,5.0,2.0,2.0,1.0,1.0,2.0,4.0,20,73,32,,,213,,,14,6.0,41,1.0,2.0,22,1,17.0,,,,,,,,26,15,,4,3.0,46,11,4.0,18,8,,,,,,4.0,,,,6.0,,,,2023
Taunton,"1,713",592,1.0,,,3.0,17.0,11.0,6.0,,1.0,,7.0,276,238,49,,,"1,044",5.0,,57,11.0,236,,2.0,59,13,127.0,,,,,16.0,4.0,1.0,103,42,,57,35.0,208,61,7.0,77,49,,,,,,1.0,,,,24.0,3.0,,,2023
U-Mass Dartmouth,97,18,,1.0,,,5.0,5.0,,,2.0,,,3,4,3,,,79,2.0,,3,1.0,29,,1.0,6,1,2.0,,,,,,,,,5,,3,,24,1,1.0,,,,,,,,,,,,,,,,2023
Uncategorized,,,,,,,,,,,,,,,,,,,,,,,,,,,,,,,,,,,,,,,,,,,,,,,,,,,,,,,,,,,,2023
Westport,316,87,,,,1.0,3.0,3.0,,,,,3.0,18,47,15,,,211,,,9,10.0,34,2.0,,25,2,50.0,,,,,,,1.0,6,7,,8,1.0,38,14,4.0,18,10,,,,,,3.0,,,,5.0,,,,2023
Wheaton College,11,,,,,,,,,,,,,,,,,,11,,,4,,5,,,,,,,,,,,,,,1,,,,1,,,,,,,,,,,,,,,,,,2023
Aquinnah,3,,,,,,,,,,,,,,,,,,3,,,1,,1,,,,,,,,,,,,,,,,,,1,,,,,,,,,,,,,,,,,,2023
Chilmark,12,5,,,,1.0,,,,,,,,1,1,2,,,6,,,1,,2,,,3,,,,,,,,,,,,,,,,,,1,,,,,,,,,,,1.0,,,,2023
Dukes State Police,,,,,,,,,,,,,,,,,,,,,,,,,,,,,,,,,,,,,,,,,,,,,,,,,,,,,,,,,,,,2023
Dukes State Police Middleboro,,,,,,,,,,,,,,,,,,,,,,,,,,,,,,,,,,,,,,,,,,,,,,,,,,,,,,,,,,,,2023
Edgartown,127,31,,,,,2.0,2.0,,,,,,5,16,8,,,89,,,6,5.0,20,,,11,1,,,,,,,1.0,,16,2,,,,27,,,7,1,,,,,,2.0,,,,4.0,,,,2023
Gosnold,,,,,,,,,,,,,,,,,,,,,,,,,,,,,,,,,,,,,,,,,,,,,,,,,,,,,,,,,,,,2023
MBTA - Dukes County,,,,,,,,,,,,,,,,,,,,,,,,,,,,,,,,,,,,,,,,,,,,,,,,,,,,,,,,,,,,2023
Oak Bluffs,177,60,,,,,4.0,4.0,,,,,1.0,13,31,11,,,105,,,9,5.0,39,1.0,,7,1,,,,,,1.0,1.0,,11,3,,,,25,2,,12,8,,,,,,2.0,,,,2.0,,,,2023
Tisbury,189,78,,,,,3.0,3.0,,,,,1.0,29,43,2,,,102,1.0,1.0,12,4.0,26,,,15,,,,,,,1.0,1.0,,8,5,,,,25,3,,9,5,,,,,,1.0,,,,3.0,,,,2023
West Tisbury,47,10,,,,,,,,,,,,5,3,2,,,33,,,3,3.0,5,,,11,,,,,,,,,,1,2,,,,8,,,4,2,,,,,,,,,,2.0,,,,2023
Amesbury,512,167,,,,,6.0,5.0,1.0,,1.0,,5.0,20,90,45,,,320,3.0,,11,10.0,116,,5.0,19,1,33.0,,2.0,1,,2.0,3.0,1.0,3,24,,5,1.0,63,13,4.0,25,16,,,,,,4.0,,,,5.0,,,,2023
Andover,529,124,2.0,,,,5.0,4.0,1.0,,2.0,,1.0,9,80,25,,,378,,,18,8.0,81,,3.0,38,3,46.0,,,13,,,,1.0,10,21,,32,13.0,79,7,5.0,27,14,,,,,,5.0,,,,7.0,1.0,,,2023
Beverly,605,148,,,,,7.0,7.0,,,7.0,,2.0,48,74,10,,,443,,,12,,78,,3.0,21,28,2.0,,27.0,49,2.0,1.0,,3.0,14,16,,39,14.0,110,24,,14,9,2.0,,,,,,,,,2.0,1.0,,,2023
Boxford,92,13,,,,,,,,,,,,,3,10,,,79,,,4,4.0,6,,,14,6,,14.0,10.0,10,,,,,,1,,7,,3,,,,,,,,,,,,,,,,,,2023
Danvers,663,158,,,,,2.0,2.0,,,,,,33,102,21,,,479,2.0,,19,17.0,61,,4.0,24,7,51.0,,7.0,,,2.0,3.0,,152,8,,11,5.0,80,18,8.0,26,19,1.0,,,,,1.0,1.0,,,3.0,1.0,,,2023
Endicott College,15,6,,,,,2.0,2.0,,,1.0,,,1,2,,,,9,,,,,,,,,,,,,2,,,,,,6,,,,1,,,,,,,,,,,,,,,,,,2023
Essex,59,20,,,,2.0,,,,,1.0,,,6,8,3,,,36,,,4,1.0,7,,,11,,8.0,,,,,,,,,,,,,4,1,,3,1,,,,,,,,,,2.0,,,,2023
Essex State Police,190,21,,,,,,,,,,,,5,15,1,,,14,,,,4.0,2,,,1,,,,,,,,,,,,,,,1,5,1.0,155,118,,,,,,,,,,37.0,,,,2023
Essex State Police Framingham,,,,,,,,,,,,,,,,,,,,,,,,,,,,,,,,,,,,,,,,,,,,,,,,,,,,,,,,,,,,2023
Georgetown,132,33,,,,1.0,3.0,3.0,,,1.0,,,3,16,9,,,92,,,4,,25,1.0,1.0,15,1,8.0,,1.0,13,,,,,1,,,3,1.0,15,2,1.0,7,2,,,,,,1.0,,,,4.0,,,,2023
Gloucester,730,312,,,,2.0,11.0,11.0,,,6.0,,1.0,65,181,46,,,339,3.0,1.0,22,4.0,91,,1.0,35,4,35.0,,,,,1.0,2.0,1.0,29,20,,7,2.0,65,11,5.0,79,62,1.0,,2.0,,,4.0,1.0,,,9.0,,,,2023
Gordon College,24,2,,,,,1.0,1.0,,,1.0,,,,,,,,22,,,,,3,,,,,,,,,,,,,,6,,1,,12,,,,,,,,,,,,,,,,,,2023
Groveland,9,3,,,,,,,,,,,,,3,,,,5,1.0,,,,1,,,,,1.0,,1.0,,,,,,,,,,,,1,,1,,,,,,,,,,,1.0,,,,2023
Hamilton,90,27,,,,,2.0,2.0,,,,,1.0,5,6,12,1.0,,58,,,,,6,,,7,2,20.0,3.0,,,,,,,1,1,,2,,15,1,,5,,,,,,,3.0,,,,2.0,,,,2023
Haverhill,"2,763","1,375",,,,8.0,8.0,8.0,,,,,1.0,327,736,295,,,"1,152",3.0,1.0,67,28.0,281,,31.0,138,53,4.0,,,,,11.0,11.0,,60,16,,96,2.0,314,36,,236,162,,,,,,16.0,,,,58.0,,,,2023
Ipswich,164,32,,,,,,,,,,,,9,16,7,,,125,,,3,5.0,26,,,17,2,27.0,,,2,,,1.0,,3,6,,4,,28,,1.0,7,4,,,,,,,,,,3.0,,,,2023
Lawrence,"3,159","1,294",7.0,,,24.0,22.0,22.0,,,29.0,,4.0,351,757,100,,,"1,578",2.0,1.0,103,52.0,336,,1.0,57,30,,,,25,,48.0,5.0,4.0,60,43,,362,125.0,156,101,67.0,287,148,2.0,,,,,6.0,3.0,2.0,,126.0,,,,2023
Lynn,"3,552","1,560",4.0,,,11.0,29.0,29.0,,,42.0,,6.0,398,973,97,,,"1,742",2.0,,157,32.0,335,,4.0,130,113,8.0,,,,,55.0,23.0,,146,50,,62,13.0,434,178,,250,135,,,,,,7.0,12.0,12.0,,84.0,,,,2023
Lynnfield,223,53,,,,,1.0,1.0,,,,,,19,23,10,,,167,,,7,3.0,26,,,10,6,31.0,,,,,,,3.0,11,3,,,1.0,59,7,,3,1,,,,,,1.0,,,,1.0,,,,2023
Manchester-by-the-sea,79,9,,,,1.0,1.0,1.0,,,,,,1,,6,,,62,1.0,,,4.0,11,,2.0,6,1,12.0,,5.0,1,,,,,1,3,,1,,11,1,2.0,8,5,,,,,,2.0,,,,1.0,,,,2023
Marblehead,339,69,,,,,3.0,1.0,2.0,,,,1.0,21,23,21,,,264,,,22,7.0,77,3.0,2.0,25,1,10.0,,,,,,,,6,11,,23,,71,6,,6,2,,,,,,4.0,,,,,,,,2023
MBTA - Essex County,,,,,,,,,,,,,,,,,,,,,,,,,,,,,,,,,,,,,,,,,,,,,,,,,,,,,,,,,,,,2023
Merrimac,75,13,,,,,,,,,,,,1,10,2,,,57,,,1,1.0,12,,,5,1,5.0,,3.0,4,1.0,,,,1,,,,,18,3,2.0,5,4,,,,,,,,,,1.0,,,,2023
Merrimack College,44,14,,,,,3.0,3.0,,,,,,4,7,,,,28,,,2,1.0,9,,3.0,,2,,,,,,,,,,1,,,,10,,,2,,,,,,,,,,,2.0,,,,2023
Methuen,"1,343",382,1.0,,,2.0,2.0,2.0,,,3.0,,3.0,102,240,29,,,876,,,20,25.0,167,2.0,5.0,48,25,59.0,,16.0,61,,7.0,,1.0,206,11,,68,26.0,101,22,6.0,85,62,4.0,,,,,5.0,,1.0,,12.0,1.0,,,2023
Middleton,88,20,,,,,2.0,2.0,,,,,1.0,2,12,3,,,62,,,3,3.0,13,2.0,1.0,8,1,3.0,,,,,,,,5,6,,1,,14,1,1.0,6,2,,,,,,1.0,,1.0,,2.0,,,,2023
Nahant,36,6,,,,,,,,,,,,3,3,,,,29,,,2,1.0,6,,,6,2,5.0,,1.0,,,,,,,1,,2,,2,,1.0,1,,,,,,,1.0,,,,,,,,2023
Newbury,140,40,,,,1.0,1.0,1.0,,,1.0,,3.0,9,15,10,,,84,,,5,2.0,19,,,10,1,18.0,,,,,,1.0,,1,2,,,1.0,22,1,1.0,16,4,,,,,,7.0,,,,5.0,,,,2023
Newburyport,332,87,,,,,6.0,5.0,1.0,,,,3.0,17,40,21,,,232,,,6,6.0,44,,,30,3,44.0,,,,,,,,16,15,,5,,55,2,6.0,13,6,,,,,,1.0,1.0,,,5.0,,,,2023
North Andover,430,64,,,,,3.0,3.0,,,2.0,,,18,17,24,,,354,,,21,30.0,32,,,32,9,69.0,,,1,,1.0,,1.0,51,7,,33,4.0,48,8,7.0,12,7,,,,,,,,,,5.0,,,,2023
North Shore CC,,,,,,,,,,,,,,,,,,,,,,,,,,,,,,,,,,,,,,,,,,,,,,,,,,,,,,,,,,,,2023
North Shore CC,13,3,,,,,,,,,,,,,1,2,,,10,,,2,,3,,,,,,,,,,,,,1,2,,,,2,,,,,,,,,,,,,,,,,,2023
North Shore Community College,,,,,,,,,,,,,,,,,,,,,,,,,,,,,,,,,,,,,,,,,,,,,,,,,,,,,,,,,,,,2023
Northern Essex Community College,,,,,,,,,,,,,,,,,,,,,,,,,,,,,,,,,,,,,,,,,,,,,,,,,,,,,,,,,,,,2023
Peabody,"1,418",473,,,,5.0,10.0,7.0,3.0,,4.0,,12.0,129,226,87,,,877,3.0,,39,15.0,171,1.0,1.0,66,13,103.0,,,1,,11.0,2.0,3.0,109,19,,35,,217,52,16.0,68,39,,,1.0,,,12.0,,,,16.0,,,,2023
Rockport,66,36,,,,,,,,,1.0,,2.0,9,23,1,,,29,,,3,2.0,8,,3.0,3,,,,,,,,,,,2,,2,,4,1,1.0,1,1,,,,,,,,,,,,,,2023
Rowley,90,14,,,,,1.0,1.0,,,,,,3,9,1,,,69,,,2,4.0,13,1.0,1.0,15,,16.0,,,4,,,,,2,1,,,,9,,1.0,7,3,,,,,,3.0,,,,,1.0,,,2023
Salem,"1,963",568,2.0,,,7.0,5.0,5.0,,,10.0,,,69,398,77,,,"1,312",2.0,,44,5.0,307,,,92,39,1.0,14.0,27.0,106,,10.0,,,119,8,,77,22.0,382,54,3.0,83,56,3.0,,,,,,1.0,,,17.0,6.0,,,2023
Salem State College,,,,,,,,,,,,,,,,,,,,,,,,,,,,,,,,,,,,,,,,,,,,,,,,,,,,,,,,,,,,2023
Salem State University,43,10,,,,1.0,1.0,1.0,,,,,,2,6,,,,33,,,4,,6,,1.0,1,,,,,,,,,,,3,,,,17,,1.0,,,,,,,,,,,,,,,,2023
Salisbury,326,113,,,,,2.0,2.0,,,3.0,,1.0,19,68,20,,,190,2.0,,21,7.0,67,2.0,1.0,28,1,8.0,,,,,,,,4,4,,3,1.0,30,7,4.0,23,17,,,,,,2.0,,,,4.0,,,,2023
Saugus,849,164,1.0,,,,6.0,5.0,1.0,,1.0,,3.0,55,80,18,,,658,,,32,15.0,94,2.0,1.0,60,13,84.0,,,2,,2.0,,,163,9,,42,1.0,83,42,13.0,27,15,,,,,,1.0,,,,11.0,,,,2023
Swampscott,271,53,,,,,,,,,,,,7,45,1,,,213,,,5,7.0,27,,1.0,21,46,,,,,,1.0,5.0,,28,4,,6,,53,9,,5,4,,,,,,,,,,1.0,,,,2023
Topsfield,80,17,,,,,,,,,,,,7,7,3,,,63,,,6,1.0,10,,,4,1,8.0,,,,,,,,,2,,2,,22,6,1.0,,,,,,,,,,,,,,,,2023
Wenham,60,5,,,,,,,,,,,,1,3,1,,,53,,,1,10.0,8,,,6,,14.0,,,3,,,,,,2,,,1.0,7,,1.0,2,2,,,,,,,,,,,,,,2023
West Newbury,41,9,,,,,2.0,,2.0,,,,,2,3,2,,,30,,,1,2.0,9,,,3,1,7.0,,,2,,,,,,,,,,5,,,2,,,,,,,1.0,,,,1.0,,,,2023
Ashfield,13,4,,,,,2.0,,2.0,,,,1.0,,1,,,,8,,,1,,1,,,,,1.0,,1.0,,,,,,,,,,,4,,,1,,,,,,,,,,,1.0,,,,2023
Bernardston,58,10,,,,,1.0,1.0,,,1.0,,1.0,2,4,1,,,42,,,6,,12,,1.0,3,,4.0,,,,,,,,,5,,2,,5,2,2.0,6,5,,,,,,,,,,1.0,,,,2023
Buckland,3,,,,,,,,,,,,,,,,,,3,,,,,2,,,,,1.0,,,,,,,,,,,,,,,,,,,,,,,,,,,,,,,2023
Charlemont,,,,,,,,,,,,,,,,,,,,,,,,,,,,,,,,,,,,,,,,,,,,,,,,,,,,,,,,,,,,2023
Colrain,,,,,,,,,,,,,,,,,,,,,,,,,,,,,,,,,,,,,,,,,,,,,,,,,,,,,,,,,,,,2023
Conway,,,,,,,,,,,,,,,,,,,,,,,,,,,,,,,,,,,,,,,,,,,,,,,,,,,,,,,,,,,,2023
Deerfield,116,33,,,,2.0,,,,,1.0,,2.0,4,17,7,,,74,,,9,2.0,15,,1.0,6,,6.0,,1.0,,,1.0,,,3,3,,2,1.0,14,6,4.0,9,4,,,,,,2.0,,,,3.0,,,,2023
Erving,38,6,,,,,,,,,,,,1,4,1,,,29,,,,,10,,,6,,7.0,,,,,,,,2,2,,,,1,,1.0,3,3,,,,,,,,,,,,,,2023
Franklin State Police,114,37,,,,,2.0,2.0,,,1.0,,,8,26,,,,3,,,1,,2,,,,,,,,,,,,,,,,,,,,,74,67,,,,,,,,,,6.0,1.0,,,2023
Franklin State Police Holden,,,,,,,,,,,,,,,,,,,,,,,,,,,,,,,,,,,,,,,,,,,,,,,,,,,,,,,,,,,,2023
Franklin State Police Northampton,,,,,,,,,,,,,,,,,,,,,,,,,,,,,,,,,,,,,,,,,,,,,,,,,,,,,,,,,,,,2023
Gill,16,5,,,,,,,,,1.0,,,,4,,,,11,,,,1.0,1,,,1,,,,,,,,,,,1,,2,1.0,2,1,1.0,,,,,,,,,,,,,,,,2023
Greenfield,877,290,,1.0,,4.0,14.0,11.0,3.0,,11.0,1.0,4.0,74,169,12,,,513,1.0,,58,7.0,120,,1.0,36,3,27.0,,,,,7.0,2.0,,47,24,,18,,139,12,11.0,74,56,2.0,,,,,1.0,,,,15.0,,,,2023
Greenfield CC,,,,,,,,,,,,,,,,,,,,,,,,,,,,,,,,,,,,,,,,,,,,,,,,,,,,,,,,,,,,2023
Hawley,,,,,,,,,,,,,,,,,,,,,,,,,,,,,,,,,,,,,,,,,,,,,,,,,,,,,,,,,,,,2023
Heath,,,,,,,,,,,,,,,,,,,,,,,,,,,,,,,,,,,,,,,,,,,,,,,,,,,,,,,,,,,,2023
Leverett,30,9,,,,,1.0,1.0,,,,,,2,5,1,,,21,,,2,,4,,,1,2,5.0,,1.0,1,,,,,1,,,,,4,,,,,,,,,,,,,,,,,,2023
Leyden,,,,,,,,,,,,,,,,,,,,,,,,,,,,,,,,,,,,,,,,,,,,,,,,,,,,,,,,,,,,2023
MBTA - Franklin County,,,,,,,,,,,,,,,,,,,,,,,,,,,,,,,,,,,,,,,,,,,,,,,,,,,,,,,,,,,,2023
Monroe,,,,,,,,,,,,,,,,,,,,,,,,,,,,,,,,,,,,,,,,,,,,,,,,,,,,,,,,,,,,2023
Montague,220,74,,,,,,,,,,,1.0,44,27,2,,,134,,,33,1.0,42,,,4,,3.0,,1.0,,,2.0,1.0,,11,4,,3,,25,2,2.0,12,9,,,,,,1.0,,,,2.0,,,,2023
New Salem,,,,,,,,,,,,,,,,,,,,,,,,,,,,,,,,,,,,,,,,,,,,,,,,,,,,,,,,,,,,2023
Northfield,50,10,,,,,,,,,,,,3,3,4,,,36,,,4,,6,,,8,,8.0,,,2,,,,,,1,,2,,3,1,1.0,4,1,,,,,,1.0,,,,2.0,,,,2023
Orange,221,74,,,,,9.0,6.0,3.0,,,2.0,5.0,14,34,10,,,106,,,2,1.0,23,,,14,,2.0,,,,,,,,41,1,,1,,11,9,1.0,41,30,,,,,,3.0,,,,7.0,1.0,,,2023
Rowe,,,,,,,,,,,,,,,,,,,,,,,,,,,,,,,,,,,,,,,,,,,,,,,,,,,,,,,,,,,,2023
Shelburne,51,19,,,,,1.0,1.0,,,1.0,,2.0,5,8,2,,,29,,,2,1.0,7,,1.0,3,,5.0,,,,,,,,1,2,,,,7,,,3,,,,,,,2.0,,,,1.0,,,,2023
Shutesbury,3,3,,,,,,,,,,,,,1,2,,,,,,,,,,,,,,,,,,,,,,,,,,,,,,,,,,,,,,,,,,,,2023
Sunderland,58,15,,,,,3.0,3.0,,,,,,5,3,4,,,39,,,2,1.0,7,,1.0,3,,8.0,,,1,,,,,2,3,,2,2.0,6,,1.0,4,2,,,,,,2.0,,,,,,,,2023
Warwick,6,2,,,,,,,,,,,,,1,1,,,3,,,,,2,,,,,,,,,,,,,,,,,,,1,,1,,,,,,,,,,,1.0,,,,2023
Wendell,,,,,,,,,,,,,,,,,,,,,,,,,,,,,,,,,,,,,,,,,,,,,,,,,,,,,,,,,,,,2023
Whately,18,1,,,,,,,,,,,,,1,,,,17,,,2,,4,,1.0,1,,2.0,,,,,,,,1,,,1,,5,,,,,,,,,,,,,,,,,,2023
Agawam,"1,196",278,,,,,8.0,7.0,1.0,,9.0,,3.0,66,137,55,,,862,2.0,,93,29.0,180,1.0,11.0,73,5,119.0,,,,,6.0,3.0,2.0,32,21,,7,9.0,188,66,15.0,56,33,,,,,,13.0,,,,10.0,,,,2023
Blandford,,,,,,,,,,,,,,,,,,,,,,,,,,,,,,,,,,,,,,,,,,,,,,,,,,,,,,,,,,,,2023
Brimfield,21,5,,,,,2.0,,2.0,,,,,2,1,,,,14,,,,1.0,4,1.0,,2,,,,,,,,,,2,,,1,1.0,,1,1.0,2,1,,,,,,,,,,,1.0,,,2023
Chester,,,,,,,,,,,,,,,,,,,,,,,,,,,,,,,,,,,,,,,,,,,,,,,,,,,,,,,,,,,,2023
Chicopee,"3,304","1,107",1.0,,,5.0,43.0,30.0,13.0,,16.0,1.0,24.0,255,521,241,,,"1,990",2.0,7.0,147,45.0,453,3.0,13.0,64,16,225.0,,1.0,3,,21.0,8.0,9.0,194,44,,88,6.0,492,118,31.0,207,112,,,,,,25.0,2.0,,,68.0,,,,2023
East Longmeadow,551,110,,,,,7.0,6.0,1.0,,1.0,1.0,7.0,35,34,25,,,421,1.0,,14,17.0,38,,5.0,42,4,69.0,,,6,,5.0,3.0,4.0,70,18,,30,2.0,75,13,5.0,20,9,,,,,,4.0,,,,7.0,,,,2023
Granville,24,2,,,,,,,,,,,,,2,,,,21,1.0,,,,1,,1.0,2,,2.0,,3.0,4,,,,,,1,,5,1.0,,,,1,,,,,,,1.0,,,,,,,,2023
Hampden,282,67,,,,1.0,2.0,2.0,,,4.0,1.0,3.0,10,29,17,,,206,1.0,,9,6.0,39,1.0,1.0,16,2,19.0,,,2,,,,,34,3,,14,,45,12,2.0,9,8,,,,,,,,,,1.0,,,,2023
Hampden State Police,352,76,,,,1.0,,,,,,,,8,66,1,,,17,1.0,,3,,11,,,,,,,,,,1.0,,,,,,,,,1,,259,220,,,,,,,,,,39.0,,,,2023
Hampden State Police Northampton,,,,,,,,,,,,,,,,,,,,,,,,,,,,,,,,,,,,,,,,,,,,,,,,,,,,,,,,,,,,2023
Hampden State Police Weston,,,,,,,,,,,,,,,,,,,,,,,,,,,,,,,,,,,,,,,,,,,,,,,,,,,,,,,,,,,,2023
Holland,35,7,,,,,1.0,1.0,,,,,1.0,3,2,,,,27,,,5,2.0,2,11.0,,1,1,,,,,,,,,,,,1,,1,3,,1,1,,,,,,,,,,,,,,2023
Holyoke,"5,087","1,542",5.0,,,17.0,11.0,9.0,1.0,1.0,9.0,6.0,7.0,326,881,280,,,"2,904",19.0,,155,15.0,717,1.0,3.0,72,187,1.0,,,,,34.0,10.0,9.0,554,26,,203,2.0,719,171,6.0,641,323,,,1.0,,,4.0,6.0,,,300.0,7.0,,,2023
Holyoke Community College,27,10,,,,,,,,,,,,1,,9,,,15,,,,,6,,,7,,,,,,,,,,1,,,1,,,,,2,1,,,,,,,,,,1.0,,,,2023
Longmeadow,326,48,,,,,2.0,1.0,1.0,,,,3.0,25,9,9,,,263,,,17,14.0,43,,4.0,12,2,60.0,,,3,,3.0,,,10,3,,23,1.0,55,11,2.0,15,5,,,,,,5.0,,,,5.0,,,,2023
Ludlow,592,160,,,,3.0,3.0,2.0,1.0,,5.0,,2.0,22,99,26,,,405,,1.0,23,9.0,100,,3.0,26,2,82.0,,,,,,3.0,1.0,24,4,,18,2.0,73,24,10.0,27,19,,,,,,5.0,,,,3.0,,,,2023
MBTA - Hampden County,,,,,,,,,,,,,,,,,,,,,,,,,,,,,,,,,,,,,,,,,,,,,,,,,,,,,,,,,,,,2023
Monson,246,73,,,,,1.0,,1.0,,1.0,1.0,6.0,28,22,14,,,133,,,16,5.0,27,,,7,,20.0,,,1,,1.0,,,1,1,,5,1.0,31,12,5.0,40,26,1.0,,,,,3.0,,,,9.0,1.0,,,2023
Montgomery,,,,,,,,,,,,,,,,,,,,,,,,,,,,,,,,,,,,,,,,,,,,,,,,,,,,,,,,,,,,2023
Palmer,601,249,,,,2.0,3.0,3.0,,,1.0,,2.0,50,168,23,,,261,,,19,5.0,78,,2.0,27,3,37.0,,3.0,2,,1.0,,,4,6,,8,,55,7,4.0,91,72,,,,,,2.0,,1.0,,14.0,2.0,,,2023
Russell,5,,,,,,,,,,,,,,,,,,5,,,,,,,,,,3.0,,,,,,,,,1,,,,1,,,,,,,,,,,,,,,,,,2023
Southwick,255,59,,,,,,,,,,1.0,1.0,8,40,9,,,189,,,24,5.0,34,,4.0,8,1,43.0,,,4,,,,,4,6,,6,3.0,32,12,3.0,7,4,,,,,,1.0,,,,2.0,,,,2023
Springfield,"14,588","5,159",31.0,,,79.0,78.0,46.0,24.0,8.0,86.0,,4.0,984,"2,690","1,207",,,"8,029",22.0,1.0,522,88.0,"1,809",35.0,31.0,153,256,234.0,61.0,110.0,81,4.0,290.0,31.0,25.0,576,615,,859,247.0,530,"1,343",106.0,"1,400",344,1.0,3.0,10.0,1.0,,58.0,4.0,,18.0,951.0,10.0,,,2023
Springfield College,27,3,,,,,1.0,1.0,,,,,,,2,,,,22,,,,1.0,10,,,,,1.0,,,,,,,,,,,2,,1,7,,2,1,1.0,,,,,,,,,,,,,2023
Springfield Technical Community College,16,3,,,,,,,,,,,,,2,1,,,12,,,,2.0,3,,,,,,,,,,,,,1,2,,,,4,,,1,1,,,,,,,,,,,,,,2023
Tolland,3,,,,,,,,,,,,,,,,,,3,,,2,,1,,,,,,,,,,,,,,,,,,,,,,,,,,,,,,,,,,,,2023
Wales,19,3,,,,,,,,,,,,,,3,,,15,,,4,,2,2.0,1.0,1,,,,,2,,,,,,,,,,3,,,1,1,,,,,,,,,,,,,,2023
West Springfield,"2,119",473,1.0,,,6.0,17.0,13.0,4.0,,4.0,1.0,2.0,118,265,58,,1.0,"1,483",1.0,,64,21.0,226,2.0,3.0,76,7,104.0,,,,,19.0,12.0,6.0,382,24,,92,4.0,284,103,53.0,163,123,,,1.0,,,6.0,6.0,1.0,,26.0,,,,2023
Western New England Coll,28,4,,,,,1.0,1.0,,,,,,,2,1,,,24,,,6,,6,,,,,1.0,,1.0,1,,,,,,,,,,9,,,,,,,,,,,,,,,,,,2023
Western New England University,,,,,,,,,,,,,,,,,,,,,,,,,,,,,,,,,,,,,,,,,,,,,,,,,,,,,,,,,,,,2023
Westfield,917,236,,,,,15.0,14.0,1.0,,10.0,1.0,10.0,62,98,40,,,643,2.0,,44,4.0,146,3.0,2.0,47,9,69.0,,,1,,3.0,,,31,155,,35,6.0,39,43,4.0,38,21,,,,,,4.0,,,,13.0,,,,2023
Westfield State College,77,21,,,,,5.0,5.0,,,,,,2,13,1,,,41,,,2,,18,,1.0,2,,,,,,,,,,2,7,,2,,4,2,1.0,15,11,3.0,,,,,,,,,1.0,,,,2023
Wilbraham,486,115,,,,3.0,6.0,5.0,1.0,,6.0,1.0,3.0,20,40,36,,,349,1.0,,13,13.0,58,1.0,3.0,26,2,35.0,,,2,,4.0,,,61,5,,24,,71,20,10.0,22,14,,,1.0,,,1.0,,,,6.0,,,,2023
Amherst,424,166,,,,,13.0,12.0,1.0,,4.0,,8.0,38,87,15,1.0,,243,4.0,,24,4.0,49,,1.0,12,,7.0,,,1,,2.0,2.0,1.0,17,6,,19,,84,8,2.0,15,3,,,,,,8.0,,,,3.0,1.0,,,2023
Amherst College,79,14,,,,,6.0,5.0,,1.0,3.0,,,,5,,,,65,1.0,,3,,30,,,1,,,,,,,,,,,10,,,1.0,17,2,,,,,,,,,,,,,,,,,2023
Belchertown,274,102,,,,,7.0,6.0,1.0,,1.0,1.0,1.0,23,51,18,,,152,,,9,2.0,22,,1.0,4,2,41.0,,,,,,,,1,3,,11,,52,3,1.0,20,3,,,,,,6.0,,,,11.0,,,,2023
Chesterfield,,,,,,,,,,,,,,,,,,,,,,,,,,,,,,,,,,,,,,,,,,,,,,,,,,,,,,,,,,,,2023
Cummington,,,,,,,,,,,,,,,,,,,,,,,,,,,,,,,,,,,,,,,,,,,,,,,,,,,,,,,,,,,,2023
Easthampton,381,86,1.0,,,3.0,1.0,1.0,,,2.0,,5.0,20,44,10,,,277,,,22,3.0,65,,,29,3,41.0,,,2,,1.0,,,5,14,,12,2.0,67,5,6.0,18,9,,,,,,2.0,,,,6.0,1.0,,,2023
Goshen,1,,,,,,,,,,,,,,,,,,1,,,,,,,,,,,,,,,,,,,,,,,1,,,,,,,,,,,,,,,,,,2023
Granby,87,17,1.0,,,,,,,,,,,4,9,3,,,69,,,3,2.0,19,,1.0,5,1,9.0,,,,,,,,4,1,,,,18,6,,1,1,,,,,,,,,,,,,,2023
Hadley,352,58,,,,1.0,4.0,4.0,,,6.0,,,23,17,7,,,282,,,7,11.0,28,,,20,1,6.0,,1.0,1,,,2.0,1.0,119,4,,5,1.0,64,5,6.0,12,9,,,,,,,,,,3.0,,,,2023
Hampshire College,,,,,,,,,,,,,,,,,,,,,,,,,,,,,,,,,,,,,,,,,,,,,,,,,,,,,,,,,,,,2023
Hampshire College,,,,,,,,,,,,,,,,,,,,,,,,,,,,,,,,,,,,,,,,,,,,,,,,,,,,,,,,,,,,2023
Hampshire State Police,98,44,,,,2.0,,,,,1.0,,,4,36,1,,,4,,,,,1,,,,,,,,,,,,,,,,,,2,,1.0,50,38,,,,,,,,,,12.0,,,,2023
Hampshire State Police Northampton,,,,,,,,,,,,,,,,,,,,,,,,,,,,,,,,,,,,,,,,,,,,,,,,,,,,,,,,,,,,2023
Hatfield,31,7,,,,,,,,,,,1.0,1,,5,,,24,,,3,1.0,4,,,3,,8.0,,1.0,,,,,,,1,,1,,1,1,,,,,,,,,,,,,,,,,2023
Huntington,,,,,,,,,,,,,,,,,,,,,,,,,,,,,,,,,,,,,,,,,,,,,,,,,,,,,,,,,,,,2023
MBTA - Hampshire County,,,,,,,,,,,,,,,,,,,,,,,,,,,,,,,,,,,,,,,,,,,,,,,,,,,,,,,,,,,,2023
Middlefield,,,,,,,,,,,,,,,,,,,,,,,,,,,,,,,,,,,,,,,,,,,,,,,,,,,,,,,,,,,,2023
Mt. Holyoke College,,,,,,,,,,,,,,,,,,,,,,,,,,,,,,,,,,,,,,,,,,,,,,,,,,,,,,,,,,,,2023
Mt. Holyoke College,54,2,,,,,,,,,,,,,2,,,,52,,,,1.0,19,,,2,,,,,,,,,,,13,,,,17,,,,,,,,,,,,,,,,,,2023
Northampton,"1,126",401,,,,1.0,15.0,12.0,2.0,1.0,15.0,,4.0,92,224,50,,,642,5.0,,45,13.0,146,1.0,1.0,62,3,53.0,,,1,,3.0,1.0,2.0,85,77,,19,9.0,88,16,12.0,83,54,,,,,,12.0,1.0,,,16.0,,,,2023
Pelham,8,3,,,,,,,,,,,,,3,,,,4,,,,,,,,,,3.0,,,,,,,,,,,,,1,,,1,1,,,,,,,,,,,,,,2023
Plainfield,,,,,,,,,,,,,,,,,,,,,,,,,,,,,,,,,,,,,,,,,,,,,,,,,,,,,,,,,,,,2023
Smith College,,,,,,,,,,,,,,,,,,,,,,,,,,,,,,,,,,,,,,,,,,,,,,,,,,,,,,,,,,,,2023
Smith College,,,,,,,,,,,,,,,,,,,,,,,,,,,,,,,,,,,,,,,,,,,,,,,,,,,,,,,,,,,,2023
South Hadley,536,205,,1.0,,1.0,5.0,4.0,,1.0,2.0,3.0,12.0,21,117,43,,,274,1.0,,31,7.0,42,3.0,6.0,18,2,22.0,,,,,,2.0,,16,8,,12,3.0,80,16,5.0,57,36,,,,,,7.0,1.0,,,13.0,,,,2023
Southampton,126,14,,,,,1.0,1.0,,,,,1.0,3,5,4,,,110,,,8,2.0,24,,1.0,7,2,23.0,,,1,,,,,1,2,,15,1.0,20,3,,2,,,,,,,1.0,,,,1.0,,,,2023
U-Mass Amherst,311,61,,,,1.0,5.0,4.0,1.0,,6.0,,,8,25,16,,,246,,,13,4.0,57,,5.0,20,1,3.0,,,,,1.0,,1.0,,17,,5,,117,,2.0,4,3,,,,,,1.0,,,,,,,,2023
Ware,277,149,,,,1.0,2.0,,2.0,,,1.0,5.0,79,34,27,,,78,,,4,3.0,23,,1.0,2,3,5.0,,,,,,,,8,1,,2,,18,4,4.0,50,31,,,,,,9.0,,1.0,,9.0,,,,2023
Westhampton,4,,,,,,,,,,,,,,,,,,4,,,,,,,,,,1.0,,,,,,,,,,,1,,2,,,,,,,,,,,,,,,,,,2023
Williamsburg,31,2,,,,,1.0,1.0,,,,,,,,1,,,24,,,2,1.0,8,,,1,,,,,,,,,,,1,,1,,8,2,,5,4,,,,,,,,,,1.0,,,,2023
Worthington,10,3,,,,,,,,,,,,1,,2,,,7,,,2,,1,,,,,1.0,,,,,,,,,,,1,1.0,1,,,,,,,,,,,,,,,,,,2023
Acton,302,70,,,,,3.0,3.0,,,1.0,,,11,40,15,,,225,1.0,,11,15.0,21,,4.0,39,2,30.0,,1.0,,1.0,1.0,1.0,1.0,9,16,,5,3.0,47,11,6.0,7,5,,,,,,2.0,,,,,,,,2023
Arlington,587,129,,,,,,,,,,,,41,58,30,,,447,3.0,,24,25.0,66,,7.0,50,1,75.0,,,,,3.0,1.0,,30,19,,24,8.0,89,22,,11,7,,,,,,3.0,,,,1.0,,,,2023
Ashby,50,2,,,,,,,,,,,,2,,,,,46,,,2,1.0,20,,,1,,8.0,,,,,2.0,,1.0,1,,,1,,3,4,2.0,2,1,,,,,,1.0,,,,,,,,2023
Ashland,228,63,,,,,,,,,,,3.0,18,16,25,,1.0,154,,,9,2.0,45,,2.0,6,3,35.0,,,1,,,,,12,10,,5,1.0,15,6,2.0,11,7,,,,,,2.0,,1.0,,1.0,,,,2023
Ayer,255,71,,,,,,,,,2.0,1.0,,9,40,19,,,161,1.0,,10,7.0,39,,10.0,17,1,17.0,,1.0,2,,2.0,1.0,1.0,2,3,,3,,36,5,3.0,23,10,,,,,,8.0,,,,5.0,,,,2023
Bedford,147,33,,,,,4.0,4.0,,,4.0,,,4,2,19,,,112,,,6,1.0,12,1.0,3.0,18,1,6.0,,,1,,,,,9,,,5,3.0,46,,,2,,,,,,,,,,,2.0,,,,2023
Belmont,504,73,,,,2.0,2.0,2.0,,,,,,13,44,12,,,425,,,53,17.0,33,,,75,,70.0,,,,,1.0,2.0,,9,17,,1,,134,13,,6,2,,,,,,1.0,,,,3.0,,,,2023
Bentley College,39,8,,,,,,,,,,,,,7,1,,,28,,,1,,5,,,3,,,,,,,,,,1,7,1.0,,,10,,,3,1,,,,,,,,,,2.0,,,,2023
Billerica,826,185,,,,4.0,2.0,2.0,,,7.0,,1.0,21,120,30,,,574,3.0,,23,17.0,75,1.0,8.0,71,29,9.0,,51.0,112,7.0,2.0,,,13,41,,30,27.0,32,23,,67,41,15.0,,,,,4.0,,,,3.0,4.0,,,2023
Boston and Maine Railroad Police Dept,,,,,,,,,,,,,,,,,,,,,,,,,,,,,,,,,,,,,,,,,,,,,,,,,,,,,,,,,,,,2023
Boston College,90,14,,,,,5.0,5.0,,,,,,,7,2,,,76,,,,,3,,2.0,3,5,,,,,,,,,,20,,3,1.0,38,1,,,,,,,,,,,,,,,,,2023
Boston College(Old ORI pre-2011),,,,,,,,,,,,,,,,,,,,,,,,,,,,,,,,,,,,,,,,,,,,,,,,,,,,,,,,,,,,2023
Boxborough,67,18,,,,,1.0,1.0,,,1.0,2.0,,3,7,4,,,44,,,5,2.0,10,,,7,,8.0,,,,,,,,,3,,,2.0,6,,1.0,5,1,,,,,,3.0,,,,1.0,,,,2023
Brandeis University,86,7,,,,,,,,,,,,1,5,1,,,66,,,2,,25,,,18,,,,,,,1.0,,,,16,,1,1.0,2,,,13,7,5.0,,,,,,,,,,1.0,,,2023
Brandeis University,,,,,,,,,,,,,,,,,,,,,,,,,,,,,,,,,,,,,,,,,,,,,,,,,,,,,,,,,,,,2023
Burlington,973,160,,,,2.0,13.0,10.0,3.0,,3.0,,3.0,36,69,34,,,781,,,36,14.0,87,3.0,5.0,69,22,45.0,,,,,6.0,2.0,5.0,209,42,,22,1.0,178,25,10.0,32,15,,,,,,7.0,2.0,,,8.0,,,,2023
Cambridge,"6,472","1,841",1.0,,,10.0,43.0,43.0,,,61.0,,1.0,431,750,543,1.0,,"4,482",16.0,,268,55.0,524,1.0,38.0,358,31,325.0,,,,,120.0,84.0,1.0,539,318,,289,56.0,"1,263",144,52.0,149,58,,,,,,16.0,29.0,1.0,,45.0,,,,2023
Carlisle,67,10,,,,,1.0,1.0,,,1.0,,,2,5,1,,,55,,,4,1.0,13,,,5,1,25.0,,,,,,,,,1,,1,,3,1,,2,,,,,,,1.0,,,,1.0,,,,2023
Chelmsford,872,137,,,,,9.0,9.0,,,2.0,,,31,72,23,,,715,,,12,7.0,97,3.0,4.0,30,26,38.0,,39.0,107,6.0,2.0,2.0,,183,5,,42,9.0,80,18,5.0,20,11,3.0,,,,,1.0,,,,4.0,1.0,,,2023
Concord,337,57,,,,,3.0,3.0,,,,,2.0,11,33,8,,,269,1.0,,13,8.0,48,1.0,,25,3,64.0,,,2,,,,,7,16,,14,1.0,60,6,,11,6,,,,,,2.0,,,,3.0,,,,2023
Dracut,717,210,,,,2.0,3.0,3.0,,,11.0,,6.0,77,82,29,,,486,1.0,,34,10.0,91,,2.0,30,4,92.0,,,,,5.0,,,43,1,,44,,97,24,8.0,21,10,,,,,,2.0,,,,8.0,1.0,,,2023
Dunstable,48,10,,,,,,,,,,,,1,7,2,,,33,,,2,,12,,,2,1,2.0,,,,,,,,,2,,1,,10,1,,5,3,,,,,,2.0,,,,,,,,2023
Everett,"1,733",490,,,,2.0,22.0,21.0,,1.0,14.0,,3.0,155,152,142,,,"1,112",,,71,4.0,212,1.0,2.0,47,42,9.0,3.0,8.0,71,2.0,15.0,4.0,6.0,157,52,,78,9.0,222,89,8.0,131,83,22.0,,,,,7.0,,,,17.0,2.0,,,2023
Framingham,"1,814",465,,,,2.0,11.0,11.0,,,9.0,,,183,252,8,,,"1,250",,,283,17.0,302,,1.0,15,42,,,,,,15.0,27.0,,73,,,8,,343,107,17.0,99,80,,,,,,5.0,,,,14.0,,,,2023
Framingham SC,,,,,,,,,,,,,,,,,,,,,,,,,,,,,,,,,,,,,,,,,,,,,,,,,,,,,,,,,,,,2023
Framingham State University,21,2,,,,,,,,,,,,1,,1,,,19,,,,,10,,,,,,,,,,,,,,,,,,9,,,,,,,,,,,,,,,,,,2023
Groton,92,20,,,,,2.0,2.0,,,1.0,,,1,10,6,,,69,1.0,,6,3.0,15,,,6,,17.0,,,1,,,,,1,6,,1,,10,,2.0,3,2,,,,,,,,,,1.0,,,,2023
Harvard University,619,64,,,,,11.0,10.0,1.0,,2.0,,,12,31,8,,,555,2.0,,28,1.0,2,,,,,,,,,,2.0,2.0,,3,203,,2,,162,146,2.0,,,,,,,,,,,,,,,,2023
Holliston,138,22,,,,1.0,2.0,2.0,,,1.0,,1.0,2,13,2,,,111,1.0,,6,,16,1.0,,9,,32.0,,1.0,2,,,1.0,,1,2,,4,,32,3,,5,4,,,,,,1.0,,,,,,,,2023
Hopkinton,233,60,,,,1.0,1.0,1.0,,,,,,13,28,17,,,163,,,20,12.0,18,1.0,1.0,21,3,28.0,,,,,,,,4,13,,7,,34,,1.0,10,6,,,,,,,,,,3.0,1.0,,,2023
Hudson,423,116,,,,,6.0,3.0,2.0,1.0,,,2.0,40,42,26,,,281,1.0,,13,4.0,46,1.0,1.0,29,3,13.0,,,,,2.0,1.0,,84,10,,9,,44,14,6.0,26,14,1.0,,,,,5.0,,,,5.0,1.0,,,2023
Lasell College,16,3,,,,,,,,,,,,1,2,,,,13,,,,,3,,,,,,,,4,,,,,1,,,,,5,,,,,,,,,,,,,,,,,,2023
Lexington,319,45,,,,,3.0,3.0,,,2.0,,,5,25,10,,,271,,,12,34.0,31,,9.0,50,14,1.0,,,11,,2.0,,,1,,,21,2.0,73,7,3.0,3,2,,,,,,,,,,1.0,,,,2023
Lincoln,90,13,,,,,,,,,,,,1,11,1,,,75,,,4,4.0,8,,1.0,9,3,,,7.0,19,,,,,,3,,5,1.0,10,1,,2,,,,,,,,,,,2.0,,,,2023
Littleton,126,18,,,,1.0,,,,,,,,4,8,5,,,94,,,4,5.0,11,2.0,,12,3,12.0,,1.0,6,,,,1.0,5,3,,2,,23,3,1.0,14,10,,,,,,1.0,,,,3.0,,,,2023
Lowell,"4,783","1,486",2.0,,,17.0,8.0,8.0,,,18.0,,1.0,368,945,125,2.0,,"2,947",10.0,,165,37.0,560,2.0,13.0,52,95,28.0,2.0,56.0,118,,51.0,6.0,,198,35,,677,90.0,577,160,15.0,350,226,1.0,,,,,10.0,7.0,,,105.0,1.0,,,2023
Malden,"1,824",480,,,,1.0,5.0,5.0,,,9.0,,,151,291,23,,,"1,306",,1.0,96,10.0,237,,2.0,48,50,,2.0,,,,22.0,10.0,,70,74,,220,2.0,357,105,,38,15,1.0,,,,,3.0,,,,19.0,,,,2023
Marlborough,"1,546",482,1.0,1.0,,4.0,9.0,8.0,1.0,,23.0,,4.0,129,210,101,,,"1,007",1.0,,57,27.0,196,,20.0,105,10,89.0,,1.0,2,,10.0,4.0,1.0,85,19,,53,3.0,231,72,21.0,57,29,,,,,,13.0,,,,15.0,,,,2023
Maynard,217,67,,,,,9.0,5.0,4.0,,,,2.0,17,28,10,1.0,,136,1.0,,14,5.0,28,,1.0,21,,15.0,,,1,,,,,8,5,,3,,24,6,4.0,14,9,,,,,,2.0,,,,3.0,,,,2023
MBTA - Middlesex County,,,,,,,,,,,,,,,,,,,,,,,,,,,,,,,,,,,,,,,,,,,,,,,,,,,,,,,,,,,,2023
Medford,"1,727",461,2.0,,,6.0,16.0,14.0,1.0,1.0,1.0,,1.0,100,273,62,,,"1,190",,,40,12.0,149,1.0,3.0,65,,,12.0,8.0,204,,15.0,11.0,,166,37,,88,63.0,215,100,1.0,76,47,,,,,,4.0,3.0,,,22.0,,,,2023
Melrose,485,120,1.0,,,,3.0,2.0,1.0,,2.0,,1.0,36,61,16,,,355,1.0,,17,5.0,70,2.0,3.0,33,4,70.0,,,,,1.0,,,4,8,,51,,67,19,,10,7,,,1.0,,,1.0,,,,1.0,,,,2023
Middlesex State Police,163,45,,,,3.0,,,,,,,,11,27,4,,,15,1.0,,,2.0,4,,,,,1.0,,,2,,1.0,,,,,,,,1,3,,103,76,,,,,,3.0,,,,24.0,,,,2023
Middlesex State Police Framingham,,,,,,,,,,,,,,,,,,,,,,,,,,,,,,,,,,,,,,,,,,,,,,,,,,,,,,,,,,,,2023
Middlesex State Police Holden,,,,,,,,,,,,,,,,,,,,,,,,,,,,,,,,,,,,,,,,,,,,,,,,,,,,,,,,,,,,2023
Middlesex State Police Weston,,,,,,,,,,,,,,,,,,,,,,,,,,,,,,,,,,,,,,,,,,,,,,,,,,,,,,,,,,,,2023
MIT,306,17,,,,,1.0,1.0,,,,,,1,7,8,,,288,,,16,,36,,1.0,10,,,,,,,,,,,19,,,,205,1,,1,,,,,,,,,,,1.0,,,,2023
Mount IDA College,,,,,,,,,,,,,,,,,,,,,,,,,,,,,,,,,,,,,,,,,,,,,,,,,,,,,,,,,,,,2023
Natick,"1,095",211,,,,1.0,3.0,3.0,,,11.0,,,53,114,29,,,857,1.0,,32,21.0,102,4.0,7.0,59,11,125.0,,,3,,1.0,1.0,,158,15,,47,11.0,238,11,10.0,27,13,,,,,,3.0,,,,11.0,,,,2023
Newton,"1,430",231,2.0,,,,5.0,5.0,,,9.0,,1.0,39,140,35,,,"1,183",,,45,169.0,122,1.0,3.0,129,21,,,8.0,223,,7.0,9.0,,81,69,,71,21.0,168,27,9.0,16,10,,,,,,2.0,,,,4.0,,,,2023
North Reading,184,50,,,,,,,,,2.0,,,18,22,8,,,124,,,12,8.0,27,,,22,3,6.0,,,1,,,,,10,1,,4,,23,4,3.0,10,4,,,,,,1.0,,,,5.0,,,,2023
Pepperell,220,51,,,,,1.0,1.0,,,2.0,,2.0,6,25,15,,,145,4.0,,6,4.0,22,,2.0,18,2,48.0,,,,,2.0,,,,1,,8,1.0,18,6,3.0,24,14,,,,,,3.0,,,,7.0,,,,2023
Reading,290,45,,,,,2.0,2.0,,,,,,4,22,17,,,233,,,15,,31,,4.0,,31,,1.0,,31,,1.0,35.0,12.0,12,34,9.0,13,,,4,,12,4,4.0,,,,,1.0,1.0,,,2.0,,,,2023
Regis College,,,,,,,,,,,,,,,,,,,,,,,,,,,,,,,,,,,,,,,,,,,,,,,,,,,,,,,,,,,,2023
Regis College,,,,,,,,,,,,,,,,,,,,,,,,,,,,,,,,,,,,,,,,,,,,,,,,,,,,,,,,,,,,2023
Regis College,,,,,,,,,,,,,,,,,,,,,,,,,,,,,,,,,,,,,,,,,,,,,,,,,,,,,,,,,,,,2023
Sherborn,63,16,,,,,4.0,,4.0,,,,,7,4,1,,,44,,,,1.0,12,,,4,,5.0,,,,,,,,,3,,5,,13,1,,3,2,,,,,,,,,,1.0,,,,2023
Shirley,101,37,,,,,1.0,1.0,,,,,3.0,10,16,7,,,58,,,1,2.0,12,,1.0,12,,8.0,1.0,1.0,1,1.0,,1.0,,1,4,,1,,9,1,1.0,6,3,,,,,,1.0,,,,2.0,,,,2023
Somerville,"2,273",550,,,,3.0,13.0,13.0,,,27.0,,1.0,173,314,19,,,"1,683",1.0,,174,6.0,233,,8.0,81,170,,,,,,22.0,14.0,,95,66,,162,30.0,454,167,,40,10,,,,,,10.0,,,,20.0,,,,2023
Stoneham,592,132,,,,1.0,3.0,3.0,,,7.0,,1.0,21,66,33,,,445,,,44,9.0,67,,3.0,59,,76.0,,,,,2.0,,,26,13,,,2.0,120,12,12.0,15,11,,,,,,,,,,3.0,1.0,,,2023
Stow,65,15,,,,,1.0,1.0,,,,,,2,10,1,,1.0,49,,,1,2.0,4,,,11,,9.0,,,2,,,,,,2,,2,,11,4,1.0,1,,,,,,,,,,,1.0,,,,2023
Sudbury,265,50,,,,2.0,1.0,1.0,,,,,3.0,12,25,7,,,197,,,8,10.0,21,,7.0,25,4,53.0,,,,,,,,4,9,,2,2.0,50,1,1.0,18,7,,,,,,6.0,,,,5.0,,,,2023
Tewksbury,852,200,,,,,9.0,9.0,,,5.0,,4.0,63,71,48,,,581,1.0,,19,12.0,77,,4.0,34,5,48.0,,,1,,6.0,,,157,2,,9,,184,15,7.0,71,52,,,,,,1.0,1.0,,,17.0,,,,2023
Townsend,190,56,,,,,3.0,1.0,2.0,,5.0,,6.0,12,21,9,,,119,,,7,2.0,26,1.0,3.0,20,2,23.0,,,1,,1.0,,,8,1,,2,1.0,14,1,6.0,15,7,,,,,,3.0,,,,5.0,,,,2023
Tufts University Medford,70,9,,,,,,,,,,,,1,5,3,,,60,,,2,1.0,27,,4.0,5,1,,,,,,,,,,5,,,,15,,,1,,1.0,,,,,,,,,,,,,2023
Tufts University prior 01/01/2015,,,,,,,,,,,,,,,,,,,,,,,,,,,,,,,,,,,,,,,,,,,,,,,,,,,,,,,,,,,,2023
Tufts University since 01/01/2015,,,,,,,,,,,,,,,,,,,,,,,,,,,,,,,,,,,,,,,,,,,,,,,,,,,,,,,,,,,,2023
Tyngsborough,224,51,,,,,3.0,2.0,,1.0,1.0,,2.0,15,20,10,,,125,,,7,3.0,36,,1.0,5,4,36.0,,1.0,,,1.0,,,,4,,2,1.0,14,6,4.0,48,41,,,,,,1.0,,,,6.0,,,,2023
U-Mass Lowell,293,25,,,,,3.0,2.0,1.0,,1.0,,,1,15,5,,,266,,,18,1.0,130,,6.0,5,,,,,,,,,,5,18,1.0,28,6.0,42,4,2.0,2,,,,,,,,,,,2.0,,,,2023
Wakefield,470,103,,,,1.0,4.0,2.0,2.0,,,2.0,4.0,25,49,18,,,349,1.0,,19,8.0,70,1.0,8.0,30,4,68.0,,2.0,2,,1.0,,,5,14,,22,8.0,64,20,2.0,18,6,,,,,,2.0,,,,10.0,,,,2023
Waltham,"1,496",554,1.0,,,3.0,17.0,16.0,1.0,,1.0,,,132,354,46,,,873,4.0,,52,28.0,146,1.0,3.0,81,6,3.0,,,56,,12.0,7.0,,52,18,,59,30.0,257,51,7.0,69,52,,,,,,1.0,,,,16.0,,,,2023
Watertown,"1,097",234,,,,7.0,12.0,8.0,4.0,,5.0,,1.0,26,146,37,,,837,1.0,,29,31.0,74,,13.0,56,5,118.0,,39.0,1,,10.0,,4.0,170,40,,15,16.0,183,19,13.0,26,14,,,,,,7.0,1.0,,,4.0,,,,2023
Wayland,141,24,,,,,,,,,2.0,,,1,19,2,,,115,,,7,10.0,20,,,5,1,17.0,,1.0,26,,,,1.0,1,1,,2,,16,6,1.0,2,,,,,,,,,,,2.0,,,,2023
Westford,244,30,,,,,2.0,2.0,,,1.0,,2.0,11,9,5,,,179,,,3,9.0,27,,3.0,53,,8.0,,,2,,,2.0,2.0,10,8,,9,,38,1,4.0,35,24,,,1.0,,,5.0,,,,5.0,,,,2023
Weston,152,30,,,,,3.0,3.0,,,,,2.0,12,10,3,,,122,,,14,21.0,25,,3.0,9,,8.0,,,1,1.0,1.0,,,1,7,,3,,25,3,,,,,,,,,,,,,,,,,2023
Wilmington,641,180,,,,,9.0,7.0,2.0,,,,5.0,40,100,25,1.0,,433,2.0,,12,16.0,60,2.0,1.0,45,6,95.0,,1.0,2,,1.0,2.0,1.0,42,5,,5,1.0,124,7,3.0,28,15,,,,,,5.0,,,,8.0,,,,2023
Winchester,246,19,,,,1.0,1.0,1.0,,,,,,4,12,1,,,222,,,10,2.0,18,1.0,4.0,2,9,6.0,,4.0,79,,,,,2,2,,23,4.0,34,17,5.0,5,2,,,,,,3.0,,,,,,,,2023
Woburn,995,155,,,,1.0,4.0,3.0,1.0,,9.0,,,66,50,25,,,767,,,42,10.0,172,1.0,5.0,61,11,42.0,,3.0,2,,7.0,,1.0,51,17,,47,5.0,215,58,17.0,73,58,,,,,,,9.0,,,6.0,,,,2023
MBTA - Nantucket County,,,,,,,,,,,,,,,,,,,,,,,,,,,,,,,,,,,,,,,,,,,,,,,,,,,,,,,,,,,,2023
Nantucket,539,169,,,,,6.0,5.0,1.0,,,,1.0,25,95,42,,,345,,,15,7.0,72,,1.0,15,6,59.0,,,,,,,,10,8,,23,,111,11,7.0,25,13,,,,,,4.0,1.0,,,6.0,1.0,,,2023
Nantucket State Police,14,4,,,,,,,,,,,,1,3,,,,10,,,,4.0,,,,,,,,,6,,,,,,,,,,,,,,,,,,,,,,,,,,,,2023
Avon,167,13,,,,,,,,,1.0,,,2,6,4,,,149,,,6,3.0,12,,,5,2,19.0,,,,,1.0,1.0,,37,,,9,,33,17,4.0,5,5,,,,,,,,,,,,,,2023
Babson College,75,3,,,,,1.0,1.0,,,,,,,,2,,,72,,,3,16.0,26,,3.0,2,,,,,,,,,,,12,,,,10,,,,,,,,,,,,,,,,,,2023
Bellingham,494,91,,,,4.0,9.0,6.0,2.0,1.0,3.0,,1.0,21,24,29,,,376,1.0,,17,11.0,55,1.0,2.0,24,7,60.0,,,1,,,,,80,6,,20,,79,8,4.0,27,14,1.0,,,,,6.0,,,,6.0,,,,2023
Braintree,"1,340",344,2.0,,,1.0,10.0,8.0,2.0,,,,,104,164,61,2.0,,929,,,46,25.0,90,1.0,2.0,72,12,126.0,,,,,7.0,9.0,8.0,173,39,,63,12.0,194,34,16.0,67,55,,,,,,1.0,,,,11.0,,,,2023
Brookline,"1,020",168,,,,1.0,4.0,4.0,,,,,,28,110,25,,,839,1.0,,35,54.0,67,1.0,7.0,66,17,1.0,,24.0,41,,10.0,7.0,4.0,148,171,,49,10.0,98,26,2.0,13,7,,,,,,,,,,6.0,,,,2023
Canton,528,164,,,,,2.0,2.0,,,,,7.0,92,25,38,,,348,3.0,1.0,18,7.0,81,8.0,1.0,28,4,26.0,,,,,3.0,1.0,3.0,33,6,,15,4.0,84,17,5.0,16,4,,,,,,2.0,,,,10.0,,,,2023
Cohasset,170,24,1.0,,,,1.0,1.0,,,,,,11,8,3,,,143,,,8,,31,,3.0,15,2,37.0,1.0,,1,,,1.0,,3,5,,3,2.0,29,,2.0,3,,,,,,,1.0,,,,2.0,,,,2023
Curry College,23,2,,,,,,,,,,,,,2,,,,21,,,3,,5,,,,,,,,,,,,,,3,,5,,5,,,,,,,,,,,,,,,,,,2023
Dean College,22,6,,,,,,,,,,,,,6,,,,16,,,1,,10,,,,,,,,,,,,,,5,,,,,,,,,,,,,,,,,,,,,,2023
Dedham,640,144,,,,1.0,2.0,2.0,,,,,,63,42,36,,,467,,,11,15.0,67,,,25,5,36.0,,,,,1.0,5.0,10.0,127,16,,24,2.0,98,19,6.0,29,19,,,,,,3.0,1.0,,,6.0,,,,2023
Dover,51,8,2.0,,,,,,,,,,,1,5,,,,39,,,2,1.0,8,,,4,,4.0,,,2,,,,,,1,,5,,9,2,1.0,4,1,,,,,,3.0,,,,,,,,2023
Foxborough,608,211,,,,,6.0,6.0,,,1.0,,3.0,20,146,35,,,376,1.0,,24,24.0,67,,5.0,39,6,3.0,,1.0,70,2.0,1.0,1.0,,21,21,,15,6.0,51,13,5.0,21,12,,,,,,4.0,1.0,,,3.0,1.0,,,2023
Franklin,325,113,,,,1.0,3.0,3.0,1.0,,1.0,,,28,69,11,,,188,,,13,8.0,50,,,12,2,,,,29,1.0,1.0,,,5,4,,1,,51,6,5.0,24,12,,,,,,1.0,,,,11.0,,,,2023
Holbrook,457,160,,,,1.0,6.0,4.0,2.0,,1.0,1.0,1.0,34,92,24,,,278,2.0,,21,6.0,67,1.0,1.0,18,1,37.0,,,1,,1.0,1.0,1.0,14,4,,22,3.0,60,11,6.0,19,9,,,,,,3.0,1.0,,,6.0,,,,2023
Mass Bay Community College,,,,,,,,,,,,,,,,,,,,,,,,,,,,,,,,,,,,,,,,,,,,,,,,,,,,,,,,,,,,2023
MBTA - Norfolk County,,,,,,,,,,,,,,,,,,,,,,,,,,,,,,,,,,,,,,,,,,,,,,,,,,,,,,,,,,,,2023
Medfield,151,31,,,,,,,,,,,,17,6,8,,,108,,,,4.0,21,1.0,1.0,15,,1.0,,,22,,,,,3,4,,5,,28,3,,12,3,,,,,,2.0,,,,7.0,,,,2023
Medway,83,25,,,,1.0,,,,,2.0,,,3,18,1,,,55,,,5,,4,,,2,,,,1.0,,,,,,3,1,,6,1.0,29,2,1.0,3,,,,,,,1.0,,,,2.0,,,,2023
Millis,38,16,,,,,2.0,2.0,,,1.0,,,3,9,1,,,20,,,3,,8,,1.0,1,,2.0,,,,,,,,,1,,,,2,2,,2,1,,,,,,,,,,1.0,,,,2023
Milton,372,76,,,,,1.0,,1.0,,1.0,,1.0,17,41,15,,,286,,,20,4.0,25,,1.0,7,1,12.0,,,77,,4.0,6.0,1.0,3,21,1.0,31,7.0,60,3,2.0,10,3,,,,,,2.0,,,,5.0,,,,2023
Mt. Ida College,,,,,,,,,,,,,,,,,,,,,,,,,,,,,,,,,,,,,,,,,,,,,,,,,,,,,,,,,,,,2023
Needham,697,100,,,,2.0,7.0,5.0,2.0,,10.0,,2.0,17,47,15,,,584,1.0,,21,30.0,49,1.0,13.0,84,18,90.0,41.0,4.0,3,,1.0,8.0,9.0,15,18,,44,3.0,116,12,3.0,13,9,,,,,,3.0,,,,1.0,,,,2023
Norfolk,145,37,,,,1.0,2.0,2.0,,,2.0,,,3,23,6,,,98,,,6,1.0,18,,,3,1,,,,39,,,,,,,,,,26,3,1.0,10,6,1.0,,,,,1.0,,,,2.0,,,,2023
Norfolk State Police,81,15,,,,,,,,,,,,3,12,,,,9,,,,2.0,5,,,,,,,,,,,,,,,,,,,1,1.0,57,39,,,,,,2.0,1.0,,,15.0,,,,2023
Norfolk State Police Framingham,,,,,,,,,,,,,,,,,,,,,,,,,,,,,,,,,,,,,,,,,,,,,,,,,,,,,,,,,,,,2023
Norfolk State Police Middleboro,,,,,,,,,,,,,,,,,,,,,,,,,,,,,,,,,,,,,,,,,,,,,,,,,,,,,,,,,,,,2023
Norwood,796,195,,,,,,,,,,,,48,127,20,,,561,,,28,15.0,125,,4.0,59,5,42.0,,1.0,,,1.0,1.0,,34,14,,18,3.0,142,47,22.0,40,25,,,1.0,,,2.0,,,,12.0,,,,2023
Plainville,299,57,,,,,,,,,,,,13,30,14,,,231,1.0,,18,4.0,60,,1.0,2,8,,,,33,,,,,29,6,,,1.0,61,4,3.0,11,8,,,,,,1.0,,,,2.0,,,,2023
Quincy,"3,927","1,156",,,,19.0,29.0,28.0,1.0,,45.0,,5.0,297,495,266,,,"2,544",6.0,,177,95.0,617,3.0,19.0,67,110,1.0,,61.0,285,4.0,32.0,23.0,,143,132,,183,41.0,398,87,60.0,227,154,,,1.0,,,14.0,2.0,,,54.0,2.0,,,2023
Randolph,906,310,1.0,,,3.0,5.0,5.0,,,1.0,,,77,175,48,,,561,2.0,,30,6.0,103,,1.0,14,22,,1.0,27.0,30,1.0,13.0,,,63,21,,44,8.0,125,50,,35,23,7.0,,,,,1.0,,,,3.0,1.0,,,2023
Sharon,136,37,,,,,,,,,,,,5,15,17,,,95,,,7,5.0,11,,,18,2,5.0,,,,,,,,1,2,,5,1.0,32,4,2.0,4,1,,,,,,1.0,,,,2.0,,,,2023
Stoughton,"1,024",280,,,,1.0,12.0,7.0,5.0,,10.0,1.0,5.0,56,161,34,,,692,,,30,27.0,108,2.0,1.0,66,6,79.0,,,2,,8.0,8.0,2.0,78,20,,44,2.0,136,58,15.0,52,25,,,,,,1.0,,,,25.0,1.0,,,2023
Walpole,676,141,,,,,10.0,10.0,,,3.0,,,28,63,37,,,516,1.0,,35,7.0,79,1.0,7.0,47,9,120.0,,1.0,6,,,,,60,10,,13,4.0,96,13,7.0,19,6,,,,,,4.0,6.0,,,3.0,,,,2023
Wellesley,394,38,,,,,2.0,2.0,,,1.0,,,6,24,5,,,348,,,13,28.0,31,,6.0,60,5,60.0,,,,,,1.0,1.0,9,9,,14,3.0,82,15,11.0,8,7,,,1.0,,,,,,,,,,,2023
Wellesley College,9,,,,,,,,,,,,,,,,,,9,,,,,4,,,4,,,,,,,,,,,,,,,1,,,,,,,,,,,,,,,,,,2023
Westwood,382,43,,,,1.0,2.0,2.0,,,2.0,,,8,22,8,,,329,,,12,,27,,5.0,5,5,,,2.0,63,,1.0,1.0,,75,7,,13,,92,19,2.0,10,5,1.0,,,,,2.0,,,,1.0,1.0,,,2023
Weymouth,"1,891",476,,,,5.0,26.0,13.0,12.0,1.0,14.0,,8.0,144,194,85,,,"1,310",1.0,,49,97.0,187,1.0,4.0,148,3,169.0,,1.0,4,,18.0,10.0,7.0,131,43,,79,1.0,265,73,19.0,105,76,,,,,,1.0,,,,28.0,,,,2023
Wrentham,458,69,,1.0,,,3.0,3.0,,,,,,13,42,10,,,381,,,19,5.0,43,,,7,1,,,,33,,,,,158,2,,1,,91,10,11.0,8,5,,,,,,,,,,2.0,1.0,,,2023
Abington,523,157,,,,1.0,8.0,8.0,,,,,4.0,53,59,32,,,342,,1.0,14,6.0,42,,1.0,30,2,21.0,,,,,1.0,,,76,13,,11,1.0,92,22,9.0,24,15,1.0,,,,,1.0,,,,6.0,1.0,,,2023
Bridgewater,253,86,1.0,,,1.0,5.0,5.0,,,1.0,,4.0,22,31,20,,1.0,130,,,7,8.0,33,,,13,3,9.0,,,,,4.0,,,4,4,,4,1.0,24,16,,37,21,1.0,,,,,4.0,,,,11.0,,,,2023
Bridgewater State University,64,16,,,,,,,,,2.0,,,3,11,,,,47,,,,,35,,1.0,1,,,,,,,,,,,2,1.0,,,5,1,1.0,1,1,,,,,,,,,,,,,,2023
Brockton,"5,854","1,986",7.0,,,15.0,83.0,70.0,13.0,,60.0,1.0,,536,"1,024",259,1.0,,"3,573",8.0,,397,23.0,654,37.0,4.0,78,7,366.0,,4.0,3,,77.0,31.0,5.0,97,113,,188,12.0,807,585,77.0,295,92,,,3.0,,,7.0,,1.0,,192.0,,,,2023
Carver,217,69,,,,1.0,4.0,4.0,,,,,3.0,11,27,23,,,144,,,5,5.0,39,,,13,1,29.0,,,1,1.0,1.0,,,2,9,,2,,31,5,,4,1,,,,,,1.0,,,,1.0,1.0,,,2023
Duxbury,173,53,2.0,,,,3.0,3.0,,,,,2.0,10,22,14,,,117,1.0,,1,1.0,11,1.0,2.0,31,2,26.0,,,2,,,,,,4,,1,1.0,32,,1.0,3,2,,,,,,,,,,1.0,,,,2023
East Bridgewater,248,66,,,,,1.0,1.0,,,,,7.0,20,23,15,,,151,1.0,,9,5.0,43,,1.0,12,2,33.0,,,1,,1.0,,,4,5,,6,2.0,7,14,5.0,31,21,1.0,,,,,2.0,,,,7.0,,,,2023
Halifax,179,35,,,,,3.0,1.0,2.0,,1.0,1.0,,1,17,12,,,138,,,5,1.0,15,,,18,2,35.0,,,,,,1.0,,20,4,,6,,27,3,1.0,6,2,,,,,,1.0,,,,3.0,,,,2023
Hanover,275,38,,,,,1.0,1.0,,,1.0,,1.0,7,13,15,,,223,,,6,2.0,23,1.0,,24,3,40.0,,1.0,2,,,1.0,,18,6,,14,4.0,68,6,4.0,14,11,,,,,,2.0,,,,1.0,,,,2023
Hanson,227,74,,,,,,,,,6.0,1.0,1.0,21,32,13,,,131,,,10,2.0,34,,1.0,13,2,16.0,,,,,,1.0,,4,2,,7,,31,4,4.0,22,13,,,,,,7.0,,,,2.0,,,,2023
Hingham,546,96,,,,,7.0,3.0,4.0,,,,,35,32,22,,,440,,,36,13.0,51,,2.0,45,3,84.0,,,,,3.0,3.0,2.0,40,35,,3,2.0,99,15,4.0,10,5,,,,,,3.0,1.0,,,1.0,,,,2023
Hull,302,81,,,,1.0,2.0,1.0,1.0,,,1.0,3.0,20,44,10,,,200,1.0,,12,2.0,61,,1.0,27,3,24.0,,,1,,,,1.0,8,14,,6,,36,1,2.0,21,16,,,,,,1.0,1.0,,,3.0,,,,2023
Kingston,314,86,,,,,7.0,5.0,2.0,,1.0,2.0,1.0,19,42,14,,,214,4.0,,5,3.0,59,,1.0,25,,34.0,,,,,,1.0,,4,4,,13,,54,6,1.0,14,5,,,,,,3.0,,,,6.0,,,,2023
Lakeville,187,50,1.0,,,,3.0,2.0,1.0,,4.0,,,15,26,1,,,123,,,3,,23,,,,1,,,,50,,,1.0,,4,,,2,,33,6,,14,13,,,,,,,,,,1.0,,,,2023
Marion,100,17,,,,,,,,,,,1.0,3,12,1,,,78,,,3,2.0,14,,,10,1,18.0,,,1,1.0,,,,,1,,,,26,1,,5,2,,,,,,2.0,,,,1.0,,,,2023
Marshfield,179,67,,,,,5.0,1.0,4.0,,,,2.0,21,21,18,,,99,,,6,2.0,38,2.0,1.0,16,,2.0,,,,,2.0,,1.0,5,2,,5,,14,2,1.0,13,8,,,,,,,,1.0,,4.0,,,,2023
Massasoit Community College,12,1,,,,,,,,,,,1.0,,,,,,11,,,1,1.0,7,,,,,,,,,,,,,,1,,,,1,,,,,,,,,,,,,,,,,,2023
Mattapoisett,94,23,,,,,,,,,,,,12,7,4,,,63,1.0,,2,7.0,13,,1.0,10,,6.0,,,,1.0,,2.0,,,3,,1,,14,1,1.0,8,2,,,,,,1.0,,,,5.0,,,,2023
MBTA - Plymouth County,,,,,,,,,,,,,,,,,,,,,,,,,,,,,,,,,,,,,,,,,,,,,,,,,,,,,,,,,,,,2023
Middleborough,782,271,,,,3.0,9.0,7.0,2.0,,9.0,,5.0,92,121,32,,,469,1.0,,21,11.0,103,4.0,3.0,36,6,93.0,,,3,,7.0,3.0,1.0,11,24,,17,2.0,99,21,3.0,42,28,,,,,,4.0,1.0,,,9.0,,,,2023
Norwell,183,36,,,,,,,,,,,,13,21,2,,,143,,,8,4.0,27,1.0,2.0,9,,27.0,,2.0,3,1.0,1.0,,,13,7,,2,,32,4,,4,2,,,,,,1.0,,,,1.0,,,,2023
Pembroke,292,62,,,,,7.0,3.0,3.0,1.0,1.0,1.0,2.0,8,27,16,,,217,,,7,6.0,32,2.0,4.0,40,5,58.0,,,,,1.0,,1.0,13,6,,3,,27,7,5.0,13,10,,,,,,,,,,3.0,,,,2023
Plymouth,"1,993",706,1.0,,,3.0,7.0,6.0,1.0,,16.0,1.0,3.0,199,324,149,3.0,,"1,159",5.0,,73,9.0,276,1.0,12.0,103,16,165.0,,3.0,13,,4.0,2.0,1.0,148,11,1.0,29,2.0,208,46,31.0,128,81,,,,,,20.0,,1.0,,22.0,4.0,,,2023
Plymouth State Police,182,28,,,,,,,,,,,,4,20,4,,,8,,,,2.0,2,,,,,,,,1,,,,,,,,,,,3,,146,121,1.0,,,,,1.0,,,,23.0,,,,2023
Plymouth State Police Middleboro,,,,,,,,,,,,,,,,,,,,,,,,,,,,,,,,,,,,,,,,,,,,,,,,,,,,,,,,,,,,2023
Plympton,80,18,,,,,2.0,2.0,,,,,1.0,2,11,2,,,58,,,1,2.0,11,,1.0,11,1,11.0,,,,,1.0,,,1,3,,,,12,2,1.0,4,1,,,,,,2.0,,,,1.0,,,,2023
Rochester,138,50,1.0,,,,,,,,,1.0,5.0,3,19,21,,,69,,,4,4.0,15,,1.0,5,2,16.0,,,,,,,,1,5,,1,,9,5,1.0,19,9,,,,,,2.0,,,,8.0,,,,2023
Rockland,287,127,,,,,4.0,4.0,,,2.0,,6.0,38,62,15,,,136,,,18,4.0,33,,,7,2,2.0,,,2,1.0,2.0,,,6,8,,2,,24,18,7.0,24,9,,,,,,3.0,,,,12.0,,,,2023
Scituate,220,49,,,,,6.0,4.0,2.0,,2.0,,,7,17,17,,,165,,,7,4.0,32,1.0,2.0,13,2,,,,56,,,1.0,1.0,2,11,,9,,12,3,9.0,6,5,,,,,,,,,,1.0,,,,2023
Wareham,764,236,1.0,,,,8.0,7.0,1.0,,11.0,1.0,9.0,59,123,24,,,484,1.0,,63,7.0,102,1.0,1.0,35,7,2.0,,,36,,4.0,5.0,5.0,64,12,,9,1.0,106,16,7.0,44,25,,,,,,5.0,,,,14.0,,,,2023
West Bridgewater,208,46,,,,,1.0,,1.0,,1.0,,,14,22,8,,,151,,,3,10.0,14,,2.0,11,3,35.0,,,,,,,,11,4,,2,,40,11,5.0,11,6,,,,,,,,,,5.0,,,,2023
Whitman,327,106,,,,,6.0,4.0,2.0,,2.0,,4.0,24,63,7,,,213,,,10,4.0,36,2.0,2.0,27,,25.0,18.0,1.0,,,,,,3,2,,34,,27,18,4.0,8,3,,,,,,3.0,,,,2.0,,,,2023
Berklee College of Music,,,,,,,,,,,,,,,,,,,,,,,,,,,,,,,,,,,,,,,,,,,,,,,,,,,,,,,,,,,,2023
Beth Israel Deaconess Med Ctr,,,,,,,,,,,,,,,,,,,,,,,,,,,,,,,,,,,,,,,,,,,,,,,,,,,,,,,,,,,,2023
Boston,"42,673","16,370",35.0,4.0,,57.0,220.0,161.0,40.0,24.0,199.0,2.0,4.0,"2,950","7,385","5,508",4.0,2.0,"23,602",27.0,1.0,"1,206",558.0,"4,403",67.0,140.0,"1,739","1,006",95.0,43.0,352.0,"1,086",92.0,887.0,67.0,19.0,"2,994","2,306",6.0,"2,100",355.0,"2,544","1,168",341.0,"2,701","1,934",27.0,,,,,144.0,39.0,,,532.0,25.0,,,2023
Boston College(Old ORI),,,,,,,,,,,,,,,,,,,,,,,,,,,,,,,,,,,,,,,,,,,,,,,,,,,,,,,,,,,,2023
Boston University,583,69,,,,,3.0,3.0,,,16.0,,,6,26,18,,,514,,,10,,64,,7.0,24,1,4.0,,2.0,,,1.0,,,7,319,,7,,65,,3.0,,,,,,,,,,,,,,,,2023
Bunker Hill Community College,12,1,,,,,,,,,,,,,1,,,,11,,,,,,,,4,,1.0,,,,,,,,,,,,,4,2,,,,,,,,,,,,,,,,,2023
"Capitol PD, Boston",,,,,,,,,,,,,,,,,,,,,,,,,,,,,,,,,,,,,,,,,,,,,,,,,,,,,,,,,,,,2023
Chelsea,"2,485","1,115",,,,7.0,40.0,21.0,17.0,2.0,26.0,,39.0,268,563,172,,,"1,262",4.0,1.0,70,24.0,328,,8.0,95,21,79.0,1.0,3.0,,,62.0,12.0,11.0,64,118,,108,27.0,128,86,12.0,108,58,,,2.0,,,6.0,1.0,,,40.0,1.0,,,2023
Emerson College,29,3,,,,,,,,,,,,,3,,,,26,1.0,,,,7,,,4,,,,,,,,,,2,1,,,,11,,,,,,,,,,,,,,,,,,2023
Emerson College,,,,,,,,,,,,,,,,,,,,,,,,,,,,,,,,,,,,,,,,,,,,,,,,,,,,,,,,,,,,2023
Environmental Police,70,8,,,,,,,,,,,,4,1,3,,,33,,,2,1.0,15,,,1,1,,,,,,,,,,,,,,6,4,3.0,29,,,,,,,,,,,28.0,1.0,,,2023
Fisher College,9,2,,,,,,,,,,,,,2,,,,6,,,,,1,,,,,,,,,1.0,,,,,3,,,,1,,,1,,,,,,,,,,,1.0,,,,2023
Fisher College,,,,,,,,,,,,,,,,,,,,,,,,,,,,,,,,,,,,,,,,,,,,,,,,,,,,,,,,,,,,2023
Mass College of Art,35,1,,,,,1.0,1.0,,,,,,,,,,,34,,,2,1.0,17,,,1,1,,,,,,,,,2,1,,,,9,,,,,,,,,,,,,,,,,,2023
Mass General Hospital,,,,,,,,,,,,,,,,,,,,,,,,,,,,,,,,,,,,,,,,,,,,,,,,,,,,,,,,,,,,2023
MBTA,,,,,,,,,,,,,,,,,,,,,,,,,,,,,,,,,,,,,,,,,,,,,,,,,,,,,,,,,,,,2023
MBTA - Suffolk County,,,,,,,,,,,,,,,,,,,,,,,,,,,,,,,,,,,,,,,,,,,,,,,,,,,,,,,,,,,,2023
MCPHS University,19,7,,,,,,,,,,,,,4,3,,,11,,,1,,,,,,,,,,,,,,,,,,2,,8,,,1,1,,,,,,,,,,,,,,2023
Northeastern U,,,,,,,,,,,,,,,,,,,,,,,,,,,,,,,,,,,,,,,,,,,,,,,,,,,,,,,,,,,,2023
Northeastern University,385,49,,,,1.0,8.0,8.0,,,4.0,,,1,33,2,,,327,1.0,,11,,,,,2,,,,,,,,,,65,102,,1,,139,2,4.0,9,7,,,,,,,,,,2.0,,,,2023
Revere,"2,244",753,,,,4.0,5.0,4.0,1.0,,14.0,,4.0,210,371,142,2.0,1.0,"1,403",5.0,1.0,100,15.0,303,2.0,4.0,77,5,82.0,,3.0,1,,17.0,1.0,1.0,147,22,,146,3.0,321,124,23.0,88,37,1.0,,2.0,,,6.0,2.0,1.0,,38.0,1.0,,,2023
Roxbury Community College,,,,,,,,,,,,,,,,,,,,,,,,,,,,,,,,,,,,,,,,,,,,,,,,,,,,,,,,,,,,2023
Simmons University,18,,,,,,,,,,,,,,,,,,17,,,,,4,,,2,,,,,1,,,,,,1,,,,9,,,1,,,,,,,,,,,1.0,,,,2023
Suffolk State Police,378,119,,,,1.0,,,,,2.0,,,19,88,7,1.0,1.0,82,,,4,8.0,22,,,1,,1.0,,,1,,1.0,1.0,1.0,,,,2,1.0,34,4,1.0,177,90,,,,,,1.0,,,,86.0,,,,2023
Suffolk State Police Framingham,,,,,,,,,,,,,,,,,,,,,,,,,,,,,,,,,,,,,,,,,,,,,,,,,,,,,,,,,,,,2023
Suffolk State Police Logan Airport,,,,,,,,,,,,,,,,,,,,,,,,,,,,,,,,,,,,,,,,,,,,,,,,,,,,,,,,,,,,2023
Suffolk State Police Weston,,,,,,,,,,,,,,,,,,,,,,,,,,,,,,,,,,,,,,,,,,,,,,,,,,,,,,,,,,,,2023
Tufts University Suffolk,18,1,,,,,,,,,,,,1,,,,,17,,,,,7,,,,,,,,,,,,,,4,,,,6,,,,,,,,,,,,,,,,,,2023
Tufts University Suffolk prior to 01/01/2017,,,,,,,,,,,,,,,,,,,,,,,,,,,,,,,,,,,,,,,,,,,,,,,,,,,,,,,,,,,,2023
U-Mass Boston,50,8,,,,,,,,,,,,2,2,4,,,42,1.0,,1,,16,,3.0,4,,,,,,,,,,1,3,,,,12,1,,,,,,,,,,,,,,,,,2023
Wentworth Institute,,,,,,,,,,,,,,,,,,,,,,,,,,,,,,,,,,,,,,,,,,,,,,,,,,,,,,,,,,,,2023
Wentworth Institute of Technology,69,10,,,,,2.0,2.0,,,,,,1,4,3,,,55,,,2,1.0,4,3.0,2.0,,2,,,,,,,1.0,,,3,1.0,,,29,6,1.0,4,,,,,,,,,,,4.0,,,,2023
Winthrop,459,131,,,,1.0,2.0,2.0,,,1.0,,,29,69,29,,,310,2.0,,23,8.0,57,,3.0,25,1,61.0,,,2,,2.0,,,5,5,,27,,69,11,9.0,18,12,,,,,,,,,,6.0,,,,2023
Ashburnham,153,46,,,,,4.0,2.0,2.0,,3.0,3.0,1.0,9,13,13,,,91,,1.0,11,2.0,28,,,17,3,,,,1,,,2.0,,1,1,,2,,18,1,3.0,16,6,1.0,,,,,6.0,1.0,1.0,,1.0,,,,2023
Assumption College,46,4,,,,,1.0,1.0,,,,,,1,,2,,,40,,,3,,15,,2.0,2,,2.0,,,,,,,,,7,,,,9,,,2,2,,,,,,,,,,,,,,2023
Assumption College,,,,,,,,,,,,,,,,,,,,,,,,,,,,,,,,,,,,,,,,,,,,,,,,,,,,,,,,,,,,2023
Athol,358,151,,,,2.0,7.0,6.0,1.0,,1.0,,13.0,44,69,15,,,166,2.0,,18,,37,1.0,,15,2,6.0,,,,,2.0,,2.0,11,11,,5,,47,4,3.0,41,30,,,,,,4.0,,,,7.0,,,,2023
Auburn,616,110,,,,,3.0,3.0,,,1.0,,1.0,54,50,1,,,468,2.0,,23,15.0,75,2.0,1.0,36,12,74.0,,,1,,1.0,,,71,3,,22,1.0,83,31,15.0,38,21,,,,,,2.0,1.0,,,14.0,,,,2023
Barre,128,44,,,,,2.0,2.0,,,,,1.0,21,14,6,,,56,1.0,,4,1.0,18,,,3,1,8.0,,,,,,,,1,6,,2,,8,1,2.0,28,24,,,,,,,,,,4.0,,,,2023
Becker College,,,,,,,,,,,,,,,,,,,,,,,,,,,,,,,,,,,,,,,,,,,,,,,,,,,,,,,,,,,,2023
Berlin,34,4,,,,,,,,,,,,,2,2,,,24,,,,,2,,,1,1,2.0,,,,,,,,3,2,,,,9,1,3.0,6,4,,,1.0,,,,,,,1.0,,,,2023
Blackstone,74,31,1.0,,,,,,,,,,1.0,4,20,5,,,34,1.0,,,1.0,11,,,3,,4.0,,,2,,,,,,2,,4,,2,2,2.0,9,6,,,,,,,,,,3.0,,,,2023
Bolton,130,22,,,,,,,,,,,,2,12,8,,,103,,,2,1.0,21,1.0,1.0,11,2,42.0,,1.0,,,,,,2,3,,1,,15,,,5,4,,,,,,1.0,,,,,,,,2023
Boylston,75,23,,,,,,,,,1.0,,,5,10,7,,,30,,,5,1.0,8,,,2,,2.0,,,1,,,,,,4,,,,5,1,1.0,22,16,1.0,,,,,4.0,,,,1.0,,,,2023
Brookfield,69,23,,,,,6.0,5.0,1.0,,1.0,,2.0,3,8,3,,,40,,,1,,7,13.0,1.0,,1,6.0,,,2,,,,,2,2,,,1.0,3,,1.0,6,3,,,,,,1.0,,,,2.0,,,,2023
Charlton,191,48,,,,,1.0,1.0,,,,,2.0,4,31,10,,,123,1.0,,5,7.0,38,1.0,1.0,22,,14.0,,,2,1.0,3.0,,,2,4,,,,15,3,4.0,20,13,,,,,,2.0,,,,5.0,,,,2023
Clark University,53,5,,,,,2.0,1.0,1.0,,,,,3,,,,,48,,,2,,19,,,,,,,,,,3.0,,,,6,,1,,17,,,,,,,,,,,,,,,,,,2023
Clark University,,,,,,,,,,,,,,,,,,,,,,,,,,,,,,,,,,,,,,,,,,,,,,,,,,,,,,,,,,,,2023
Clinton,51,17,,,,,,,,,,,,3,14,,,,29,,,2,,12,,,1,,,,2.0,1,,1.0,,,2,3,,,,1,1,3.0,5,2,2.0,,,,,,,,,1.0,,,,2023
Col of the Holy Cross,51,10,,,,,1.0,1.0,,,2.0,,,,1,6,,,41,2.0,,2,,17,,4.0,4,,,,,,,,,,,1,,1,,7,2,1.0,,,,,,,,,,,,,,,,2023
Douglas,154,58,,,,,,,,,3.0,,3.0,7,36,9,,,84,,,7,4.0,18,,2.0,9,1,12.0,,,,,,1.0,,,2,,2,,23,2,1.0,12,9,,,,,,1.0,,,,2.0,,,,2023
Dudley,159,93,,,,1.0,2.0,2.0,,,,1.0,,18,51,20,,,46,,,4,,15,,,2,,1.0,,,,,1.0,,,2,6,,1,1.0,7,4,2.0,20,10,,,,,,1.0,1.0,,,8.0,,,,2023
East Brookfield,37,6,,,,,,,,,,,1.0,2,3,,,,31,,,,2.0,11,5.0,,1,,4.0,,,1,,,,,,,,,,3,1,3.0,,,,,,,,,,,,,,,,2023
Fitchburg,"1,814",607,2.0,,,1.0,26.0,21.0,5.0,,36.0,2.0,6.0,149,340,44,1.0,,"1,087",6.0,,75,15.0,372,2.0,4.0,58,1,72.0,,,,,17.0,1.0,,24,21,,109,13.0,227,53,17.0,120,39,,,3.0,,,9.0,3.0,1.0,,65.0,,,,2023
Fitchburg SC,69,2,,,,,2.0,2.0,,,,,,,,,,,67,,,6,,27,,,,,,,,,,,,,2,1,,13,,17,1,,,,,,,,,,,,,,,,,2023
Fitchburg State College,,,,,,,,,,,,,,,,,,,,,,,,,,,,,,,,,,,,,,,,,,,,,,,,,,,,,,,,,,,,2023
Gardner,656,260,1.0,2.0,,,1.0,1.0,,,3.0,,9.0,51,180,13,,,343,2.0,,19,10.0,77,,,37,2,43.0,,,,,2.0,,,49,14,,11,,61,14,2.0,53,36,,,,,,3.0,,,,14.0,,,,2023
Grafton,233,82,,,,,5.0,5.0,,,,,2.0,19,48,8,,,132,,,11,5.0,28,,3.0,9,,34.0,1.0,,5,,,,,,4,,3,,13,11,5.0,19,10,1.0,,,,,1.0,,,,7.0,,,,2023
Hardwick,54,14,,,,,,,,,,,,4,8,2,,,35,,,3,2.0,12,8.0,,1,,1.0,,,,,,,,1,2,,1,,2,2,,5,3,,,,,,,,,,2.0,,,,2023
Harvard,90,21,,,,2.0,3.0,2.0,1.0,,,,2.0,2,3,9,,,68,1.0,,4,1.0,12,,2.0,10,,20.0,,,4,,,,,,,,1,1.0,9,2,1.0,1,,,,,,,1.0,,,,,,,,2023
Holden,216,73,,,,,2.0,1.0,1.0,,4.0,,1.0,15,40,11,,,131,1.0,,12,3.0,35,,,18,2,25.0,,3.0,,1.0,1.0,,1.0,9,1,,1,1.0,11,2,4.0,12,5,,,,,,1.0,,,,6.0,,,,2023
Hopedale,79,29,,,,,1.0,1.0,,,1.0,1.0,1.0,8,13,4,,,35,,,2,,10,1.0,,2,1,5.0,,,,,,,,,3,,2,,8,1,,15,10,,,,,,1.0,1.0,,,3.0,,,,2023
Hubbardston,64,18,,,,,,,,,,,,3,12,3,,,36,,,3,1.0,9,,,2,1,5.0,,,,,,,,,3,,1,,10,1,,10,8,1.0,,,,,,,,,1.0,,,,2023
Lancaster,186,43,,,,2.0,1.0,1.0,,,1.0,,,4,24,11,,,139,,,20,3.0,33,,,14,2,30.0,,,,,,1.0,,2,3,,3,,21,5,2.0,4,1,,,,,,1.0,,,,2.0,,,,2023
Leicester,326,73,,,,,,,,,,1.0,6.0,26,31,9,,,214,,,10,3.0,21,3.0,1.0,14,1,31.0,,,1,,,,,76,10,,3,1.0,23,15,1.0,39,23,2.0,,,,,5.0,,,,9.0,,,,2023
Leominster,"1,933",760,,,,10.0,17.0,16.0,1.0,,12.0,,6.0,143,443,129,,,"1,087",6.0,,61,24.0,275,2.0,7.0,97,4,118.0,,,1,,10.0,5.0,2.0,148,36,,48,3.0,188,45,7.0,86,43,,,2.0,,,11.0,,1.0,,28.0,1.0,,,2023
Lunenburg,235,50,1.0,,,,2.0,2.0,,,5.0,,1.0,7,26,8,,,161,,,4,4.0,19,1.0,2.0,28,1,16.0,,,,,2.0,,,59,4,,4,,13,3,1.0,24,14,,,,,,5.0,,,,5.0,,,,2023
MBTA - Worcester County,,,,,,,,,,,,,,,,,,,,,,,,,,,,,,,,,,,,,,,,,,,,,,,,,,,,,,,,,,,,2023
Mendon,120,13,,,,,,,,,,,,3,8,2,,,91,,,8,3.0,26,,3.0,3,,,,,15,,,,,,2,,,,20,6,5.0,16,9,,,,,,3.0,,,,3.0,1.0,,,2023
Milford,773,337,,,,2.0,15.0,12.0,2.0,1.0,,6.0,15.0,67,186,46,,,372,3.0,,23,7.0,79,1.0,2.0,26,3,40.0,,1.0,3,,3.0,,,29,4,,18,1.0,100,26,3.0,64,32,,1.0,3.0,,,10.0,,,,18.0,,,,2023
Millbury,449,109,,,,,1.0,1.0,,,,,2.0,34,52,20,,,309,,,11,8.0,34,1.0,1.0,26,,33.0,,1.0,3,,1.0,,,104,4,,11,1.0,42,10,18.0,31,27,,,,,,1.0,,,,3.0,,,,2023
Millville,26,8,,,,,,,,,,,,3,5,,,,17,,,2,1.0,5,,,,,,,,5,,,,,,,,1,,3,,,1,,,,,,,,,,,1.0,,,,2023
Mount Wachusett CC,3,1,,,,,,,,,,,,,1,,,,2,,,,,,,,,,,,,,,,,,,2,,,,,,,,,,,,,,,,,,,,,,2023
New Braintree,20,7,,,,,,,,,,,,1,4,2,,,11,,,1,1.0,2,4.0,,,,1.0,,,,,,,,,1,,1,,,,,2,1,,,,,,,,,,1.0,,,,2023
North Brookfield,,,,,,,,,,,,,,,,,,,,,,,,,,,,,,,,,,,,,,,,,,,,,,,,,,,,,,,,,,,,2023
Northborough,152,14,,,,1.0,,,,,,,,4,6,3,,,135,,,,3.0,12,,,10,2,,3.0,1.0,12,1.0,,,,39,,,2,2.0,42,6,,3,2,,,,,,,,,,1.0,,,,2023
Northbridge,317,73,,,,,5.0,4.0,1.0,,5.0,,1.0,21,32,9,,,209,1.0,,12,4.0,54,,,53,1,15.0,,,,,4.0,,,19,4,,3,1.0,29,9,,35,21,,,,,,2.0,,,,12.0,,,,2023
Oakham,34,7,,,,,,,,,1.0,,1.0,1,2,2,,,26,,,1,,7,,,1,,7.0,,,2,,,,,1,,,1,,6,,,1,,,,,,,,,,,,1.0,,,2023
Oxford,296,74,,,,4.0,,,,,2.0,2.0,2.0,10,41,13,,,208,1.0,,11,,37,,,13,3,16.0,,,1,,2.0,1.0,,63,3,,3,1.0,32,18,3.0,14,6,,,,,,3.0,,,,5.0,,,,2023
Paxton,52,13,,,,,2.0,2.0,,,1.0,,,1,9,,,,30,,,,1.0,4,1.0,,3,,4.0,,,3,,,,,,,,4,,9,1,,9,7,,,,,,,,,,2.0,,,,2023
Petersham,,,,,,,,,,,,,,,,,,,,,,,,,,,,,,,,,,,,,,,,,,,,,,,,,,,,,,,,,,,,2023
Phillipston,,,,,,,,,,,,,,,,,,,,,,,,,,,,,,,,,,,,,,,,,,,,,,,,,,,,,,,,,,,,2023
Princeton,62,27,,,,,1.0,1.0,,,,,1.0,2,20,3,,,32,,,3,1.0,9,,1.0,1,,12.0,,,1,,,,,,,,,,3,1,,3,1,1.0,,,,,1.0,,,,,,,,2023
Quinsigamond CC,28,7,,,,,,,,,1.0,,,1,1,4,,,21,,,1,6.0,4,,,3,,,,,,,,,,,4,,,1.0,2,,,,,,,,,,,,,,,,,,2023
Royalston,6,1,,,,,,,,,,,,,1,,,,4,,,,,2,,1.0,,,,,,,,,,,,,,,,1,,,1,,,,,,,1.0,,,,,,,,2023
Rutland,141,47,,,,1.0,1.0,,1.0,,,,2.0,12,20,11,,,86,,,6,2.0,33,,1.0,7,1,15.0,,,5,,,,,1,1,,2,,12,,,8,4,,,,,,1.0,,,,3.0,,,,2023
Shrewsbury,580,79,,,,,,,,,,,,14,64,1,,,467,,,22,10.0,73,,1.0,1,11,3.0,,,112,,,1.0,2.0,28,20,,23,19.0,122,19,,34,26,,,,,,,,,,8.0,,,,2023
Southborough,131,17,,,,,,,,,1.0,,3.0,5,4,4,,,106,,,8,2.0,20,,1.0,13,1,30.0,,,5,,,,,,5,,,,14,6,1.0,8,2,,,,,,1.0,5.0,,,,,,,2023
Southbridge,824,233,,,,2.0,9.0,8.0,1.0,,,2.0,6.0,59,142,13,,,497,3.0,,27,6.0,138,,1.0,33,6,43.0,,,4,,2.0,,1.0,42,19,,17,1.0,116,32,6.0,94,62,,,,,,3.0,,,,29.0,,,,2023
Spencer,213,32,,,,1.0,3.0,3.0,,,3.0,,,13,10,2,,,167,1.0,,6,1.0,25,,,1,9,18.0,24.0,30.0,4,,1.0,1.0,,7,3,,4,,29,,3.0,14,11,1.0,,,,,,,,,1.0,1.0,,,2023
Sterling,92,21,,,,,1.0,1.0,,,,,,7,3,10,,,61,,,8,3.0,9,,1.0,10,,13.0,,,,,,1.0,,,2,,2,3.0,5,1,3.0,10,5,1.0,,,,,1.0,,,,3.0,,,,2023
Sturbridge,323,91,,,,1.0,3.0,3.0,,,6.0,,1.0,22,46,12,,,192,1.0,,10,11.0,36,1.0,1.0,28,1,14.0,,,1,,,,,12,4,,4,1.0,53,9,5.0,40,19,,,,,,9.0,,,,12.0,,,,2023
Sutton,243,65,,,,,,,,,,,3.0,11,35,16,,,127,,,10,5.0,15,,1.0,17,1,41.0,1.0,1.0,4,,,,,4,1,,,,13,2,11.0,51,42,1.0,,,,,2.0,,,,6.0,,,,2023
Templeton,138,46,,,,,1.0,,,1.0,,,1.0,5,36,3,,,86,,,4,1.0,32,,,3,,11.0,,,,,,,,1,3,,4,1.0,22,4,,6,3,,,,,,,,,,1.0,2.0,,,2023
Tufts University Worcester,3,,,,,,,,,,,,,,,,,,3,,,,,,,,,,,,,,,,,,,2,,,,1,,,,,,,,,,,,,,,,,,2023
Tufts University Worcester,,,,,,,,,,,,,,,,,,,,,,,,,,,,,,,,,,,,,,,,,,,,,,,,,,,,,,,,,,,,2023
U-Mass Worcester,388,292,,,,,,,,,,,,16,249,27,,,53,,,2,,14,,,2,,2.0,,,,,,1.0,1.0,,6,,,,20,3,2.0,43,28,4.0,,,,,,,,,11.0,,,,2023
U-Mass Worcester MA014UM00,,,,,,,,,,,,,,,,,,,,,,,,,,,,,,,,,,,,,,,,,,,,,,,,,,,,,,,,,,,,2023
Upton,124,33,,,,1.0,1.0,,1.0,,2.0,,,8,14,7,,,74,,,4,2.0,16,,3.0,6,,23.0,,,1,,,,,,,,1,,15,3,,17,11,,,,,,5.0,,,,1.0,,,,2023
Uxbridge,197,55,,,,1.0,2.0,1.0,1.0,,,,2.0,9,21,20,,,130,,,8,2.0,26,,,22,1,12.0,,,1,,,,,15,2,,5,1.0,28,4,3.0,12,3,,,,,,3.0,1.0,,,5.0,,,,2023
Warren,152,58,,,,1.0,3.0,3.0,,,,,6.0,13,13,22,,,66,,,6,3.0,18,1.0,,5,,4.0,,,1,,,,,,4,,6,,13,3,2.0,28,15,,,,,,1.0,,1.0,,11.0,,,,2023
Webster,901,412,,,,5.0,3.0,2.0,1.0,,4.0,1.0,7.0,100,253,39,,,387,3.0,,35,8.0,111,1.0,2.0,27,2,41.0,,,1,,6.0,1.0,2.0,18,21,,7,,72,21,8.0,102,65,,,,,,5.0,,,,31.0,1.0,,,2023
West Boylston,87,26,,,,,1.0,1.0,,,2.0,,,10,9,4,,,60,,,4,1.0,13,,,5,2,9.0,,,3,,,,,5,2,,4,,9,3,,1,,,,,,,,,,,1.0,,,,2023
West Brookfield,43,11,,,,,,,,,,,,6,4,1,,,29,,,1,,7,5.0,,1,,3.0,,,,,,,,,3,,1,1.0,2,2,3.0,3,1,,,,,,,,,,2.0,,,,2023
Westborough,637,195,,,,,6.0,5.0,1.0,,2.0,,4.0,32,113,38,,,406,2.0,,28,22.0,70,1.0,1.0,47,10,56.0,,4.0,5,1.0,2.0,,,27,9,,13,6.0,87,11,4.0,36,18,,,,,,3.0,,,,15.0,,,,2023
Westminster,169,60,,,,1.0,4.0,4.0,,,1.0,,7.0,15,29,3,,,95,,,9,2.0,15,1.0,1.0,7,2,22.0,,,,,,1.0,,,,,1,,31,2,1.0,14,8,,,,,,3.0,,,,3.0,,,,2023
Winchendon,415,159,,,,1.0,4.0,3.0,1.0,,7.0,,3.0,33,93,18,,,225,1.0,,29,1.0,80,,1.0,17,1,43.0,,,,,2.0,,,7,1,,1,1.0,28,7,5.0,31,12,,,,,,5.0,,,,14.0,,,,2023
Worcester,"10,960","3,940",8.0,,,41.0,31.0,26.0,4.0,1.0,34.0,,5.0,"1,237","2,003",579,,2.0,"6,645",9.0,,467,122.0,"1,388",28.0,33.0,458,337,24.0,9.0,140.0,388,50.0,202.0,2.0,1.0,674,415,4.0,684,190.0,576,405,39.0,375,232,,,,,,3.0,6.0,,,129.0,5.0,,,2023
Worcester Polytechnic In,59,7,,,,,,,,,,,,4,1,2,,,50,,,4,,22,,,1,,,,,,,,,,2,6,,2,1.0,12,,,2,1,,,,,,,,,,1.0,,,,2023
Worcester State,72,19,1.0,,,,1.0,1.0,,,,,,4,11,2,,,38,,1.0,3,1.0,16,,,,,1.0,,,,,,,,1,3,,1,,10,1,,15,9,1.0,,,,,4.0,,,,1.0,,,,2023
Worcester State Police,266,51,,,,1.0,,,,,2.0,,,6,42,,,,10,,,,1.0,2,,,,,,,,1,,1.0,,,,,,,,1,3,1.0,205,171,2.0,,,,,2.0,,,,29.0,1.0,,,2023
Worcester State Police Holden,,,,,,,,,,,,,,,,,,,,,,,,,,,,,,,,,,,,,,,,,,,,,,,,,,,,,,,,,,,,2023
Worcester State Police Weston,,,,,,,,,,,,,,,,,,,,,,,,,,,,,,,,,,,,,,,,,,,,,,,,,,,,,,,,,,,,2023
Worcester State University,,,,,,,,,,,,,,,,,,,,,,,,,,,,,,,,,,,,,,,,,,,,,,,,,,,,,,,,,,,,2023
Missing,,,,,,,,,,,,,,,,,,,,,,,,,,,,,,,,,,,,,,,,,,,,,,,,,,,,,,,,,,,,2023
MSCPA Police,,,,,,,,,,,,,,,,,,,,,,,,,,,,,,,,,,,,,,,,,,,,,,,,,,,,,,,,,,,,2023
Suffolk University,,,,,,,,,,,,,,,,,,,,,,,,,,,,,,,,,,,,,,,,,,,,,,,,,,,,,,,,,,,,2023
Jurisdiction by Geography,,,,,,,,,,,,,,,,,,,,,,,,,,,,,,,,,,,,,,,,,,,,,,,,,,,,,,,,,,,,2022
Barnstable,"1,749",708,1.0,1.0,,13.0,26.0,21.0,4.0,1.0,19.0,,1.0,199,348,99,1.0,,892,3.0,,70,41.0,223,13.0,11.0,21,34.0,5.0,1.0,70.0,23.0,5.0,11.0,2.0,4.0,93,53,1.0,53,30.0,85,26,14.0,149,91,,,,,,9.0,,1.0,1.0,45.0,2.0,,,2022
Barnstable State Police,33,8,,,,1.0,,,,,,,,1,6,,,,2,,,,,1,,,,,,,,,,,,,,,,,,,1,,23,16,,,,,,,,,,7.0,,,,2022
Barnstable State Police Middleboro,,,,,,,,,,,,,,,,,,,,,,,,,,,,,,,,,,,,,,,,,,,,,,,,,,,,,,,,,,,,2022
Bourne,651,266,,,,2.0,6.0,5.0,,1.0,8.0,1.0,3.0,37,155,54,,,341,1.0,,24,26.0,73,2.0,3.0,40,2.0,38.0,,,2.0,,1.0,1.0,1.0,9,11,,9,1.0,82,9,6.0,44,32,,,,,,2.0,,1.0,,9.0,,,,2022
Brewster,134,30,,,,2.0,1.0,1.0,,,2.0,1.0,,8,7,9,,,95,,,8,1.0,17,,,13,3.0,4.0,,2.0,,,,,,,5,,5,1.0,32,3,1.0,9,2,,,,,,2.0,,,,5.0,,,,2022
Cape Cod Community College,4,,,,,,,,,,,,,,,,,,4,,,,,2,,,,,,,,,,,,,,2,,,,,,,,,,,,,,,,,,,,,,2022
Chatham,139,31,,,,,2.0,2.0,,,1.0,,,8,17,3,,,106,,,5,1.0,42,,,15,,6.0,,,,,,,,5,4,,2,1.0,24,,1.0,2,1,,,,,,,,,,1.0,,,,2022
Dennis,472,149,,,,2.0,8.0,5.0,3.0,,3.0,,3.0,45,81,7,,,288,2.0,,24,11.0,47,1.0,1.0,33,2.0,12.0,,1.0,,,,1.0,,25,17,,17,2.0,84,3,5.0,35,24,,,,,,4.0,,,,7.0,,,,2022
Eastham,108,29,,,,,2.0,2.0,,,1.0,,2.0,6,15,3,,,70,,,5,1.0,13,,,14,1.0,1.0,,,,,,,,1,7,,10,,16,,1.0,9,4,,,,,,1.0,,,,3.0,1.0,,,2022
Falmouth,"1,116",394,2.0,,,6.0,6.0,6.0,,,14.0,1.0,1.0,71,241,51,1.0,,654,1.0,,87,47.0,183,2.0,1.0,57,2.0,64.0,,,,,9.0,1.0,1.0,19,38,,,,125,12,5.0,68,39,,,1.0,,,10.0,,,,18.0,,,,2022
Harwich,314,93,,1.0,,,1.0,1.0,,,2.0,,1.0,12,70,6,,,211,1.0,,22,10.0,47,,1.0,29,7.0,16.0,,,,,1.0,1.0,,8,3,,,,62,2,1.0,10,7,,,,,,,,,,3.0,,,,2022
Mashpee,389,130,,,,1.0,5.0,5.0,,,1.0,1.0,2.0,34,59,27,,,231,,,14,9.0,55,,2.0,31,3.0,29.0,,1.0,3.0,1.0,,1.0,2.0,16,8,,4,1.0,39,4,8.0,28,14,,,,,,7.0,,,,7.0,,,,2022
MBTA - Barnstable County,,,,,,,,,,,,,,,,,,,,,,,,,,,,,,,,,,,,,,,,,,,,,,,,,,,,,,,,,,,,2022
Orleans,178,56,,,,1.0,4.0,1.0,1.0,2.0,2.0,,,5,36,7,1.0,,118,,,4,2.0,30,2.0,3.0,7,5.0,1.0,,8.0,6.0,1.0,1.0,,,14,12,,2,2.0,14,2,2.0,4,2,,,,,,,,,,1.0,1.0,,,2022
Provincetown,145,52,,,,1.0,2.0,2.0,,,2.0,,2.0,3,38,4,,,73,,,10,2.0,29,,1.0,5,1.0,2.0,,,,,1.0,,,3,1,,,,14,2,2.0,20,14,,,,,,,2.0,,,3.0,1.0,,,2022
Sandwich,381,128,,,,,4.0,4.0,,,,3.0,4.0,19,72,26,,,219,,,12,10.0,45,3.0,1.0,26,,44.0,,1.0,,1.0,1.0,1.0,,2,4,,6,,57,4,1.0,34,23,,,,,,3.0,,,,8.0,,,,2022
Truro,55,17,1.0,,,,,,,,,,,2,11,3,,,36,,,,,14,,,2,,5.0,,,,,,,,4,,,1,1.0,8,,1.0,2,2,,,,,,,,,,,,,,2022
Wellfleet,41,14,,,,,2.0,1.0,1.0,,,,1.0,1,4,6,,,22,,,3,,8,,,2,,,,,,,,,,1,1,,,1.0,5,1,,5,,,,,,,,1.0,,,4.0,,,,2022
Yarmouth,809,252,,,,3.0,16.0,15.0,1.0,,3.0,,12.0,63,112,40,3.0,,467,3.0,,35,15.0,99,,2.0,76,2.0,21.0,,,1.0,1.0,2.0,1.0,,22,16,,29,1.0,131,5,5.0,90,69,,,,,,6.0,1.0,,,14.0,,,,2022
Adams,328,99,,,,1.0,4.0,4.0,,,5.0,2.0,4.0,20,49,14,,,208,,,31,4.0,62,4.0,,14,3.0,2.0,,,,,5.0,,,9,9,,11,2.0,42,6,4.0,21,8,,,,,,10.0,,,,3.0,,,,2022
Alford,,,,,,,,,,,,,,,,,,,,,,,,,,,,,,,,,,,,,,,,,,,,,,,,,,,,,,,,,,,,2022
Becket,26,12,,,,,1.0,1.0,,,,,,4,7,,,,14,,,2,1.0,3,,,,,,,,,,,,,,,,2,,2,4,,,,,,,,,,,,,,,,,2022
Berkshire State Police,87,49,,,,,,,,,2.0,,,2,44,1,,,14,,,3,1.0,2,,,2,,,,,,,1.0,,,,,,,2.0,1,1,1.0,24,17,,,,,,,,,,6.0,1.0,,,2022
Berkshire State Police Northampton,,,,,,,,,,,,,,,,,,,,,,,,,,,,,,,,,,,,,,,,,,,,,,,,,,,,,,,,,,,,2022
Berkshire State Police Weston,,,,,,,,,,,,,,,,,,,,,,,,,,,,,,,,,,,,,,,,,,,,,,,,,,,,,,,,,,,,2022
Cheshire,20,9,,,,,1.0,1.0,,,,,,1,4,3,,,8,,,1,2.0,2,,,1,,,,,,,,,,,,,1,,,,1.0,3,3,,,,,,,,,,,,,,2022
Clarksburg,,,,,,,,,,,,,,,,,,,,,,,,,,,,,,,,,,,,,,,,,,,,,,,,,,,,,,,,,,,,2022
Dalton,157,56,,,,,2.0,2.0,,,1.0,,2.0,14,29,6,2.0,,95,,,6,3.0,30,,2.0,7,2.0,7.0,,,,,3.0,,,,5,,4,3.0,15,6,2.0,6,1,,,,,,1.0,,,,4.0,,,,2022
Egremont,22,8,,,,,,,,,,,,2,4,2,,,13,,,1,,1,,,1,,1.0,,,,,,,,,3,,,,5,,1.0,1,,,,,,,,,,,1.0,,,,2022
Florida,,,,,,,,,,,,,,,,,,,,,,,,,,,,,,,,,,,,,,,,,,,,,,,,,,,,,,,,,,,,2022
Great Barrington,156,56,,,,,3.0,2.0,1.0,,1.0,,,11,35,6,,,94,1.0,,2,7.0,22,,,6,,9.0,,,2.0,,3.0,,,9,6,,1,1.0,23,2,,6,4,,,,,,2.0,,,,,,,,2022
Hancock,,,,,,,,,,,,,,,,,,,,,,,,,,,,,,,,,,,,,,,,,,,,,,,,,,,,,,,,,,,,2022
Hinsdale,,,,,,,,,,,,,,,,,,,,,,,,,,,,,,,,,,,,,,,,,,,,,,,,,,,,,,,,,,,,2022
Lanesboro,89,36,1.0,,,,,,,,,,,2,18,15,,,50,1.0,,4,2.0,9,,,,1.0,,,,4.0,,1.0,,1.0,9,1,,1,5.0,4,6,1.0,3,,,,,,,1.0,,,,1.0,1.0,,,2022
Lee,197,46,,,,,3.0,2.0,1.0,,2.0,,1.0,8,23,9,,,145,,,13,4.0,30,,,10,,7.0,,,1.0,,,,1.0,17,4,,17,1.0,33,3,4.0,6,4,1.0,,,,,,,,,1.0,,,,2022
Lenox,144,16,,,,,1.0,,1.0,,1.0,,,4,9,1,,,121,,,7,7.0,16,,,7,,3.0,,,1.0,,,,,37,8,,11,2.0,15,4,3.0,7,2,,,,,,,,,,5.0,,,,2022
MA College of Liberal Arts,13,2,,,,,,,,,,,,1,1,,,,11,,,,,6,,,,,,,,,,,,,,1,,,,3,,1.0,,,,,,,,,,,,,,,,2022
MBTA - Berkshire County,,,,,,,,,,,,,,,,,,,,,,,,,,,,,,,,,,,,,,,,,,,,,,,,,,,,,,,,,,,,2022
Monterey,5,2,,,,,,,,,,,,,2,,,,3,,,1,1.0,,,,,,,,,,,,,,,,,,,1,,,,,,,,,,,,,,,,,,2022
Mount Washington,,,,,,,,,,,,,,,,,,,,,,,,,,,,,,,,,,,,,,,,,,,,,,,,,,,,,,,,,,,,2022
New Ashford,,,,,,,,,,,,,,,,,,,,,,,,,,,,,,,,,,,,,,,,,,,,,,,,,,,,,,,,,,,,2022
New Marlboro,19,6,,,,,,,,,,,,3,2,1,,,10,,,3,2.0,3,,,1,,1.0,,,,,,,,,,,,,,,,3,1,,,,,,,,,,2.0,,,,2022
North Adams,974,356,3.0,,,7.0,6.0,5.0,1.0,,,,9.0,115,176,40,,,555,2.0,,53,14.0,137,1.0,1.0,38,7.0,15.0,,,1.0,,6.0,1.0,,102,27,,25,3.0,102,10,10.0,63,40,,,,,,7.0,1.0,,,14.0,1.0,,,2022
Otis,10,1,,,,,,,,,,,,,1,,,,9,,,2,,3,,,1,,,,,,,,,,,,,1,,,2,,,,,,,,,,,,,,,,,2022
Peru,,,,,,,,,,,,,,,,,,,,,,,,,,,,,,,,,,,,,,,,,,,,,,,,,,,,,,,,,,,,2022
Pittsfield,"2,047",520,3.0,,,4.0,41.0,29.0,12.0,,6.0,1.0,23.0,250,123,68,,1.0,"1,384",9.0,,235,34.0,443,,1.0,68,10.0,44.0,,1.0,2.0,,32.0,1.0,,76,25,,82,37.0,185,75,24.0,143,62,,,,,,7.0,,,,74.0,,,,2022
Richmond,,,,,,,,,,,,,,,,,,,,,,,,,,,,,,,,,,,,,,,,,,,,,,,,,,,,,,,,,,,,2022
Sandisfield,,,,,,,,,,,,,,,,,,,,,,,,,,,,,,,,,,,,,,,,,,,,,,,,,,,,,,,,,,,,2022
Savoy,,,,,,,,,,,,,,,,,,,,,,,,,,,,,,,,,,,,,,,,,,,,,,,,,,,,,,,,,,,,2022
Sheffield,,,,,,,,,,,,,,,,,,,,,,,,,,,,,,,,,,,,,,,,,,,,,,,,,,,,,,,,,,,,2022
Stockbridge,45,12,,,,,1.0,,1.0,,,,,4,2,5,,,31,,1.0,2,,10,,,3,1.0,,,,,,,,,1,3,,1,,7,1,1.0,2,,,,,,,1.0,,,,1.0,,,,2022
Tyringham,,,,,,,,,,,,,,,,,,,,,,,,,,,,,,,,,,,,,,,,,,,,,,,,,,,,,,,,,,,,2022
Washington,,,,,,,,,,,,,,,,,,,,,,,,,,,,,,,,,,,,,,,,,,,,,,,,,,,,,,,,,,,,2022
West Stockbridge,,,,,,,,,,,,,,,,,,,,,,,,,,,,,,,,,,,,,,,,,,,,,,,,,,,,,,,,,,,,2022
Williamstown,116,31,,,,,3.0,2.0,,1.0,1.0,1.0,1.0,3,14,8,,,82,,,3,3.0,19,,3.0,3,1.0,,,,,,,,1.0,2,3,,1,,40,3,,3,1,,,,,,1.0,,,,1.0,,,,2022
Windsor,,,,,,,,,,,,,,,,,,,,,,,,,,,,,,,,,,,,,,,,,,,,,,,,,,,,,,,,,,,,2022
Acushnet,131,43,,,,,5.0,4.0,1.0,,1.0,1.0,4.0,5,19,8,,,81,,,7,1.0,23,1.0,,13,,6.0,,,1.0,,,,,1,5,,7,,9,6,1.0,7,5,1.0,,,,,1.0,,,,,,,,2022
Attleboro,"1,835",503,1.0,,,3.0,10.0,5.0,2.0,3.0,19.0,,1.0,102,305,60,2.0,,"1,228",5.0,,56,64.0,276,5.0,21.0,141,35.0,1.0,,58.0,78.0,5.0,10.0,1.0,1.0,89,62,,76,88.0,108,30,18.0,104,49,3.0,,,,,12.0,1.0,1.0,1.0,31.0,6.0,,,2022
Berkley,55,24,,,,,1.0,1.0,,,,,2.0,3,17,1,,,27,,,,,9,,,5,1.0,1.0,,,,,,,,,2,,,1.0,4,4,,4,1,,,,,,1.0,,,,2.0,,,,2022
Bristol Comm College,5,1,,,,,,,,,,,,,1,,,,4,,,,,2,,,,,1.0,,,,,,,,,1,,,,,,,,,,,,,,,,,,,,,,2022
Bristol State Police,196,14,,,,,,,,,,,,2,12,,,,7,,,,3.0,1,,,,,,,,2.0,,,,,,,,,,,1,,175,151,1.0,,,,,,,,,23.0,,,,2022
Bristol State Police Framingham,,,,,,,,,,,,,,,,,,,,,,,,,,,,,,,,,,,,,,,,,,,,,,,,,,,,,,,,,,,,2022
Bristol State Police Middleboro,,,,,,,,,,,,,,,,,,,,,,,,,,,,,,,,,,,,,,,,,,,,,,,,,,,,,,,,,,,,2022
Dartmouth,"1,326",459,,,,7.0,8.0,4.0,4.0,,12.0,,2.0,70,255,105,,,816,2.0,,36,12.0,158,7.0,5.0,63,23.0,1.0,,13.0,62.0,1.0,11.0,,,184,49,,51,34.0,66,10,28.0,51,30,,,,,,4.0,,,,15.0,2.0,,,2022
Dighton,87,30,,,,,3.0,1.0,2.0,,1.0,,1.0,4,12,9,,,47,,,5,1.0,9,,,7,1.0,6.0,,,,,1.0,,,1,2,,1,,8,4,1.0,10,6,,,,,,2.0,,,,2.0,,,,2022
Easton,582,114,,,,1.0,5.0,5.0,,,4.0,,3.0,36,53,12,,,428,1.0,,21,19.0,76,1.0,1.0,52,5.0,36.0,,,12.0,,5.0,7.0,,9,12,,40,1.0,116,10,4.0,40,23,,,,,,7.0,,,,10.0,,,,2022
Fairhaven,508,210,,,,,5.0,2.0,3.0,,1.0,2.0,7.0,46,86,62,1.0,,274,,,16,1.0,90,,,18,5.0,17.0,,1.0,,,3.0,,1.0,38,8,,14,,51,8,3.0,24,14,,,,,,3.0,,,,7.0,,,,2022
Fall River,"4,610","2,118",2.0,,,26.0,50.0,48.0,2.0,,19.0,,13.0,797,"1,016",193,2.0,,"2,194",8.0,,411,28.0,570,1.0,10.0,72,5.0,11.0,,,91.0,,103.0,,,93,62,,56,19.0,418,201,35.0,298,143,,,6.0,,,34.0,11.0,,,104.0,,,,2022
Freetown,250,94,,,,2.0,2.0,1.0,1.0,,2.0,1.0,3.0,22,42,20,,,142,2.0,,11,1.0,44,1.0,,12,,17.0,,,,,,,,,5,,5,2.0,33,7,2.0,14,8,,,,,,,,,,4.0,2.0,,,2022
Mansfield,530,148,,,,,4.0,4.0,,,2.0,,2.0,21,100,19,,,357,1.0,,12,23.0,80,,5.0,25,13.0,7.0,,4.0,26.0,,4.0,1.0,,34,22,,24,24.0,42,6,4.0,25,17,,,,,,,,,,5.0,3.0,,,2022
MBTA - Bristol County,,,,,,,,,,,,,,,,,,,,,,,,,,,,,,,,,,,,,,,,,,,,,,,,,,,,,,,,,,,,2022
New Bedford,"6,673","2,934",4.0,,,10.0,49.0,35.0,14.0,,73.0,,14.0,477,"1,776",530,1.0,,"3,140",13.0,1.0,210,66.0,839,78.0,11.0,169,17.0,129.0,1.0,2.0,1.0,2.0,111.0,2.0,2.0,126,156,,290,164.0,505,194,51.0,599,405,,,4.0,,,21.0,8.0,,,115.0,46.0,,,2022
North Attleborough,554,120,,,,,5.0,5.0,,,,,1.0,42,67,5,,,434,,,20,7.0,42,,,27,2.0,,,23.0,,,2.0,,,113,,,54,,124,20,,,,,,,,,,,,,,,,,2022
Norton,157,70,,,,,,,,,,,6.0,20,39,5,,,56,,,2,5.0,12,,,5,2.0,,,,,,1.0,,,2,3,,2,2.0,10,8,2.0,31,17,3.0,,,,,,3.0,3.0,,5.0,,,,2022
Raynham,326,62,,4.0,,1.0,6.0,6.0,,,,,1.0,14,33,3,,,241,,,9,11.0,19,1.0,,30,2.0,7.0,,,,,2.0,,,83,2,,9,1.0,51,11,3.0,23,19,,,,,,,,,,4.0,,,,2022
Rehoboth,199,58,,,,,3.0,2.0,1.0,,1.0,2.0,1.0,11,33,7,,,135,,,7,7.0,31,,1.0,14,,23.0,,,2.0,,,,,,4,,5,8.0,27,5,1.0,6,2,,,,,,1.0,,,,3.0,,,,2022
Seekonk,677,83,,,,2.0,2.0,2.0,,,1.0,,,28,32,18,,,563,,,21,32.0,76,1.0,,46,8.0,38.0,,1.0,1.0,,10.0,,1.0,117,12,,30,10.0,122,33,4.0,31,21,,,,,,,3.0,,,6.0,1.0,,,2022
Somerset,518,202,,,,1.0,13.0,9.0,4.0,,7.0,1.0,13.0,27,90,50,,,294,,,8,7.0,55,,2.0,28,2.0,31.0,,,,,2.0,,3.0,28,13,,13,,86,8,8.0,22,11,,,,,,6.0,,,,5.0,,,,2022
Stonehill College,43,4,,,,,1.0,1.0,,,,,,,3,,,,35,,,,,22,,1.0,,,,,1.0,,,,,,,3,1.0,,,7,,,4,,,,,,,,,,,4.0,,,,2022
Swansea,394,137,,,,1.0,6.0,6.0,,,,1.0,5.0,20,61,43,,,234,,,8,9.0,57,,,22,3.0,7.0,,,,,,,,32,6,,11,10.0,48,17,4.0,23,9,,,,,,4.0,,,,10.0,,,,2022
Taunton,"1,554",533,1.0,,,3.0,24.0,19.0,5.0,,4.0,,19.0,253,198,31,,,965,3.0,,68,15.0,218,1.0,1.0,57,10.0,42.0,,,1.0,,17.0,3.0,4.0,67,54,,93,27.0,197,79,8.0,56,30,,,,,,6.0,,,,19.0,1.0,,,2022
U-Mass Dartmouth,98,16,,,,,1.0,1.0,,,,,,6,4,5,,,80,3.0,,6,,25,,,,,,,,,,,,,,11,,3,,31,1,,2,1,,,,,,,,,,1.0,,,,2022
Uncategorized,,,,,,,,,,,,,,,,,,,,,,,,,,,,,,,,,,,,,,,,,,,,,,,,,,,,,,,,,,,,2022
Westport,323,100,,,,,4.0,3.0,1.0,,,2.0,8.0,16,49,21,,,194,1.0,,9,8.0,40,,,23,1.0,32.0,,,,,,,,5,8,,8,2.0,43,8,6.0,29,15,,,,,,5.0,,,,9.0,,,,2022
Wheaton College,33,6,,,,,,,,,,,,,4,2,,,27,,,3,,13,,,,,,,,,,,,,,4,,3,4.0,,,,,,,,,,,,,,,,,,,2022
Aquinnah,7,2,,,,,,,,,,,,,2,,,,5,,,1,,,,,,,,,,,,,,,,1,,,,1,2,,,,,,,,,,,,,,,,,2022
Chilmark,9,2,,,,,,,,,,,,,2,,,,4,,,,,1,,,1,,,,,,,,,,,1,,,,1,,,3,1,,,,,,,,,,2.0,,,,2022
Dukes State Police,,,,,,,,,,,,,,,,,,,,,,,,,,,,,,,,,,,,,,,,,,,,,,,,,,,,,,,,,,,,2022
Dukes State Police Middleboro,,,,,,,,,,,,,,,,,,,,,,,,,,,,,,,,,,,,,,,,,,,,,,,,,,,,,,,,,,,,2022
Edgartown,178,65,,,,2.0,2.0,2.0,,,,,1.0,21,34,5,,,108,1.0,,14,3.0,21,,,14,,,,,,,,2.0,,9,6,,,,36,2,,5,3,,,,,,,,,,2.0,,,,2022
Gosnold,,,,,,,,,,,,,,,,,,,,,,,,,,,,,,,,,,,,,,,,,,,,,,,,,,,,,,,,,,,,2022
MBTA - Dukes County,,,,,,,,,,,,,,,,,,,,,,,,,,,,,,,,,,,,,,,,,,,,,,,,,,,,,,,,,,,,2022
Oak Bluffs,247,108,,,,,3.0,3.0,,,,,2.0,36,52,15,,,124,,,13,1.0,30,,,9,3.0,,,,,,,1.0,,20,2,,,1.0,39,5,,15,7,,,,,,3.0,1.0,,,4.0,,,,2022
Tisbury,149,69,,,,2.0,1.0,1.0,,,,,,32,24,10,,,75,,,11,1.0,21,,1.0,7,,,,,,,1.0,,,5,1,,1,,24,2,,5,3,,,,,,1.0,,,,1.0,,,,2022
West Tisbury,46,21,1.0,,,,,,,,,,,8,10,2,,,21,,,3,,4,,,6,,,,,,,,,,,,,,,7,1,,4,1,,,,,,2.0,,,,1.0,,,,2022
Amesbury,444,130,,,,,2.0,2.0,,,2.0,,9.0,22,84,11,,,295,2.0,,11,7.0,101,,4.0,18,4.0,21.0,,,,,,1.0,,6,20,,6,1.0,86,5,2.0,19,10,,,,,,3.0,,,,6.0,,,,2022
Andover,481,113,,,,1.0,6.0,5.0,1.0,,,,,38,51,17,,,342,1.0,,29,10.0,50,,2.0,34,1.0,42.0,,,1.0,,2.0,,2.0,7,28,,46,32.0,38,11,6.0,26,15,,,,,,3.0,,,,7.0,1.0,,,2022
Beverly,528,94,,,,,5.0,4.0,,1.0,2.0,,,38,38,11,,,407,,,9,4.0,82,,1.0,36,16.0,1.0,,24.0,34.0,2.0,,,2.0,19,26,,30,8.0,101,12,,27,15,8.0,,,,,1.0,,,,2.0,1.0,,,2022
Boxford,58,10,,,,,,,,,1.0,,,1,3,5,,,47,,,,3.0,9,,,14,6.0,,,1.0,7.0,,,,,,1,,1,,2,,3.0,1,,,,,,,1.0,,,,,,,,2022
Danvers,742,214,,,,1.0,6.0,6.0,,,15.0,,,45,114,33,,,506,,,20,12.0,71,1.0,3.0,22,19.0,28.0,,6.0,,,3.0,13.0,,132,8,,18,6.0,114,26,4.0,22,16,,,,,,1.0,,,,4.0,1.0,,,2022
Endicott College,29,20,,,,,1.0,1.0,,,2.0,,,4,10,3,,,9,,,,,,,2.0,,,,,,1.0,,,,,,6,,,,,,,,,,,,,,,,,,,,,,2022
Essex,50,15,,,,,,,,,1.0,,,4,4,6,,,30,,,2,3.0,3,,2.0,2,3.0,2.0,,,,,,,,,3,,2,,6,1,1.0,5,3,,,,,,,,,,2.0,,,,2022
Essex State Police,123,17,,,,,,,,,,,,8,9,,,,6,,,,1.0,2,,,,,1.0,,,,,1.0,,,,,,,,,1,,100,81,1.0,,,,,,,,,17.0,1.0,,,2022
Essex State Police Framingham,,,,,,,,,,,,,,,,,,,,,,,,,,,,,,,,,,,,,,,,,,,,,,,,,,,,,,,,,,,,2022
Georgetown,132,35,,,,2.0,,,,,1.0,1.0,2.0,7,19,3,,,93,,,4,3.0,23,,,15,2.0,14.0,,,4.0,,,1.0,,1,1,,2,,21,1,1.0,4,3,,,,,,1.0,,,,,,,,2022
Gloucester,760,322,,,,1.0,14.0,14.0,,,7.0,,4.0,54,187,55,,,398,4.0,,29,13.0,102,2.0,1.0,45,12.0,39.0,,,,,5.0,4.0,3.0,23,25,,15,,56,16,4.0,40,31,1.0,,1.0,,,1.0,,,,6.0,,,,2022
Gordon College,19,1,,,,,,,,,,,,,1,,,,18,,,,,4,,,,3.0,,,,,,,,,1,2,,,,8,,,,,,,,,,,,,,,,,,2022
Groveland,12,7,,,,,,,,,,,,,7,,,,5,,,,,2,,,,,1.0,,,,,,,,,,,,,2,,,,,,,,,,,,,,,,,,2022
Hamilton,73,12,,,,,2.0,2.0,,,1.0,,,7,2,,,,57,,,3,1.0,15,,1.0,10,,7.0,3.0,,,1.0,,,,,1,,1,,12,2,,4,2,,,,,,2.0,,,,,,,,2022
Haverhill,"2,978","1,538",,,,9.0,3.0,3.0,,,,,1.0,378,835,312,,,"1,176",4.0,,69,25.0,387,,18.0,84,36.0,,,,,,15.0,2.0,,44,12,,72,13.0,348,47,,264,166,,,,,,16.0,,,,82.0,,,,2022
Ipswich,112,25,,,,,1.0,1.0,,,2.0,,,5,10,7,,,85,,,5,1.0,20,,,9,4.0,14.0,,,2.0,,,,,1,4,,5,,16,4,,2,1,,,,,,,,,,1.0,,,,2022
Lawrence,"2,888","1,215",4.0,,,20.0,28.0,28.0,,,44.0,,4.0,363,653,99,,,"1,401",5.0,,79,41.0,341,1.0,4.0,59,15.0,1.0,,,22.0,,50.0,14.0,2.0,81,21,,174,171.0,179,96,45.0,272,147,1.0,,,,,10.0,6.0,,,108.0,,,,2022
Lynn,"4,386","2,005",7.0,,,9.0,37.0,36.0,1.0,,52.0,,4.0,548,"1,243",105,,,"2,148",6.0,,163,27.0,505,,3.0,109,66.0,40.0,2.0,,,,91.0,37.0,,166,47,,174,41.0,493,178,,233,126,,,,,,8.0,2.0,,,97.0,,,,2022
Lynnfield,214,32,,,,,,,,,,,1.0,10,11,10,,,179,,,17,3.0,29,,1.0,15,6.0,20.0,,,,,1.0,3.0,3.0,3,1,,11,2.0,58,3,3.0,3,2,,,,,,,,,,1.0,,,,2022
Manchester-by-the-sea,76,2,,,,,,,,,,,,,1,1,,,68,,,1,2.0,22,,1.0,,,,,10.0,,,,,,3,6,,1,,17,1,4.0,6,5,,,,,,,,,,1.0,,,,2022
Marblehead,300,66,,,,,1.0,,1.0,,,,,12,40,13,,,229,1.0,,16,6.0,84,4.0,,24,6.0,5.0,,,,,1.0,,,4,7,,11,,54,5,1.0,5,2,,,,,,2.0,,,,1.0,,,,2022
MBTA - Essex County,,,,,,,,,,,,,,,,,,,,,,,,,,,,,,,,,,,,,,,,,,,,,,,,,,,,,,,,,,,,2022
Merrimac,86,39,,,,,2.0,2.0,,,2.0,,2.0,8,12,13,,,41,,,3,1.0,11,,,6,,2.0,,,,,,1.0,,2,1,,1,,12,1,,6,2,,,,,,1.0,,,,3.0,,,,2022
Merrimack College,74,19,,,,,1.0,1.0,,,4.0,,,2,10,2,,,54,,,11,,17,,6.0,,,1.0,,,,,,,,,4,,,,14,,1.0,1,,,,,,,,,,,1.0,,,,2022
Methuen,"1,113",337,2.0,,,1.0,2.0,2.0,,,7.0,,1.0,67,243,14,,,682,,1.0,36,18.0,78,3.0,,79,32.0,12.0,,8.0,49.0,1.0,9.0,,1.0,133,5,,39,41.0,99,34,4.0,94,72,3.0,,,,,3.0,,,,14.0,2.0,,,2022
Middleton,143,45,,,,,5.0,5.0,,,3.0,,1.0,3,21,12,,,89,,,2,7.0,23,,1.0,4,,16.0,,,,,,,,2,1,,,4.0,24,4,1.0,9,4,,,,,,3.0,,,,2.0,,,,2022
Nahant,27,3,,,,,,,,,,,,1,2,,,,22,,,,,5,,,7,,1.0,,1.0,1.0,,,,,,4,,,,3,,,2,1,,,,,,,,,,1.0,,,,2022
Newbury,114,39,,,,,1.0,1.0,,,,,,6,17,15,,,61,,,5,,10,1.0,1.0,12,,13.0,,,,,,1.0,,,4,,1,1.0,11,1,,14,5,,,,,,7.0,,,,2.0,,,,2022
Newburyport,332,90,,,,,11.0,7.0,3.0,1.0,2.0,,3.0,17,25,32,,,233,,,5,9.0,43,,1.0,49,3.0,29.0,,,,,,1.0,,17,18,,15,1.0,28,11,3.0,9,3,,,,,,3.0,,,,3.0,,,,2022
North Andover,347,86,,,,,4.0,3.0,1.0,,2.0,1.0,3.0,21,39,16,,,250,3.0,,23,4.0,42,,1.0,22,6.0,28.0,,1.0,,,3.0,,,23,8,,8,6.0,47,16,9.0,11,4,1.0,,,,,1.0,,,,5.0,,,,2022
North Shore CC,,,,,,,,,,,,,,,,,,,,,,,,,,,,,,,,,,,,,,,,,,,,,,,,,,,,,,,,,,,,2022
North Shore CC,,,,,,,,,,,,,,,,,,,,,,,,,,,,,,,,,,,,,,,,,,,,,,,,,,,,,,,,,,,,2022
North Shore Community College,,,,,,,,,,,,,,,,,,,,,,,,,,,,,,,,,,,,,,,,,,,,,,,,,,,,,,,,,,,,2022
Northern Essex Community College,,,,,,,,,,,,,,,,,,,,,,,,,,,,,,,,,,,,,,,,,,,,,,,,,,,,,,,,,,,,2022
Peabody,"1,304",389,,,,3.0,15.0,13.0,2.0,,1.0,1.0,6.0,115,197,51,,,849,2.0,,49,18.0,199,,1.0,77,12.0,61.0,,,,,10.0,4.0,2.0,79,22,,44,5.0,229,22,13.0,66,41,,,1.0,,,7.0,,,,16.0,1.0,,,2022
Rockport,48,22,,,,,1.0,1.0,,,,,,1,11,9,,,21,,,1,,9,,,2,,1.0,,,1.0,,,,,1,2,,1,,3,,,5,2,,,,,,3.0,,,,,,,,2022
Rowley,68,19,,,,,1.0,1.0,,,,,3.0,3,8,4,,,34,1.0,,1,2.0,7,,,5,,1.0,,1.0,,1.0,,,,1,1,,1,,9,2,1.0,15,2,,,,,,9.0,,,,3.0,1.0,,,2022
Salem,"1,998",696,,,,4.0,10.0,10.0,,,12.0,,,61,469,140,,,"1,204",7.0,,57,9.0,316,,,128,45.0,4.0,4.0,53.0,75.0,1.0,11.0,,,84,10,,47,16.0,305,28,4.0,98,59,2.0,,,,,3.0,1.0,1.0,,29.0,3.0,,,2022
Salem State College,,,,,,,,,,,,,,,,,,,,,,,,,,,,,,,,,,,,,,,,,,,,,,,,,,,,,,,,,,,,2022
Salem State University,23,4,,,,,3.0,3.0,,,,,,,1,,,,18,,,3,,5,,,,,,,,2.0,,,,,,,,,2.0,6,,,1,,,,,,,,,,,1.0,,,,2022
Salisbury,331,115,,,,,4.0,3.0,1.0,,5.0,,4.0,22,61,19,,,186,1.0,,13,5.0,49,,,29,1.0,12.0,,,,,,1.0,,,,,11,,46,12,6.0,30,17,1.0,,,,,3.0,,,,7.0,2.0,,,2022
Saugus,765,121,,,,1.0,8.0,5.0,3.0,,2.0,,2.0,41,51,16,,,619,,,32,11.0,134,2.0,,50,9.0,44.0,,1.0,2.0,,6.0,,1.0,161,5,,46,4.0,78,23,10.0,25,13,,,,,,,,,,12.0,,,,2022
Swampscott,285,52,,,,,,,,,2.0,,,10,36,4,,,223,,,14,2.0,29,,,21,34.0,,,,,,2.0,10.0,,10,2,,22,,75,2,,10,4,,,,,,,,,,6.0,,,,2022
Topsfield,73,16,,,,,,,,,,,,4,11,1,,,55,,,3,4.0,12,,1.0,7,,6.0,,,,,,,,,,,,,19,2,1.0,2,1,,,,,,1.0,,,,,,,,2022
Wenham,49,11,,,,,,,,,,,,7,3,1,,,36,,,1,4.0,6,,,6,1.0,5.0,,2.0,,,,,,,1,,,,9,1,,2,2,,,,,,,,,,,,,,2022
West Newbury,58,17,,,,,,,,,,,,1,8,8,,,37,,,,,8,,,7,,9.0,,1.0,1.0,,,,,,1,,2,,7,1,,4,4,,,,,,,,,,,,,,2022
Ashfield,16,4,,,,,,,,,,1.0,,,2,1,,,11,1.0,,1,1.0,2,,,1,,1.0,,,,,,,,,1,,,,2,1,,1,,,,,,,,,,,1.0,,,,2022
Bernardston,37,9,,,,1.0,1.0,1.0,,,,,,,3,4,,,24,,,2,1.0,4,,1.0,2,,2.0,,1.0,,,1.0,,,1,2,,,,4,1,2.0,4,4,,,,,,,,,,,,,,2022
Buckland,12,10,,,,,,,,,,,3.0,2,4,1,,,2,,,,,2,,,,,,,,,,,,,,,,,,,,,,,,,,,,,,,,,,,,2022
Charlemont,,,,,,,,,,,,,,,,,,,,,,,,,,,,,,,,,,,,,,,,,,,,,,,,,,,,,,,,,,,,2022
Colrain,,,,,,,,,,,,,,,,,,,,,,,,,,,,,,,,,,,,,,,,,,,,,,,,,,,,,,,,,,,,2022
Conway,,,,,,,,,,,,,,,,,,,,,,,,,,,,,,,,,,,,,,,,,,,,,,,,,,,,,,,,,,,,2022
Deerfield,117,36,,,,,2.0,2.0,,,1.0,,3.0,4,20,6,,,61,,,4,,16,,,4,3.0,5.0,,,,,,,,7,3,,1,3.0,9,2,4.0,20,11,,,1.0,,,1.0,,,,7.0,,,,2022
Erving,40,15,,,,1.0,,,,,,,,6,6,2,,,24,,,2,1.0,8,,,3,,2.0,,,,,,,,,1,,2,,5,,,1,,,,,,,,,,,1.0,,,,2022
Franklin State Police,136,37,,,,,,,,,,,,9,28,,,,4,,,1,,1,,,,,,,,,,,,,1,,,,,,1,,95,79,1.0,,,,,,,,,15.0,,,,2022
Franklin State Police Holden,,,,,,,,,,,,,,,,,,,,,,,,,,,,,,,,,,,,,,,,,,,,,,,,,,,,,,,,,,,,2022
Franklin State Police Northampton,,,,,,,,,,,,,,,,,,,,,,,,,,,,,,,,,,,,,,,,,,,,,,,,,,,,,,,,,,,,2022
Gill,14,2,,,,,,,,,,,,,1,1,,,12,,,,,3,,,,,,,,,,,,,,4,,,,5,,,,,,,,,,,,,,,,,,2022
Greenfield,805,230,,,,1.0,21.0,17.0,4.0,,9.0,2.0,12.0,58,118,9,,,491,3.0,,44,10.0,107,5.0,,17,5.0,9.0,,,,,5.0,4.0,,46,41,,35,,143,9,8.0,84,65,,,,,,1.0,1.0,,,17.0,,,,2022
Greenfield CC,,,,,,,,,,,,,,,,,,,,,,,,,,,,,,,,,,,,,,,,,,,,,,,,,,,,,,,,,,,,2022
Hawley,,,,,,,,,,,,,,,,,,,,,,,,,,,,,,,,,,,,,,,,,,,,,,,,,,,,,,,,,,,,2022
Heath,,,,,,,,,,,,,,,,,,,,,,,,,,,,,,,,,,,,,,,,,,,,,,,,,,,,,,,,,,,,2022
Leverett,27,5,,,,,,,,,,,,1,3,1,,,20,,,1,,7,,,2,1.0,1.0,,,1.0,,,,,,1,,,1.0,4,1,,2,1,,,,,,,,,,1.0,,,,2022
Leyden,,,,,,,,,,,,,,,,,,,,,,,,,,,,,,,,,,,,,,,,,,,,,,,,,,,,,,,,,,,,2022
MBTA - Franklin County,,,,,,,,,,,,,,,,,,,,,,,,,,,,,,,,,,,,,,,,,,,,,,,,,,,,,,,,,,,,2022
Monroe,,,,,,,,,,,,,,,,,,,,,,,,,,,,,,,,,,,,,,,,,,,,,,,,,,,,,,,,,,,,2022
Montague,274,98,,,,2.0,1.0,1.0,,,,,3.0,49,42,1,,,165,,,19,2.0,84,,,5,,3.0,,,2.0,,1.0,2.0,1.0,6,7,,,,25,8,,11,8,,,,,,1.0,,,,2.0,,,,2022
New Salem,,,,,,,,,,,,,,,,,,,,,,,,,,,,,,,,,,,,,,,,,,,,,,,,,,,,,,,,,,,,2022
Northfield,44,16,,,,,1.0,1.0,,,,,,6,4,5,,,24,,,1,,6,,1.0,4,3.0,5.0,,,,,,,,,,,,,2,2,,4,3,,,,,,,,,,1.0,,,,2022
Orange,217,64,,,,,4.0,3.0,1.0,,1.0,2.0,1.0,19,34,3,,,112,2.0,,2,1.0,32,,,4,2.0,1.0,,,,,2.0,,1.0,33,2,,3,4.0,11,5,7.0,41,33,,,,,,3.0,,,,5.0,,,,2022
Rowe,,,,,,,,,,,,,,,,,,,,,,,,,,,,,,,,,,,,,,,,,,,,,,,,,,,,,,,,,,,,2022
Shelburne,52,11,,,,,,,,,,,,,6,5,,,37,1.0,,3,2.0,10,,,3,1.0,6.0,,,,,,,,,2,,2,,4,2,1.0,4,3,,,,,,1.0,,,,,,,,2022
Shutesbury,5,2,,,,,,,,,,,,1,1,,,,2,,,,,,,,1,,,,,,,,,,,1,,,,,,,1,,,,,,,,,,,,1.0,,,2022
Sunderland,74,14,,,,,,,,,,,2.0,3,5,4,,,54,,,2,1.0,18,,,5,,1.0,,,,,1.0,,,2,2,,1,1.0,18,1,1.0,6,6,,,,,,,,,,,,,,2022
Warwick,5,1,,,,,,,,,,,,,,1,,,2,,,1,,,,,,,,,,,,,,,,1,,,,,,,2,,,,,,,,,,,2.0,,,,2022
Wendell,,,,,,,,,,,,,,,,,,,,,,,,,,,,,,,,,,,,,,,,,,,,,,,,,,,,,,,,,,,,2022
Whately,23,7,,,,,1.0,1.0,,,,,1.0,1,3,1,,,15,,,2,2.0,2,,,2,,1.0,,,1.0,,,,,,,,1,,4,,,1,1,,,,,,,,,,,,,,2022
Agawam,"1,115",309,,,,1.0,12.0,11.0,1.0,,5.0,2.0,3.0,85,156,45,,,760,1.0,,117,20.0,166,,3.0,63,10.0,32.0,,1.0,15.0,1.0,5.0,,1.0,22,4,,3,15.0,220,44,17.0,46,27,1.0,,,,,8.0,1.0,,,9.0,,,,2022
Blandford,,,,,,,,,,,,,,,,,,,,,,,,,,,,,,,,,,,,,,,,,,,,,,,,,,,,,,,,,,,,2022
Brimfield,41,13,,,,,,,,,,,,3,3,7,,,26,,,1,,9,4.0,,1,,1.0,,,,,,,,2,,,,,7,1,,2,1,,,,,,,,,1.0,,,,,2022
Chester,6,2,,,,,,,,,,,,,2,,,,4,,,,,2,,,,,,,,,,,,,,,,,1.0,1,,,,,,,,,,,,,,,,,,2022
Chicopee,"3,155","1,041",4.0,,,7.0,37.0,29.0,8.0,,14.0,5.0,29.0,232,462,251,,,"1,914",6.0,9.0,138,48.0,447,1.0,3.0,82,10.0,145.0,,1.0,3.0,,32.0,3.0,7.0,192,53,,36,17.0,542,107,32.0,200,131,2.0,,,,,17.0,,,,50.0,,,,2022
East Longmeadow,549,127,,,,,8.0,7.0,1.0,,,,8.0,22,62,27,,,402,,,30,19.0,46,,4.0,45,3.0,34.0,,,,,4.0,,3.0,86,7,,18,2.0,87,12,2.0,20,12,,,,,,3.0,,,,5.0,,,,2022
Granville,14,4,,,,,1.0,1.0,,,,,,1,2,,,,8,1.0,,,,,,,,,,,2.0,,,,,,,,,,1.0,2,1,1.0,2,1,,,,,,,,,,1.0,,,,2022
Hampden,71,25,,,,,3.0,3.0,,,,,1.0,6,8,7,,,42,,,1,1.0,11,,,3,,3.0,,,,,1.0,,,2,,,1,1.0,17,1,,4,1,,,,,,,,,,3.0,,,,2022
Hampden State Police,303,41,,,,,,,,,,,,8,32,1,,,19,,,2,4.0,5,,,,,,,,,,,,,4,,,,,,1,3.0,243,190,,,,,,,,,,53.0,,,,2022
Hampden State Police Northampton,,,,,,,,,,,,,,,,,,,,,,,,,,,,,,,,,,,,,,,,,,,,,,,,,,,,,,,,,,,,2022
Hampden State Police Weston,,,,,,,,,,,,,,,,,,,,,,,,,,,,,,,,,,,,,,,,,,,,,,,,,,,,,,,,,,,,2022
Holland,28,9,,,,,,,,,,,,2,3,4,,,19,1.0,,2,,2,10.0,2.0,,,,,,,,,,,,,,1,,,1,,,,,,,,,,,,,,,,,2022
Holyoke,"4,111","1,285",6.0,,,15.0,11.0,10.0,1.0,,14.0,1.0,15.0,291,691,241,,,"2,391",12.0,,139,36.0,577,,1.0,68,117.0,2.0,,1.0,1.0,1.0,57.0,9.0,6.0,381,21,,151,3.0,686,121,1.0,435,283,1.0,,2.0,,,3.0,,,,141.0,5.0,,,2022
Holyoke Community College,9,4,,,,,,,,,1.0,,,,1,2,,,5,,,1,,2,,,1,,,,,,,,,,,,,,,,1,,,,,,,,,,,,,,,,,2022
Longmeadow,302,46,,,,1.0,2.0,2.0,,,,,1.0,10,23,9,,,244,1.0,,21,10.0,59,,1.0,30,2.0,28.0,,,1.0,,3.0,,,4,5,,18,,46,11,4.0,12,9,,,,,,2.0,,,,1.0,,,,2022
Ludlow,571,147,,,,,3.0,1.0,1.0,1.0,2.0,,1.0,39,74,28,,,402,,,24,14.0,93,2.0,2.0,25,6.0,39.0,,2.0,1.0,,4.0,1.0,1.0,29,3,,33,1.0,99,20,3.0,22,13,,,1.0,,,1.0,,,,6.0,1.0,,,2022
MBTA - Hampden County,,,,,,,,,,,,,,,,,,,,,,,,,,,,,,,,,,,,,,,,,,,,,,,,,,,,,,,,,,,,2022
Monson,206,62,,,,,2.0,1.0,1.0,,,,3.0,23,21,13,,,85,,1.0,7,6.0,25,,,7,,6.0,,,,,,1.0,,1,3,,1,2.0,18,6,1.0,59,43,,,,,,3.0,,,,13.0,,,,2022
Montgomery,,,,,,,,,,,,,,,,,,,,,,,,,,,,,,,,,,,,,,,,,,,,,,,,,,,,,,,,,,,,2022
Palmer,626,250,,,,1.0,7.0,7.0,,,2.0,1.0,1.0,35,154,49,,,287,5.0,,35,8.0,98,,5.0,21,,17.0,,2.0,,,,,1.0,11,7,,9,6.0,41,16,5.0,89,63,1.0,,,,,,2.0,,,21.0,2.0,,,2022
Russell,2,,,,,,,,,,,,,,,,,,2,,,,,,,,,,,,,,,,,,,1,,,,1,,,,,,,,,,,,,,,,,,2022
Southwick,319,51,,,,1.0,1.0,,1.0,,,,,11,33,5,,,257,,,12,5.0,36,,1.0,27,,97.0,,,2.0,1.0,,,,4,6,,9,,47,10,,11,6,,,,,,1.0,,,,4.0,,,,2022
Springfield,"13,236","5,337",15.0,,,55.0,85.0,56.0,20.0,9.0,75.0,,5.0,990,"2,867","1,244",1.0,,"6,838",38.0,,569,102.0,"1,687",29.0,15.0,201,224.0,224.0,7.0,102.0,56.0,3.0,269.0,7.0,55.0,477,642,,608,361.0,567,514,81.0,"1,061",261,1.0,3.0,14.0,2.0,,31.0,1.0,,33.0,700.0,15.0,,,2022
Springfield College,11,,,,,,,,,,,,,,,,,,11,,,2,,9,,,,,,,,,,,,,,,,,,,,,,,,,,,,,,,,,,,,2022
Springfield Technical Community College,12,6,,,,,,,,,,,,1,2,3,,,6,,,1,,4,,,,,,,,,,,,,,,,,1.0,,,,,,,,,,,,,,,,,,,2022
Tolland,,,,,,,,,,,,,,,,,,,,,,,,,,,,,,,,,,,,,,,,,,,,,,,,,,,,,,,,,,,,2022
Wales,10,1,,,,,,,,,,,,,1,,,,7,,,,,2,2.0,,,,1.0,,,1.0,,,,,,,,,,1,,,2,1,,,,,,,,,,,1.0,,,2022
West Springfield,"2,033",386,1.0,,,7.0,25.0,23.0,2.0,,12.0,1.0,4.0,99,198,39,,,"1,551",1.0,,89,20.0,332,2.0,1.0,64,7.0,62.0,,,1.0,,17.0,9.0,2.0,333,22,,87,22.0,369,78,33.0,96,76,,,1.0,,,2.0,,1.0,,15.0,1.0,,,2022
Western New England Coll,42,7,,,,2.0,1.0,1.0,,,,,,,3,1,,,35,1.0,,3,2.0,7,,3.0,,,1.0,,,1.0,,,,,,1,,1,1.0,13,,1.0,,,,,,,,,,,,,,,,2022
Western New England University,,,,,,,,,,,,,,,,,,,,,,,,,,,,,,,,,,,,,,,,,,,,,,,,,,,,,,,,,,,,2022
Westfield,"1,014",301,,,,,18.0,12.0,6.0,,10.0,,6.0,69,150,47,1.0,,674,2.0,,30,17.0,154,1.0,3.0,42,8.0,36.0,,,,,5.0,3.0,1.0,35,189,,30,25.0,35,47,11.0,39,23,,,,,,6.0,1.0,,,9.0,,,,2022
Westfield State College,70,26,,,,,2.0,2.0,,,6.0,,,3,14,1,,,37,,,,,20,,3.0,,,,,2.0,,,,,,,2,1.0,,,9,,,7,5,2.0,,,,,,,,,,,,,2022
Wilbraham,451,136,,,,1.0,4.0,4.0,,,5.0,,4.0,29,48,44,,1.0,281,,,15,6.0,39,,2.0,21,2.0,39.0,,,,,5.0,,,60,4,,15,3.0,57,11,2.0,34,23,,,,,,5.0,,,,6.0,,,,2022
Amherst,426,190,,,,1.0,36.0,35.0,1.0,,13.0,,2.0,41,86,11,,,214,1.0,,29,4.0,50,1.0,,13,2.0,2.0,,,,,1.0,,1.0,9,4,,19,,71,4,3.0,22,15,,,,,,3.0,,,,4.0,,,,2022
Amherst College,131,25,,,,,8.0,8.0,,,5.0,,,6,6,,,,105,,,2,,62,,1.0,1,,,,,,,,,,,16,2.0,3,,14,4,,1,,,,,,,,,,,1.0,,,,2022
Belchertown,264,80,,,,,5.0,3.0,1.0,1.0,,,3.0,14,46,12,,,173,2.0,,17,1.0,32,,1.0,21,2.0,20.0,,,,,,,,6,3,,6,,51,10,1.0,11,9,,,,,,,,,,1.0,1.0,,,2022
Chesterfield,3,1,1.0,,,,,,,,,,,,,,,,1,,,,,,,,,,,,,,,,,,,,,,,1,,,1,,,,,,,,,,,1.0,,,,2022
Cummington,,,,,,,,,,,,,,,,,,,,,,,,,,,,,,,,,,,,,,,,,,,,,,,,,,,,,,,,,,,,2022
Easthampton,335,91,,,,,7.0,6.0,1.0,,3.0,,6.0,18,45,12,,,233,,,11,3.0,60,,6.0,18,2.0,25.0,,,1.0,,,1.0,,12,10,,10,2.0,61,6,5.0,11,7,,,,,,1.0,,,,2.0,1.0,,,2022
Goshen,10,4,,,,,,,,,,,2.0,,1,1,,,5,,,,,,,,2,,1.0,,,,,,,,,1,,,,1,,,1,1,,,,,,,,,,,,,,2022
Granby,86,19,,,,,1.0,1.0,,,,1.0,,3,13,1,,,60,,,6,2.0,14,,,8,2.0,6.0,,,,,,,,2,2,,3,,10,3,2.0,7,3,,,,,,1.0,,,,3.0,,,,2022
Hadley,340,47,,,,,5.0,1.0,4.0,,1.0,,,19,11,11,,,278,,,6,11.0,39,,,21,3.0,5.0,,,,,,,,112,1,,3,8.0,53,4,12.0,15,10,,,,,,1.0,,,,3.0,1.0,,,2022
Hampshire College,,,,,,,,,,,,,,,,,,,,,,,,,,,,,,,,,,,,,,,,,,,,,,,,,,,,,,,,,,,,2022
Hampshire College,,,,,,,,,,,,,,,,,,,,,,,,,,,,,,,,,,,,,,,,,,,,,,,,,,,,,,,,,,,,2022
Hampshire State Police,97,41,,,,,,,,,,,,7,33,1,,,9,,,2,,4,,,,,,,,,,,,,1,,,1,,1,,,47,41,1.0,,,,,,,,,5.0,,,,2022
Hampshire State Police Northampton,,,,,,,,,,,,,,,,,,,,,,,,,,,,,,,,,,,,,,,,,,,,,,,,,,,,,,,,,,,,2022
Hatfield,47,17,,,,,,,,,1.0,,,6,6,4,,,30,,,1,,3,,,3,1.0,3.0,,,,,,,,,4,,5,,5,4,1.0,,,,,,,,,,,,,,,,2022
Huntington,,,,,,,,,,,,,,,,,,,,,,,,,,,,,,,,,,,,,,,,,,,,,,,,,,,,,,,,,,,,2022
MBTA - Hampshire County,,,,,,,,,,,,,,,,,,,,,,,,,,,,,,,,,,,,,,,,,,,,,,,,,,,,,,,,,,,,2022
Middlefield,,,,,,,,,,,,,,,,,,,,,,,,,,,,,,,,,,,,,,,,,,,,,,,,,,,,,,,,,,,,2022
Mt. Holyoke College,,,,,,,,,,,,,,,,,,,,,,,,,,,,,,,,,,,,,,,,,,,,,,,,,,,,,,,,,,,,2022
Mt. Holyoke College,65,1,,,,,,,,,,,,,1,,,,64,,,,,16,,1.0,8,1.0,,,,,,,1.0,,,14,,,4.0,19,,,,,,,,,,,,,,,,,,2022
Northampton,"1,137",397,1.0,,,2.0,24.0,18.0,6.0,,14.0,,2.0,82,248,24,,,676,3.0,,37,17.0,159,1.0,4.0,67,4.0,32.0,,,1.0,,5.0,1.0,1.0,48,100,,29,47.0,90,19,11.0,64,44,,,,,,8.0,1.0,,,10.0,1.0,,,2022
Pelham,7,2,,,,,,,,,,,,1,1,,,,3,,,,,,,,,,3.0,,,,,,,,,,,,,,,,2,2,,,,,,,,,,,,,,2022
Plainfield,,,,,,,,,,,,,,,,,,,,,,,,,,,,,,,,,,,,,,,,,,,,,,,,,,,,,,,,,,,,2022
Smith College,2,,,,,,,,,,,,,,,,,,2,1.0,,1,,,,,,,,,,,,,,,,,,,,,,,,,,,,,,,,,,,,,,2022
Smith College,,,,,,,,,,,,,,,,,,,,,,,,,,,,,,,,,,,,,,,,,,,,,,,,,,,,,,,,,,,,2022
South Hadley,580,150,1.0,,,1.0,2.0,2.0,,,2.0,1.0,12.0,20,82,29,,,372,2.0,,21,11.0,73,,,22,4.0,35.0,,,,,2.0,1.0,,19,6,,26,6.0,123,11,10.0,58,33,,,2.0,,,6.0,1.0,1.0,,15.0,,,,2022
Southampton,98,23,,,,,1.0,1.0,,,,,3.0,9,9,1,,,68,1.0,1.0,4,2.0,12,,,7,,10.0,,2.0,1.0,,,,,6,4,,2,3.0,12,1,,7,2,,,,,,3.0,,,,2.0,,,,2022
U-Mass Amherst,317,45,,,,,5.0,5.0,,,6.0,,,7,20,7,,,271,,,18,1.0,58,,5.0,23,2.0,4.0,,,,,,,,2,19,,3,,135,,1.0,1,,,,,,,1.0,,,,,,,,2022
Ware,322,145,,,,,3.0,2.0,1.0,,1.0,,4.0,61,58,18,,,88,1.0,,3,5.0,37,,,2,1.0,1.0,,,,,,,,19,1,,1,,13,3,1.0,89,72,,,,,,2.0,,,,14.0,1.0,,,2022
Westhampton,,,,,,,,,,,,,,,,,,,,,,,,,,,,,,,,,,,,,,,,,,,,,,,,,,,,,,,,,,,,2022
Williamsburg,43,11,,,,,,,,,,,1.0,3,4,3,,,21,,,1,,6,,,1,2.0,2.0,,,,,,,,,4,,,2.0,3,,,11,9,2.0,,,,,,,,,,,,,2022
Worthington,6,,,,,,,,,,,,,,,,,,6,,,1,,1,,,,,2.0,,,,,,,,,,,2,,,,,,,,,,,,,,,,,,,,2022
Acton,347,75,,,,,2.0,,2.0,,1.0,,3.0,12,43,14,,,267,,,16,12.0,20,1.0,3.0,47,2.0,18.0,,,31.0,,1.0,,,3,19,,9,9.0,70,4,2.0,5,,,,,,,,1.0,,,4.0,,,,2022
Arlington,689,177,,,,2.0,2.0,2.0,,,3.0,,1.0,21,94,54,,,481,1.0,,45,29.0,59,1.0,5.0,61,4.0,52.0,,,,,2.0,2.0,,22,18,,36,21.0,98,19,6.0,31,21,,,,,,1.0,,2.0,2.0,5.0,,,,2022
Ashby,39,5,,,,,1.0,1.0,,,1.0,,,,1,2,,,32,,,5,,7,,,3,,1.0,,,,,2.0,,,2,,,1,,10,,1.0,2,,,,,,,,,,,2.0,,,,2022
Ashland,189,66,,,,,1.0,1.0,,,,,2.0,18,24,21,,,115,,,4,3.0,30,,2.0,17,3.0,10.0,,,1.0,,,,1.0,11,5,,7,1.0,9,5,6.0,8,4,,,,,,1.0,,,,3.0,,,,2022
Ayer,211,72,,,,,3.0,3.0,,,4.0,,1.0,11,41,12,,,116,,,6,6.0,31,,1.0,16,3.0,9.0,,,,,,,1.0,3,4,,6,,20,7,3.0,23,18,,,,,,1.0,,,,3.0,1.0,,,2022
Bedford,133,16,,,,,1.0,,,1.0,,,,1,,14,,,113,,,10,,19,,1.0,15,4.0,1.0,,,1.0,,,,,10,,,10,4.0,36,2,,4,4,,,,,,,,,,,,,,2022
Belmont,402,64,,,,,,,,,,,,14,41,9,,,334,1.0,,46,6.0,24,,,62,,53.0,,,,,1.0,6.0,,5,4,,,,116,10,,4,,,,,,,,,,,4.0,,,,2022
Bentley College,40,12,,,,,1.0,1.0,,,,,,1,9,1,,,27,,,1,,5,,,6,,,,,,,,,,,5,,1,,7,1,1.0,1,,,,,,,,,,,1.0,,,,2022
Billerica,748,184,,,,3.0,7.0,7.0,,,6.0,,1.0,13,118,36,,,516,2.0,,26,20.0,79,3.0,3.0,76,17.0,8.0,1.0,57.0,48.0,5.0,3.0,,,9,35,,25,37.0,43,18,1.0,48,25,10.0,,,,,1.0,,,,6.0,6.0,,,2022
Boston and Maine Railroad Police Dept,,,,,,,,,,,,,,,,,,,,,,,,,,,,,,,,,,,,,,,,,,,,,,,,,,,,,,,,,,,,2022
Boston College,113,25,,,,,1.0,1.0,,,3.0,,,1,17,3,,,85,,,2,,7,,3.0,3,1.0,,,,,,,,,,28,,1,,33,6,1.0,3,3,,,,,,,,,,,,,,2022
Boston College(Old ORI pre-2011),,,,,,,,,,,,,,,,,,,,,,,,,,,,,,,,,,,,,,,,,,,,,,,,,,,,,,,,,,,,2022
Boxborough,70,12,,,,,,,,,1.0,,1.0,4,4,2,,,55,,,3,1.0,17,,,5,,3.0,,,2.0,,,,,,1,,1,2.0,15,3,2.0,3,2,,,,,,,,,,1.0,,,,2022
Brandeis University,,,,,,,,,,,,,,,,,,,,,,,,,,,,,,,,,,,,,,,,,,,,,,,,,,,,,,,,,,,,2022
Brandeis University,,,,,,,,,,,,,,,,,,,,,,,,,,,,,,,,,,,,,,,,,,,,,,,,,,,,,,,,,,,,2022
Burlington,852,132,,,,3.0,3.0,,1.0,2.0,5.0,3.0,,27,53,38,,,702,3.0,,19,21.0,100,2.0,10.0,48,15.0,35.0,,,1.0,,5.0,9.0,7.0,159,33,,21,10.0,163,27,14.0,18,5,1.0,,1.0,,,7.0,,,,4.0,,,,2022
Cambridge,"5,621","1,511",,,,6.0,41.0,37.0,2.0,2.0,33.0,,1.0,369,619,442,,,"4,002",14.0,,283,54.0,466,,28.0,248,20.0,264.0,,,,,98.0,82.0,,253,314,,313,143.0,"1,229",144,49.0,108,49,,,,,,11.0,2.0,1.0,,45.0,,,,2022
Carlisle,47,6,,,,,1.0,1.0,,,,,,1,2,2,,,40,,,1,,11,,,10,,14.0,,,,,,,,,,,,2.0,1,,1.0,1,1,,,,,,,,,,,,,,2022
Chelmsford,711,130,,,,,5.0,5.0,,,4.0,,1.0,33,62,25,,,554,1.0,,26,5.0,96,2.0,6.0,18,35.0,25.0,,48.0,47.0,5.0,2.0,1.0,1.0,74,6,,27,18.0,95,15,1.0,27,13,,,,,,7.0,,,,6.0,1.0,,,2022
Concord,309,73,,,,,9.0,7.0,2.0,,,,2.0,23,25,13,1.0,,223,,,8,8.0,37,1.0,5.0,33,4.0,48.0,,,,,,,1.0,7,6,,3,5.0,54,2,1.0,13,3,,,,,,3.0,1.0,,1.0,5.0,,,,2022
Dracut,552,149,,,,,10.0,8.0,2.0,,5.0,1.0,3.0,40,77,12,1.0,,382,4.0,,21,8.0,83,3.0,,22,5.0,46.0,,,,,3.0,2.0,3.0,37,13,,40,1.0,70,12,9.0,21,11,,,,,,3.0,,,,7.0,,,,2022
Dunstable,21,6,,,,,,,,,,,1.0,4,1,,,,12,,,,,3,,,5,,,,,,,,,,,,,,,2,2,,3,3,,,,,,,,,,,,,,2022
Everett,"1,580",443,2.0,,,4.0,24.0,22.0,1.0,1.0,9.0,,1.0,124,163,116,,,"1,057",2.0,1.0,95,6.0,223,,3.0,29,28.0,4.0,2.0,8.0,43.0,1.0,19.0,3.0,4.0,107,34,,98,49.0,190,99,9.0,80,44,15.0,,,,,7.0,1.0,,,13.0,,,,2022
Framingham,"2,212",525,1.0,,,3.0,18.0,16.0,,2.0,22.0,,1.0,185,278,17,,,"1,579",5.0,,363,28.0,387,,,16,41.0,14.0,,,,,5.0,27.0,,66,,,38,5.0,466,88,30.0,108,73,4.0,,,,,8.0,4.0,,,19.0,,,,2022
Framingham SC,,,,,,,,,,,,,,,,,,,,,,,,,,,,,,,,,,,,,,,,,,,,,,,,,,,,,,,,,,,,2022
Framingham State University,34,4,,,,,1.0,1.0,,,1.0,,,,2,,,,30,,,,,8,,1.0,,1.0,1.0,,,,,,,,,,,,2.0,17,,,,,,,,,,,,,,,,,,2022
Groton,83,33,,,,,1.0,1.0,,,1.0,,,8,13,10,,,45,1.0,,4,1.0,12,,1.0,4,1.0,7.0,,1.0,,,,,,1,1,,1,,10,,,5,2,,,2.0,,,,,,,1.0,,,,2022
Harvard University,591,47,,,,,1.0,1.0,,,3.0,,,5,37,1,,,543,,,41,,5,,,,,1.0,,1.0,,1.0,,,,2,243,,6,1.0,169,73,,1,,,,,,,1.0,,,,,,,,2022
Holliston,130,24,,,,,,,,,,,,4,20,,,,100,,,9,3.0,16,,2.0,8,,14.0,,1.0,,,,,,2,3,,1,4.0,32,3,2.0,6,,,,,,,1.0,,,,5.0,,,,2022
Hopkinton,163,50,,,,,3.0,1.0,2.0,,,,1.0,27,12,7,,,104,1.0,,2,7.0,22,,,9,1.0,14.0,,,,,,,,2,5,,9,8.0,23,,1.0,9,5,,,,,,1.0,,,,3.0,,,,2022
Hudson,190,58,,,,1.0,4.0,2.0,2.0,,1.0,,1.0,26,19,6,,,117,,,10,,23,3.0,,10,,6.0,,,,,,,,27,9,,2,,18,7,2.0,15,7,,,,,,4.0,,,,4.0,,,,2022
Lasell College,30,6,,,,,1.0,1.0,,,,,,1,4,,,,23,,,,,2,,2.0,,,,,,8.0,,,,,1,,,2,,8,,,1,,,,,,,,,,,1.0,,,,2022
Lexington,348,73,,,,,6.0,5.0,1.0,,,,,8,48,11,,,264,,,20,11.0,50,,2.0,59,11.0,4.0,,,9.0,,1.0,,,3,,,10,14.0,54,8,8.0,11,4,,,,,,1.0,1.0,,,5.0,,,,2022
Lincoln,57,12,,,,,1.0,1.0,,,1.0,,,,8,2,,,42,,,3,3.0,6,,,6,2.0,,,3.0,5.0,,,,,,,,2,1.0,11,,,3,3,,,,,,,,,,,,,,2022
Littleton,155,23,,,,,1.0,1.0,,,1.0,,2.0,2,14,3,,,123,,,3,7.0,27,3.0,,16,3.0,9.0,,,3.0,,1.0,,,1,11,,6,,26,3,4.0,9,5,,,,,,,,,,4.0,,,,2022
Lowell,"5,524","1,880",6.0,,,19.0,19.0,18.0,1.0,,32.0,,,359,"1,337",108,,,"3,251",8.0,,252,30.0,692,12.0,12.0,36,87.0,17.0,6.0,90.0,99.0,,72.0,,,217,68,,513,174.0,656,202,8.0,393,207,,,,,,12.0,8.0,,,156.0,10.0,,,2022
Malden,"1,676",434,,,,2.0,3.0,3.0,,,8.0,,,129,274,17,1.0,,"1,204",2.0,,70,9.0,256,,,56,30.0,,,,1.0,,24.0,4.0,1.0,74,50,,170,13.0,312,132,,38,18,,,,,,1.0,2.0,,,17.0,,,,2022
Marlborough,"1,495",603,,,,4.0,23.0,13.0,10.0,,9.0,1.0,11.0,144,320,91,,,840,4.0,1.0,41,26.0,174,1.0,15.0,102,7.0,67.0,,,,,13.0,5.0,1.0,29,37,,39,4.0,222,44,8.0,52,21,,,,,,11.0,1.0,,,19.0,,,,2022
Maynard,280,77,,,,,4.0,3.0,1.0,,1.0,1.0,,19,38,14,,,186,1.0,,9,5.0,66,,4.0,24,1.0,16.0,,,,,,,1.0,4,4,,5,3.0,33,9,1.0,17,13,1.0,,,,,1.0,,,,2.0,,,,2022
MBTA - Middlesex County,,,,,,,,,,,,,,,,,,,,,,,,,,,,,,,,,,,,,,,,,,,,,,,,,,,,,,,,,,,,2022
Medford,"1,498",415,1.0,,,6.0,14.0,14.0,,,,,2.0,89,240,63,,,"1,027",,,60,24.0,165,1.0,6.0,81,4.0,,6.0,,101.0,,8.0,5.0,,90,20,,73,75.0,235,73,,56,36,,,,,,2.0,,,,18.0,,,,2022
Melrose,332,75,,,,1.0,1.0,1.0,,,1.0,,1.0,13,51,7,,,247,,,23,7.0,78,,,9,1.0,2.0,,,,,3.0,,1.0,7,8,,23,13.0,57,14,1.0,10,6,,,,,,3.0,,,,1.0,,,,2022
Middlesex State Police,161,60,,,,1.0,2.0,2.0,,,6.0,,,19,27,5,,,33,1.0,,5,4.0,9,,,,,,,,,,,,,,,,,,5,6,3.0,68,49,,,,,,,,,,19.0,,,,2022
Middlesex State Police Framingham,,,,,,,,,,,,,,,,,,,,,,,,,,,,,,,,,,,,,,,,,,,,,,,,,,,,,,,,,,,,2022
Middlesex State Police Holden,,,,,,,,,,,,,,,,,,,,,,,,,,,,,,,,,,,,,,,,,,,,,,,,,,,,,,,,,,,,2022
Middlesex State Police Weston,,,,,,,,,,,,,,,,,,,,,,,,,,,,,,,,,,,,,,,,,,,,,,,,,,,,,,,,,,,,2022
MIT,292,19,,,,,2.0,2.0,,,,,,1,11,5,,,272,,,14,1.0,26,,3.0,9,,,,,,,,,,2,5,,,,212,,,1,,,,,,,,,,,1.0,,,,2022
Mount IDA College,,,,,,,,,,,,,,,,,,,,,,,,,,,,,,,,,,,,,,,,,,,,,,,,,,,,,,,,,,,,2022
Natick,"1,092",192,,,,,8.0,5.0,3.0,,4.0,2.0,2.0,38,127,11,,,873,2.0,,35,22.0,121,3.0,2.0,57,14.0,74.0,,,1.0,,6.0,2.0,3.0,151,63,,60,20.0,217,12,8.0,27,12,,,,,,8.0,,,,7.0,,,,2022
Newton,"1,494",237,1.0,,,6.0,8.0,8.0,,,7.0,,1.0,40,124,50,,,"1,232",2.0,,62,181.0,132,2.0,11.0,122,24.0,4.0,,18.0,137.0,1.0,8.0,15.0,,91,72,,79,95.0,150,11,15.0,25,13,,,,,,,,,,11.0,1.0,,,2022
North Reading,186,60,,,,2.0,,,,,,,,14,25,19,,,114,,,4,1.0,22,,,20,1.0,9.0,,,,,,,,5,5,,8,3.0,24,10,2.0,12,8,,,1.0,,,2.0,,,,1.0,,,,2022
Pepperell,230,58,,,,,,,,,2.0,,1.0,10,32,13,,,151,1.0,,15,7.0,32,1.0,,21,,24.0,,,,,,1.0,,4,3,,8,,28,6,,21,14,,,,,,1.0,,,,6.0,,,,2022
Reading,291,31,,,,,,,,,,,,4,21,6,,,247,,,23,1.0,39,,4.0,,13.0,,,,29.0,,,37.0,11.0,27,25,6.0,30,,,2,,13,6,5.0,,,,,1.0,,,,1.0,,,,2022
Regis College,,,,,,,,,,,,,,,,,,,,,,,,,,,,,,,,,,,,,,,,,,,,,,,,,,,,,,,,,,,,2022
Regis College,,,,,,,,,,,,,,,,,,,,,,,,,,,,,,,,,,,,,,,,,,,,,,,,,,,,,,,,,,,,2022
Regis College,,,,,,,,,,,,,,,,,,,,,,,,,,,,,,,,,,,,,,,,,,,,,,,,,,,,,,,,,,,,2022
Sherborn,29,8,,,,,2.0,2.0,,,,,,2,1,3,,,19,,,,,2,,,3,,6.0,,,,,,,,1,1,,2,,2,1,1.0,2,1,,,,,,,,,,1.0,,,,2022
Shirley,78,31,,,,,2.0,,2.0,,,,1.0,13,6,9,,,43,,,4,3.0,11,,,4,1.0,4.0,,,,,,,,,3,,2,,7,2,2.0,4,2,,,,,,1.0,,,,1.0,,,,2022
Somerville,"2,063",486,1.0,,,8.0,13.0,13.0,,,20.0,,6.0,155,263,20,,,"1,538",1.0,,133,11.0,241,,8.0,64,41.0,,,,,,42.0,18.0,,53,47,,160,24.0,589,106,,39,14,,,,,,5.0,,,,20.0,,,,2022
Stoneham,495,118,,,,1.0,4.0,4.0,,,5.0,,1.0,41,59,7,,,358,1.0,,42,14.0,47,,2.0,43,1.0,41.0,,,,,5.0,,,21,8,,4,6.0,111,9,3.0,19,11,,,,,,,,,,8.0,,,,2022
Stow,108,23,,,,,1.0,1.0,,,,4.0,1.0,3,9,5,,,82,1.0,,7,3.0,14,1.0,1.0,15,3.0,7.0,,,,,,,,,11,,3,,15,1,,3,1,,,,,,1.0,,,,1.0,,,,2022
Sudbury,186,43,,,,2.0,5.0,5.0,,,,,3.0,9,20,4,,,136,1.0,,6,8.0,21,,6.0,17,3.0,34.0,,,,,,,,2,5,,3,,28,2,,7,,,,,,,6.0,,,,1.0,,,,2022
Tewksbury,969,272,,,,4.0,14.0,13.0,1.0,,4.0,2.0,5.0,56,151,36,,,576,1.0,,23,19.0,64,1.0,6.0,53,5.0,43.0,,,,,9.0,2.0,2.0,133,22,,11,4.0,147,18,13.0,121,96,,,,,,5.0,1.0,,,19.0,,,,2022
Townsend,135,43,,,,,2.0,1.0,1.0,,3.0,,3.0,8,17,10,,,83,,,4,2.0,21,,2.0,15,2.0,7.0,,,,,1.0,,,3,2,,3,,17,2,2.0,9,5,,,,,,1.0,1.0,,,2.0,,,,2022
Tufts University Medford,61,7,,,,,1.0,1.0,,,2.0,,,,3,1,,,54,,,3,4.0,12,,1.0,8,,,,,,,1.0,,,,4,,,,18,2,1.0,,,,,,,,,,,,,,,,2022
Tufts University prior 01/01/2015,,,,,,,,,,,,,,,,,,,,,,,,,,,,,,,,,,,,,,,,,,,,,,,,,,,,,,,,,,,,2022
Tufts University since 01/01/2015,,,,,,,,,,,,,,,,,,,,,,,,,,,,,,,,,,,,,,,,,,,,,,,,,,,,,,,,,,,,2022
Tyngsborough,229,56,,,,,3.0,2.0,1.0,,,,3.0,14,28,8,,,144,,,6,3.0,40,,,15,3.0,24.0,,1.0,,,1.0,,1.0,1,4,,8,1.0,22,12,2.0,29,23,,,,,,,,,,5.0,1.0,,,2022
U-Mass Lowell,176,29,,,,,5.0,5.0,,,1.0,,,2,15,6,,,140,,,5,,51,,8.0,6,1.0,1.0,,,,,2.0,,,3,16,,4,1.0,35,3,4.0,7,3,,,,,,1.0,,,,3.0,,,,2022
Wakefield,409,117,,,,,8.0,5.0,3.0,,,4.0,6.0,29,53,17,,,284,1.0,1.0,11,11.0,49,,7.0,27,2.0,44.0,,7.0,3.0,,4.0,,,7,12,,23,7.0,44,22,2.0,8,2,,,,,,5.0,,,,1.0,,,,2022
Waltham,971,344,,,,6.0,14.0,14.0,,,1.0,,,79,218,26,,,584,3.0,,56,19.0,121,,2.0,46,4.0,1.0,,,19.0,,3.0,3.0,,44,13,,15,46.0,162,25,2.0,43,32,,,,,,1.0,,,,9.0,1.0,,,2022
Watertown,843,189,,,,,4.0,1.0,3.0,,2.0,,1.0,41,113,28,,,640,1.0,,35,18.0,87,,7.0,31,9.0,57.0,,42.0,,,4.0,1.0,3.0,74,31,,31,44.0,140,14,11.0,14,5,,,1.0,,,3.0,,,,5.0,,,,2022
Wayland,41,3,,,,,,,,,,,,1,1,1,,,38,,,,2.0,7,,,,1.0,,,,8.0,,,,,2,4,,2,2.0,8,2,,,,,,,,,,,,,,,,,2022
Westford,222,34,,,,,3.0,3.0,,,,,,14,12,5,,,138,1.0,,8,8.0,25,,3.0,19,1.0,13.0,,,,,,,,9,7,,4,1.0,30,8,1.0,50,29,1.0,,,,,8.0,,,,12.0,,,,2022
Weston,126,16,,,,,1.0,1.0,,,,,,8,5,2,,,107,1.0,,12,16.0,12,,2.0,11,,10.0,,,1.0,1.0,,1.0,,1,2,,10,,24,1,2.0,3,3,,,,,,,,,,,,,,2022
Wilmington,515,117,,,,,5.0,3.0,2.0,,,2.0,4.0,27,60,19,,,366,,,20,11.0,55,1.0,7.0,33,5.0,36.0,,2.0,3.0,,4.0,,,10,8,,7,3.0,143,12,6.0,32,21,,,,,,5.0,1.0,,,5.0,,,,2022
Winchester,149,18,,,,,,,,,,,1.0,7,8,2,,,130,,,7,1.0,14,,2.0,4,8.0,8.0,,2.0,24.0,1.0,2.0,,,1,5,,6,8.0,32,2,3.0,1,1,,,,,,,,,,,,,,2022
Woburn,"1,046",205,,,,3.0,7.0,5.0,2.0,,8.0,,1.0,47,95,43,1.0,,716,2.0,,36,19.0,156,2.0,1.0,53,6.0,46.0,,,,,6.0,4.0,,20,32,,31,14.0,231,47,10.0,125,98,,,,,,1.0,14.0,1.0,,11.0,,,,2022
MBTA - Nantucket County,,,,,,,,,,,,,,,,,,,,,,,,,,,,,,,,,,,,,,,,,,,,,,,,,,,,,,,,,,,,2022
Nantucket,604,188,,,,,8.0,8.0,,,,,2.0,33,85,60,,,397,,,36,8.0,86,,,6,7.0,19.0,,,,,,,,16,10,,41,,143,22,3.0,19,11,,,,,,1.0,,,,7.0,,,,2022
Nantucket State Police,5,1,,,,,,,,,,,,1,,,,,4,,,,,1,,,2,,,,,,,,,,,,,,,,1,,,,,,,,,,,,,,,,,2022
Avon,160,21,,,,,1.0,1.0,,,1.0,,,9,8,2,,,135,,,12,1.0,23,,,12,5.0,6.0,,,,,1.0,1.0,1.0,19,2,,6,1.0,32,4,9.0,4,2,,,,,,,,,,2.0,,,,2022
Babson College,74,5,,,,,,,,,1.0,,,,3,1,,,69,,,1,9.0,18,,3.0,3,,1.0,,,,1.0,,,,2,19,,,,10,1,1.0,,,,,,,,,,,,,,,,2022
Bellingham,469,132,,,,2.0,10.0,4.0,6.0,,12.0,,3.0,17,54,34,,,321,,,15,7.0,53,1.0,2.0,28,4.0,26.0,,,2.0,,2.0,2.0,2.0,43,17,,27,1.0,80,6,3.0,16,8,,,,,,6.0,,,,2.0,,,,2022
Braintree,"1,059",274,1.0,,,3.0,13.0,12.0,1.0,,1.0,,1.0,77,137,41,,,737,,,43,25.0,68,,,38,8.0,30.0,,5.0,20.0,,6.0,3.0,1.0,127,64,3.0,84,49.0,118,35,10.0,48,35,,,,,,2.0,,,,11.0,,,,2022
Brookline,"1,104",186,,,,3.0,5.0,4.0,1.0,,5.0,,,52,102,19,,,914,,,45,85.0,114,1.0,7.0,49,14.0,,,23.0,29.0,,11.0,5.0,4.0,73,128,,111,61.0,119,35,,4,1,,,,,,,,,,3.0,,,,2022
Canton,515,170,,,,,7.0,4.0,3.0,,1.0,,3.0,91,26,42,,,324,2.0,,12,5.0,65,4.0,1.0,24,8.0,29.0,,,1.0,,1.0,3.0,2.0,8,10,,9,11.0,108,14,7.0,21,10,,,,,,2.0,,,,9.0,,,,2022
Cohasset,114,29,,,,,1.0,1.0,,,1.0,,,4,11,12,,,83,,,5,5.0,16,,2.0,9,1.0,8.0,,,3.0,,,,,2,7,,,1.0,22,2,,2,1,,,,,,1.0,,,,,,,,2022
Curry College,13,2,,,,,,,,,,,,,2,,,,11,,,1,,6,,,,,,,,,,,,,,,,,1.0,3,,,,,,,,,,,,,,,,,,2022
Dean College,34,6,,,,,,,,,,,,,4,2,,,28,,,8,,11,,,,,,,,,,,,,,5,1.0,,2.0,1,,,,,,,,,,,,,,,,,,2022
Dedham,406,119,,,,2.0,5.0,4.0,1.0,,,,,48,41,23,,,274,,,4,7.0,55,,1.0,17,3.0,18.0,,,,,4.0,1.0,4.0,78,11,,20,4.0,38,8,1.0,13,7,,,,,,,1.0,,,5.0,,,,2022
Dover,32,11,,,,,1.0,1.0,,,,,,4,3,3,,,19,1.0,,1,1.0,2,,1.0,2,,1.0,,,3.0,,,,,,,,,,6,,1.0,2,,,,,,,,,,,2.0,,,,2022
Foxborough,535,212,,,,3.0,7.0,5.0,2.0,,2.0,2.0,5.0,39,127,27,,,292,1.0,,11,16.0,68,2.0,3.0,35,2.0,11.0,,,16.0,,3.0,1.0,,26,8,,9,14.0,52,7,7.0,31,19,,,,,,1.0,1.0,,,10.0,,,,2022
Franklin,383,114,,,,1.0,2.0,2.0,,,4.0,,1.0,26,69,11,,,250,,,64,8.0,48,,2.0,7,9.0,,,,14.0,2.0,1.0,,,9,7,,2,,73,3,1.0,19,12,,,,,,2.0,,,,4.0,1.0,,,2022
Holbrook,429,159,,,,,4.0,3.0,1.0,,2.0,,4.0,32,78,39,,,248,1.0,,16,5.0,45,,1.0,20,2.0,19.0,,3.0,4.0,,3.0,,,14,4,,12,3.0,67,23,6.0,22,8,,,,,,6.0,1.0,,,7.0,,,,2022
Mass Bay Community College,3,1,,,,,,,,,,,,,1,,,,2,,,,,1,,,,,,,,,,,,,,1,,,,,,,,,,,,,,,,,,,,,,2022
MBTA - Norfolk County,,,,,,,,,,,,,,,,,,,,,,,,,,,,,,,,,,,,,,,,,,,,,,,,,,,,,,,,,,,,2022
Medfield,106,20,,,,,,,,,2.0,,,10,1,7,,,82,,,3,4.0,15,,3.0,7,,3.0,,,11.0,,,,,,3,,3,1.0,26,3,,4,3,,,,,,1.0,,,,,,,,2022
Medway,61,29,,,,,,,,,,,1.0,9,19,,,,30,,,3,,1,,,,,,,,,,,,,1,,,4,2.0,19,,,2,1,,,,,,1.0,,,,,,,,2022
Millis,80,40,,,,,,,,,,,1.0,7,28,4,,,35,,,2,6.0,5,1.0,2.0,4,1.0,,,,,,,,,3,3,,,1.0,6,1,,5,3,,,,,,,,,,2.0,,,,2022
Milton,360,42,,,,,,,,,,,,6,36,,,,315,,,16,,39,,,2,8.0,,,,124.0,,1.0,,,12,32,,39,10.0,25,7,,3,3,,,,,,,,,,,,,,2022
Mt. Ida College,,,,,,,,,,,,,,,,,,,,,,,,,,,,,,,,,,,,,,,,,,,,,,,,,,,,,,,,,,,,2022
Needham,587,98,,,,1.0,10.0,4.0,6.0,,7.0,,,14,53,13,,,470,,,21,45.0,57,,8.0,97,4.0,65.0,11.0,,1.0,,2.0,3.0,3.0,10,10,,11,17.0,88,7,10.0,19,9,,,,,,6.0,,,,4.0,,,,2022
Norfolk,133,32,,,,,,,,,,,,9,13,10,,,90,,,3,1.0,32,,,,,,,,25.0,,,,,,2,,,,23,2,2.0,11,6,1.0,,,,,1.0,,,,3.0,,,,2022
Norfolk State Police,117,23,,,,1.0,,,,,,,,8,14,,,,4,,1.0,1,,,,,,,,,,,,,,,,,,,,,2,,90,69,3.0,,,,,,,,,18.0,,,,2022
Norfolk State Police Framingham,,,,,,,,,,,,,,,,,,,,,,,,,,,,,,,,,,,,,,,,,,,,,,,,,,,,,,,,,,,,2022
Norfolk State Police Middleboro,,,,,,,,,,,,,,,,,,,,,,,,,,,,,,,,,,,,,,,,,,,,,,,,,,,,,,,,,,,,2022
Norwood,759,182,,,,3.0,5.0,5.0,,,2.0,,,41,112,19,,,524,1.0,,18,16.0,125,2.0,5.0,47,6.0,20.0,,,,,3.0,3.0,,28,19,,25,6.0,166,23,11.0,53,37,,,,,,4.0,,,,12.0,,,,2022
Plainville,286,86,,,,,1.0,1.0,,,8.0,,,17,50,10,,,193,,,22,8.0,60,,1.0,3,6.0,,,,13.0,,1.0,,,8,6,,,2.0,55,5,3.0,7,5,,,,,,,,1.0,,1.0,,,,2022
Quincy,"3,626","1,170",2.0,,,12.0,34.0,31.0,2.0,1.0,10.0,,,336,449,327,,,"2,268",7.0,,201,54.0,631,5.0,11.0,75,72.0,52.0,,23.0,137.0,,34.0,21.0,,80,87,,167,40.0,463,93,15.0,188,122,,,,,,12.0,,,,50.0,4.0,,,2022
Randolph,"1,006",316,2.0,,,4.0,5.0,5.0,,,4.0,,,68,180,50,2.0,1.0,634,,,49,11.0,138,,1.0,11,22.0,,,28.0,15.0,2.0,9.0,,,50,29,,43,27.0,149,50,,56,32,6.0,,,,,4.0,,,5.0,9.0,,,,2022
Sharon,128,25,,,,,1.0,1.0,,,2.0,,,7,11,4,,,95,,,5,4.0,14,,,16,,4.0,,,,,,,,3,4,,4,1.0,30,7,3.0,8,5,,,,,,,,,,3.0,,,,2022
Stoughton,"1,044",337,1.0,,,3.0,11.0,8.0,2.0,1.0,5.0,2.0,9.0,58,210,38,,,651,3.0,,33,31.0,109,,3.0,72,8.0,45.0,,,2.0,,7.0,10.0,,57,27,,33,1.0,142,53,15.0,56,33,,,1.0,,,4.0,,,,18.0,,,,2022
Walpole,708,237,,,,2.0,11.0,7.0,4.0,,5.0,1.0,3.0,29,136,50,,,446,,,26,16.0,82,,2.0,41,5.0,42.0,,,,,2.0,,1.0,74,10,1.0,16,3.0,117,5,3.0,25,16,,,,,,2.0,1.0,,,6.0,,,,2022
Wellesley,403,55,,,,,5.0,5.0,,,,,,13,26,11,,,338,,,15,53.0,32,,4.0,42,11.0,42.0,,2.0,1.0,2.0,1.0,,,8,6,,12,6.0,78,2,21.0,10,8,,,,,,1.0,,,,1.0,,,,2022
Wellesley College,38,1,,,,,,,,,,,,,,1,,,36,,,1,,12,,,2,,,,,,,,,,1,9,,,7.0,4,,,1,1,,,,,,,,,,,,,,2022
Westwood,323,63,,,,,2.0,1.0,,1.0,,,1.0,12,25,23,,,252,1.0,,11,4.0,43,,3.0,9,7.0,,,3.0,32.0,1.0,,5.0,1.0,40,3,,6,5.0,71,7,,8,4,,,,,,2.0,,,,2.0,,,,2022
Weymouth,"1,246",375,,,,4.0,14.0,11.0,3.0,,21.0,,8.0,135,149,44,,,799,2.0,,58,21.0,158,3.0,,77,7.0,52.0,1.0,1.0,,,6.0,3.0,3.0,83,47,,67,3.0,163,29,15.0,72,60,,,2.0,,,5.0,,,,5.0,,,,2022
Wrentham,350,49,,,,1.0,3.0,3.0,,,,,,3,28,14,,,293,,,17,5.0,41,1.0,,11,6.0,,,,11.0,,,,,103,5,,,,85,2,6.0,8,4,,,,,,,,,,2.0,2.0,,,2022
Abington,412,92,,,,,3.0,2.0,1.0,,1.0,1.0,6.0,20,49,12,,,287,1.0,,19,20.0,47,1.0,1.0,21,5.0,12.0,,,,,3.0,,,41,6,,6,5.0,69,20,10.0,33,27,,,,,,2.0,,,,4.0,,,,2022
Bridgewater,244,70,,,,,5.0,4.0,1.0,,1.0,,3.0,25,24,11,1.0,,142,,,11,8.0,42,,3.0,8,3.0,9.0,,,2.0,1.0,2.0,,,4,2,,10,1.0,29,5,2.0,32,16,,,,,,2.0,,,,14.0,,,,2022
Bridgewater State University,52,20,,,,,5.0,5.0,,,3.0,,,4,5,3,,,27,,,,,15,,1.0,2,,,,,,,1.0,,,,2,,,,5,1,,5,2,,,,,,1.0,,,,2.0,,,,2022
Brockton,"5,414","1,906",8.0,,,11.0,78.0,71.0,7.0,,71.0,,2.0,564,948,222,2.0,,"3,216",9.0,,297,19.0,694,39.0,6.0,109,9.0,194.0,,,3.0,1.0,65.0,32.0,7.0,77,98,,257,3.0,730,501,66.0,292,97,,,4.0,,,13.0,,,,178.0,,,,2022
Carver,173,70,,,,,2.0,2.0,,,1.0,,2.0,15,37,13,,,95,3.0,1.0,3,1.0,28,,1.0,6,,9.0,,,,,1.0,,,1,5,,6,2.0,23,4,1.0,8,1,,,,,,1.0,,,,5.0,1.0,,,2022
Duxbury,148,52,,,,,2.0,2.0,,,1.0,,2.0,15,20,12,,,88,,,2,6.0,15,,1.0,13,,17.0,,,,,,,,,7,,,,24,1,2.0,8,6,,,,,,1.0,,,,1.0,,,,2022
East Bridgewater,247,64,,,,,3.0,3.0,,,,1.0,3.0,18,33,6,,,153,,,7,7.0,28,,1.0,32,2.0,17.0,,3.0,2.0,,1.0,,,1,7,,22,,14,3,6.0,30,22,,,,,,4.0,,,,4.0,,,,2022
Halifax,145,50,,,,2.0,1.0,1.0,,,,1.0,1.0,5,21,19,,,93,,,4,2.0,18,,1.0,8,1.0,15.0,,,,,1.0,,1.0,7,3,,6,2.0,20,3,1.0,2,1,,,,,,,,,,1.0,,,,2022
Hanover,221,56,,,,,3.0,2.0,1.0,,2.0,,1.0,23,22,5,,,155,,,5,1.0,26,1.0,,15,2.0,26.0,,,1.0,,1.0,,1.0,9,7,,4,6.0,35,6,9.0,10,6,,,,,,1.0,,1.0,,2.0,,,,2022
Hanson,224,86,,,,,4.0,4.0,,,2.0,,5.0,12,39,24,,,119,,,4,2.0,41,,2.0,5,,16.0,,,1.0,,,,,3,3,,8,1.0,30,2,1.0,19,11,,,,,,4.0,,,,4.0,,,,2022
Hingham,425,98,,,,3.0,5.0,1.0,4.0,,,,1.0,37,37,15,,,319,,,17,10.0,68,,3.0,43,6.0,62.0,,,1.0,,2.0,,3.0,16,8,,3,1.0,67,7,2.0,8,8,,,,,,,,,,,,,,2022
Hull,295,90,,,,1.0,8.0,1.0,7.0,,,,2.0,15,53,11,,,180,,,13,3.0,71,2.0,1.0,16,3.0,15.0,,,,,,,4.0,2,16,,2,,29,2,1.0,25,14,,,,,,1.0,3.0,1.0,,6.0,,,,2022
Kingston,219,61,1.0,,,,6.0,4.0,1.0,1.0,2.0,,1.0,5,33,13,,,138,2.0,,5,,44,,1.0,15,3.0,21.0,,,,,,,,5,6,,4,,28,1,3.0,20,8,1.0,,,,,10.0,,,,1.0,,,,2022
Lakeville,124,51,,,,1.0,4.0,1.0,3.0,,,,1.0,16,29,,,,62,,,4,,13,,,,1.0,,,,,,,,,,,,7,1.0,33,2,1.0,11,7,,,,,,,1.0,,,3.0,,,,2022
Marion,99,30,,,,,1.0,1.0,,,,,1.0,3,12,13,,,65,1.0,,3,1.0,14,,,6,,9.0,,1.0,1.0,,,,,,4,,,1.0,23,,1.0,4,1,,,,,,3.0,,,,,,,,2022
Marshfield,266,100,,,,1.0,9.0,1.0,8.0,,,,2.0,24,41,23,,,147,2.0,,11,4.0,45,1.0,3.0,18,1.0,3.0,,,,,,1.0,,3,2,,13,,33,6,1.0,19,10,,,,,,2.0,,,,7.0,,,,2022
Massasoit Community College,15,4,,,,,,,,,,,1.0,,1,2,,,10,,,1,,5,,,,,,,,,,,,,,1,,1,,2,,,1,,,,,,,,,,,1.0,,,,2022
Mattapoisett,140,32,,,,,1.0,1.0,,,,,,11,7,13,,,107,1.0,,4,13.0,22,,,30,1.0,6.0,,1.0,1.0,,,,,1,2,,,,22,1,2.0,1,,,,,,,,,,,1.0,,,,2022
MBTA - Plymouth County,,,,,,,,,,,,,,,,,,,,,,,,,,,,,,,,,,,,,,,,,,,,,,,,,,,,,,,,,,,,2022
Middleborough,873,326,,,,3.0,13.0,9.0,4.0,,16.0,1.0,16.0,91,145,41,,,489,2.0,,40,20.0,106,1.0,2.0,62,2.0,38.0,,,,,4.0,1.0,4.0,11,35,,24,3.0,99,25,10.0,58,32,,,,,,7.0,,,,19.0,,,,2022
Norwell,135,21,,,,,1.0,1.0,,,,,,3,13,4,,,113,,,9,8.0,23,,1.0,5,3.0,9.0,,2.0,4.0,1.0,,1.0,,10,2,,1,1.0,31,2,,1,1,,,,,,,,,,,,,,2022
Pembroke,237,65,,,,,5.0,4.0,1.0,,,2.0,2.0,10,33,13,,,154,,,4,8.0,39,1.0,3.0,22,5.0,22.0,,2.0,1.0,,1.0,,,7,6,,3,2.0,23,3,2.0,18,9,,,,,,3.0,,,,6.0,,,,2022
Plymouth,"1,958",676,,,,2.0,30.0,21.0,5.0,4.0,22.0,1.0,6.0,196,309,110,,,"1,173",2.0,1.0,63,21.0,345,1.0,6.0,97,19.0,66.0,6.0,6.0,9.0,1.0,5.0,,2.0,195,18,,23,5.0,229,29,24.0,109,70,,,,,,18.0,,,,19.0,2.0,,,2022
Plymouth State Police,43,9,,,,,,,,,,,,1,8,,,,1,,,,,,,,,,,,,,,,,,,,,,,,1,,33,22,,,,,,,,,,11.0,,,,2022
Plymouth State Police Middleboro,,,,,,,,,,,,,,,,,,,,,,,,,,,,,,,,,,,,,,,,,,,,,,,,,,,,,,,,,,,,2022
Plympton,54,16,,,,,,,,,,,,3,8,5,,,35,,,,,10,,,7,,8.0,,,,,,,,2,1,,,,3,4,,3,1,,,,,,,,,,2.0,,,,2022
Rochester,116,32,,,,,2.0,1.0,1.0,,3.0,,,3,15,9,,,64,,,4,2.0,10,,,3,,7.0,,,,,,,,5,5,,1,,23,3,1.0,20,14,,,,,,1.0,,,,5.0,,,,2022
Rockland,247,131,,,,2.0,2.0,2.0,,,2.0,,3.0,51,56,15,,,104,,,13,1.0,23,1.0,,6,1.0,,,,,,,,2.0,6,7,,6,2.0,25,8,3.0,12,7,,,,,,1.0,,,,4.0,,,,2022
Scituate,166,42,,,,1.0,2.0,2.0,,,4.0,1.0,1.0,12,16,5,,,117,,,7,3.0,24,,3.0,17,7.0,,,,30.0,,,1.0,,,7,,,,18,,,7,2,,,,,,3.0,,,,2.0,,,,2022
Wareham,744,269,1.0,,,3.0,13.0,12.0,1.0,,6.0,,8.0,56,156,26,,,441,,,36,11.0,110,1.0,,29,5.0,6.0,,,13.0,,8.0,4.0,6.0,53,15,,3,3.0,109,19,10.0,34,16,,,,,,6.0,,,,12.0,,,,2022
West Bridgewater,189,39,,,,1.0,3.0,2.0,1.0,,,,,5,23,7,,,143,,,8,5.0,9,,,16,2.0,13.0,,,1.0,,2.0,,,14,4,,12,5.0,27,18,7.0,7,4,,,,,,,,,,3.0,,,,2022
Whitman,284,99,,,,3.0,4.0,3.0,1.0,,,,3.0,22,53,14,,,176,1.0,,15,5.0,38,,,15,2.0,11.0,1.0,,,,5.0,,,4,12,,20,,26,19,2.0,9,8,,,,,,1.0,,,,,,,,2022
Berklee College of Music,,,,,,,,,,,,,,,,,,,,,,,,,,,,,,,,,,,,,,,,,,,,,,,,,,,,,,,,,,,,2022
Beth Israel Deaconess Med Ctr,,,,,,,,,,,,,,,,,,,,,,,,,,,,,,,,,,,,,,,,,,,,,,,,,,,,,,,,,,,,2022
Boston,"40,071","15,674",46.0,5.0,,46.0,202.0,148.0,46.0,14.0,167.0,3.0,7.0,"3,045","7,086","5,058",6.0,3.0,"21,843",32.0,1.0,"1,267",525.0,"4,392",88.0,137.0,"1,607",945.0,193.0,23.0,395.0,520.0,75.0,782.0,68.0,16.0,"2,351","1,987",10.0,"1,928",761.0,"2,247","1,201",292.0,"2,554","1,662",22.0,,,,,190.0,53.0,5.0,1.0,587.0,34.0,,,2022
Boston College(Old ORI),,,,,,,,,,,,,,,,,,,,,,,,,,,,,,,,,,,,,,,,,,,,,,,,,,,,,,,,,,,,2022
Boston University,543,57,,,,,7.0,7.0,,,11.0,,,4,24,11,,,483,,,8,1.0,48,,12.0,34,6.0,,,7.0,1.0,,2.0,1.0,,10,279,,2,1.0,68,1,2.0,3,2,,,,,,,,,,1.0,,,,2022
Bunker Hill Community College,14,,,,,,,,,,,,,,,,,,14,,,,,2,,,8,,,,,,,,,,,1,,,,3,,,,,,,,,,,,,,,,,,2022
"Capitol PD, Boston",,,,,,,,,,,,,,,,,,,,,,,,,,,,,,,,,,,,,,,,,,,,,,,,,,,,,,,,,,,,2022
Chelsea,"2,285",958,,,,12.0,27.0,18.0,9.0,,18.0,,24.0,216,473,188,,,"1,256",4.0,,84,17.0,339,2.0,4.0,67,6.0,45.0,1.0,5.0,1.0,,60.0,16.0,6.0,81,121,,162,61.0,81,76,17.0,71,23,,,4.0,,,3.0,,,,41.0,,,,2022
Emerson College,32,3,,,,,,,,,,,,,3,,,,29,,,,1.0,11,,,2,,,,2.0,,,,,,1,1,,,,11,,,,,,,,,,,,,,,,,,2022
Emerson College,,,,,,,,,,,,,,,,,,,,,,,,,,,,,,,,,,,,,,,,,,,,,,,,,,,,,,,,,,,,2022
Environmental Police,70,8,,,,,,,,,,,,7,1,,,,34,1.0,,3,,18,,,,,,,,,,,,,,,,,,7,2,3.0,28,5,1.0,,,,,,1.0,,,19.0,2.0,,,2022
Fisher College,9,3,,,,,,,,,,,,,3,,,,6,,,3,,1,,,,,,,,,,,,,,1,1.0,,,,,,,,,,,,,,,,,,,,,2022
Fisher College,,,,,,,,,,,,,,,,,,,,,,,,,,,,,,,,,,,,,,,,,,,,,,,,,,,,,,,,,,,,2022
Mass College of Art,10,1,,,,,,,,,,,,,1,,,,9,,,,,,,,,,,,,,,,,,2,,,,,7,,,,,,,,,,,,,,,,,,2022
Mass General Hospital,27,21,,,,,,,,,,,,1,17,3,,,6,1.0,,,,2,,,,,,,,,,,,,1,,,,,2,,,,,,,,,,,,,,,,,,2022
MBTA,,,,,,,,,,,,,,,,,,,,,,,,,,,,,,,,,,,,,,,,,,,,,,,,,,,,,,,,,,,,2022
MBTA - Suffolk County,,,,,,,,,,,,,,,,,,,,,,,,,,,,,,,,,,,,,,,,,,,,,,,,,,,,,,,,,,,,2022
MCPHS University,22,2,,,,,,,,,,,,,1,1,,,19,,,1,,,,,1,,,,,,,,,,1,1,,2,,13,,,1,1,,,,,,,,,,,,,,2022
Northeastern U,,,,,,,,,,,,,,,,,,,,,,,,,,,,,,,,,,,,,,,,,,,,,,,,,,,,,,,,,,,,2022
Northeastern University,360,35,,,,1.0,5.0,5.0,,,6.0,,,2,20,1,,,320,,,13,,6,,,1,,,,,,,1.0,,,66,104,,5,1.0,112,9,2.0,5,4,,,,,,,,,,1.0,,,,2022
Revere,"2,085",682,1.0,,,7.0,23.0,15.0,8.0,,19.0,,3.0,151,336,140,2.0,,"1,319",,,67,14.0,337,4.0,1.0,92,11.0,89.0,,,3.0,,19.0,6.0,3.0,62,68,,81,5.0,329,108,20.0,84,32,,,3.0,,,8.0,9.0,,,30.0,2.0,,,2022
Roxbury Community College,,,,,,,,,,,,,,,,,,,,,,,,,,,,,,,,,,,,,,,,,,,,,,,,,,,,,,,,,,,,2022
Simmons University,30,2,,,,,,,,,,,1.0,,1,,,,28,,,5,,3,,,,,,,,,,,,,2,6,,,,12,,,,,,,,,,,,,,,,,,2022
Suffolk State Police,427,107,,1.0,,1.0,2.0,2.0,,,3.0,,,30,64,5,,1.0,136,,,23,3.0,24,,,1,1.0,4.0,,,1.0,,3.0,1.0,1.0,3,,,,,54,16,1.0,184,84,,,,,,1.0,,,,99.0,,,,2022
Suffolk State Police Framingham,,,,,,,,,,,,,,,,,,,,,,,,,,,,,,,,,,,,,,,,,,,,,,,,,,,,,,,,,,,,2022
Suffolk State Police Logan Airport,,,,,,,,,,,,,,,,,,,,,,,,,,,,,,,,,,,,,,,,,,,,,,,,,,,,,,,,,,,,2022
Suffolk State Police Weston,,,,,,,,,,,,,,,,,,,,,,,,,,,,,,,,,,,,,,,,,,,,,,,,,,,,,,,,,,,,2022
Tufts University Suffolk,25,2,,,,,1.0,1.0,,,,,,,1,,,,23,,,,,4,,,2,1.0,2.0,,,,,,,,4,4,,,,6,,,,,,,,,,,,,,,,,,2022
Tufts University Suffolk prior to 01/01/2017,,,,,,,,,,,,,,,,,,,,,,,,,,,,,,,,,,,,,,,,,,,,,,,,,,,,,,,,,,,,2022
U-Mass Boston,43,6,,,,,,,,,,,,1,3,2,,,36,,,,,12,,1.0,2,,,,,,,,1.0,,,5,,2,,13,,,1,1,,,,,,,,,,,,,,2022
Wentworth Institute,,,,,,,,,,,,,,,,,,,,,,,,,,,,,,,,,,,,,,,,,,,,,,,,,,,,,,,,,,,,2022
Wentworth Institute of Technology,47,8,,,,,,,,,,,,,7,1,,,35,,,1,,1,,4.0,,,,,,,1.0,,,,1,2,,2,,23,,,4,1,,,,,,,,,,3.0,,,,2022
Winthrop,325,108,,,,,1.0,,1.0,,1.0,,7.0,19,46,34,,,194,1.0,,11,4.0,40,,2.0,18,1.0,30.0,,,,,2.0,1.0,1.0,4,16,,6,,38,8,11.0,23,18,,,,,,,,,,5.0,,,,2022
Ashburnham,109,48,,,,,1.0,1.0,,,4.0,,5.0,10,24,4,,,53,,,5,,24,,,7,3.0,,,1.0,,,,,,2,1,,,,9,,1.0,8,4,,,,,,4.0,,,,,,,,2022
Assumption College,33,,,,,,,,,,,,,,,,,,33,,,2,,17,,2.0,,,,,,,,,,,,5,,,,7,,,,,,,,,,,,,,,,,,2022
Assumption College,,,,,,,,,,,,,,,,,,,,,,,,,,,,,,,,,,,,,,,,,,,,,,,,,,,,,,,,,,,,2022
Athol,376,164,,,,,7.0,5.0,2.0,,,1.0,21.0,61,56,18,,,165,,,7,4.0,43,,1.0,8,1.0,3.0,,,,,1.0,3.0,1.0,6,13,,5,,56,10,3.0,47,30,1.0,,,,,3.0,1.0,,,10.0,2.0,,,2022
Auburn,624,88,,,,,2.0,2.0,,,4.0,,,30,41,11,,,505,1.0,,24,18.0,90,3.0,,33,6.0,47.0,,1.0,,,4.0,1.0,2.0,78,5,,10,1.0,144,15,22.0,31,19,1.0,,,,,1.0,1.0,,,8.0,1.0,,,2022
Barre,142,63,,,,,4.0,4.0,,,1.0,1.0,,19,24,14,,,57,1.0,,4,1.0,21,,,3,,4.0,,,,,,,,3,7,,3,1.0,4,2,3.0,22,10,,,,,,2.0,,,,10.0,,,,2022
Becker College,,,,,,,,,,,,,,,,,,,,,,,,,,,,,,,,,,,,,,,,,,,,,,,,,,,,,,,,,,,,2022
Berlin,36,4,,,,,1.0,1.0,,,,,,2,,1,,,30,,,,1.0,4,,,1,1.0,1.0,,,2.0,,,,,6,2,,,,12,,,2,1,,,,,,,,,,1.0,,,,2022
Blackstone,71,25,,,,,1.0,1.0,,,,,2.0,4,15,3,,,32,,,1,1.0,13,,,3,1.0,,,,,,,,,3,1,,3,,2,3,1.0,14,9,,,,,,,1.0,,,4.0,,,,2022
Bolton,121,24,,,,,,,,,2.0,,,5,9,8,,,89,,,3,5.0,23,,2.0,11,,20.0,,,,,,,,,2,,3,,18,,2.0,8,4,,,,,,3.0,,,,1.0,,,,2022
Boylston,56,21,,,,3.0,,,,,,,,5,11,2,,,25,,,1,6.0,6,,1.0,2,,,,,,,,,,,2,,1,,4,2,,10,7,1.0,,,,,1.0,,,,1.0,,,,2022
Brookfield,80,29,,,,,3.0,3.0,,,1.0,,1.0,3,17,4,,,42,,,2,,12,6.0,2.0,2,,4.0,,,,,,,,2,1,,1,1.0,3,5,1.0,9,7,,,,,,,,,,2.0,,,,2022
Charlton,218,66,,,,,1.0,1.0,,,,,3.0,10,39,13,,,133,1.0,,10,2.0,46,1.0,1.0,14,1.0,5.0,,1.0,,,,,,3,5,,5,,24,11,3.0,19,12,,,,,,,,,,7.0,,,,2022
Clark University,71,10,,,,,1.0,,1.0,,1.0,,,2,4,2,,,59,,,3,,27,,3.0,4,1.0,1.0,,,,,,,,,6,,2,1.0,11,,,2,1,,,,,,,,,,1.0,,,,2022
Clark University,,,,,,,,,,,,,,,,,,,,,,,,,,,,,,,,,,,,,,,,,,,,,,,,,,,,,,,,,,,,2022
Clinton,49,29,,,,,,,,,,,,9,18,2,,,15,,,1,,7,,,,1.0,,,1.0,,,,,,2,,,,,2,,1.0,5,2,1.0,,,,,,,,,2.0,,,,2022
Col of the Holy Cross,39,7,,,,,,,,,,,,1,3,3,,,32,,,4,,11,,1.0,2,,,,,,,,,,,4,,,2.0,8,,,,,,,,,,,,,,,,,,2022
Douglas,108,32,,,,,,,,,,1.0,1.0,4,16,10,,,63,,,6,4.0,10,,1.0,15,1.0,8.0,,1.0,,,,,,,4,,2,,7,2,2.0,13,8,,,,,,,,,,5.0,,,,2022
Dudley,148,73,,,,,6.0,1.0,4.0,1.0,2.0,,1.0,15,45,4,,,63,,,7,2.0,22,,,3,,1.0,,,,,2.0,,,,,,5,,13,5,3.0,12,9,,,,,,1.0,,1.0,,1.0,,,,2022
East Brookfield,40,15,,,,,4.0,,4.0,,,,,7,1,3,,,20,,,1,,6,1.0,,2,,2.0,,1.0,,,,,,1,1,,,,,5,,5,4,,,,,,,,,,1.0,,,,2022
Fitchburg,"1,425",499,1.0,,,4.0,21.0,17.0,3.0,1.0,33.0,3.0,2.0,148,234,52,1.0,,803,5.0,,61,14.0,329,,,46,3.0,32.0,,,1.0,,19.0,,1.0,20,14,,42,4.0,161,43,8.0,123,52,,,1.0,,,5.0,1.0,,,64.0,,,,2022
Fitchburg SC,70,18,,,,,1.0,1.0,,,1.0,,,2,13,1,,,51,,,7,,22,,,3,2.0,,,,,,,,,1,1,,5,,10,,,1,,,,,,,1.0,,,,,,,,2022
Fitchburg State College,,,,,,,,,,,,,,,,,,,,,,,,,,,,,,,,,,,,,,,,,,,,,,,,,,,,,,,,,,,,2022
Gardner,641,233,,,,,5.0,5.0,,,,1.0,13.0,36,157,21,,,345,1.0,,22,7.0,84,1.0,,31,4.0,19.0,,1.0,,,2.0,,,57,19,,11,1.0,67,11,7.0,63,48,,,,,,2.0,,,,13.0,,,,2022
Grafton,165,48,,,,,1.0,1.0,,,1.0,,3.0,11,25,7,,,103,1.0,,8,7.0,21,,3.0,18,1.0,10.0,,,6.0,,,,,2,1,,3,1.0,16,4,1.0,14,11,,,,,,,,,,3.0,,,,2022
Hardwick,46,25,,,,,,,,,1.0,,,4,15,5,,,17,,,,,3,9.0,,1,,2.0,,,,,,,,,1,,,,1,,,4,3,,,,,,,,,,1.0,,,,2022
Harvard,93,27,1.0,,,1.0,1.0,1.0,,,,1.0,1.0,8,7,6,1.0,,59,,,4,2.0,16,,1.0,10,1.0,12.0,,,2.0,1.0,,,,,,,,,9,,1.0,7,3,,,,,,1.0,,,,3.0,,,,2022
Holden,194,59,,,,1.0,3.0,3.0,,,,,3.0,17,25,10,,,113,1.0,,8,4.0,26,,,16,3.0,12.0,,1.0,1.0,,2.0,,,4,8,,3,,16,6,2.0,22,10,,,,,,6.0,,,,5.0,1.0,,,2022
Hopedale,82,18,,,,,3.0,3.0,,,,,1.0,2,7,5,,,57,,,2,1.0,9,,,13,,6.0,,,,,,,,,4,,2,,15,3,2.0,7,3,,,,,,2.0,,,,2.0,,,,2022
Hubbardston,55,16,,,,,,,,,1.0,,2.0,4,9,,,,35,,,3,,6,,1.0,6,1.0,4.0,,1.0,,1.0,,,,,3,,1,,3,4,1.0,4,2,,,,,,1.0,,,,1.0,,,,2022
Lancaster,145,41,,,,,2.0,1.0,1.0,,,1.0,1.0,9,18,10,,,97,,,10,2.0,28,,,14,1.0,10.0,,,,,,,,1,4,,6,2.0,16,,3.0,7,3,,,,,,2.0,,,,2.0,,,,2022
Leicester,259,56,,,,,2.0,2.0,,,1.0,1.0,8.0,16,23,5,,,181,,,15,4.0,30,3.0,,18,2.0,23.0,,,,,,3.0,,27,7,,8,,31,9,1.0,22,11,,,,,,5.0,,,,6.0,,,,2022
Leominster,"1,951",696,,,,6.0,9.0,7.0,2.0,,12.0,,12.0,162,370,125,,,"1,175",4.0,,78,15.0,277,1.0,5.0,96,7.0,77.0,,,,,17.0,5.0,5.0,164,32,,84,,252,48,8.0,80,39,,,2.0,,,17.0,,,,21.0,1.0,,,2022
Lunenburg,210,55,,,,,5.0,5.0,,,4.0,2.0,,13,19,11,1.0,,138,,,6,1.0,29,,,21,,8.0,,,,,2.0,,1.0,40,5,,1,,18,4,2.0,17,11,,,,,,4.0,,,,2.0,,,,2022
MBTA - Worcester County,,,,,,,,,,,,,,,,,,,,,,,,,,,,,,,,,,,,,,,,,,,,,,,,,,,,,,,,,,,,2022
Mendon,97,17,,,,,,,,,2.0,,1.0,4,9,1,,,76,,,5,5.0,20,,1.0,4,3.0,,,,9.0,,,,,3,4,,,,17,2,3.0,4,3,,,,,,,,,,1.0,,,,2022
Milford,771,298,,,,,12.0,12.0,,,,5.0,17.0,30,203,30,1.0,,432,1.0,,28,18.0,93,,2.0,28,1.0,41.0,,,1.0,,4.0,1.0,2.0,47,9,,21,3.0,109,19,4.0,41,26,,,,,,4.0,3.0,1.0,,5.0,2.0,,,2022
Millbury,392,89,1.0,,,,2.0,2.0,,,2.0,,3.0,18,48,15,,,271,,,16,11.0,36,,,31,1.0,22.0,,,1.0,,2.0,1.0,1.0,59,5,,13,7.0,38,12,15.0,32,26,,,,,,,1.0,,,5.0,,,,2022
Millville,20,6,,,,,,,,,,,,2,4,,,,14,,,,,6,,,,,,,,1.0,,,,,,,,,,7,,,,,,,,,,,,,,,,,,2022
Mount Wachusett CC,6,,,,,,,,,,,,,,,,,,6,,,,,2,,,,,,,,,,,,,,2,,,,2,,,,,,,,,,,,,,,,,,2022
New Braintree,16,5,,,,,,,,,,,,2,3,,,,10,,,,,3,2.0,,1,,1.0,,,,,,,,,,,,,1,2,,1,1,,,,,,,,,,,,,,2022
North Brookfield,,,,,,,,,,,,,,,,,,,,,,,,,,,,,,,,,,,,,,,,,,,,,,,,,,,,,,,,,,,,2022
Northborough,121,14,,,,,,,,,,,,6,7,1,,,105,,,,1.0,12,,,9,,,,1.0,1.0,,,,,31,,,4,5.0,36,5,,2,1,,,,,,,,,,1.0,,,,2022
Northbridge,254,43,,,,,1.0,1.0,,,1.0,1.0,1.0,8,24,7,,,182,1.0,,8,1.0,58,,1.0,40,,13.0,,,1.0,,,,,25,2,,4,,21,7,,29,21,,,,,,2.0,,,,6.0,,,,2022
Oakham,31,4,,,,,,,,,,,,1,,3,,,27,,,2,,6,,,4,1.0,3.0,,,,,,,,,3,,2,,4,1,1.0,,,,,,,,,,,,,,,,2022
Oxford,268,80,,,,,9.0,8.0,1.0,,5.0,,1.0,21,38,6,,,176,4.0,,13,4.0,53,1.0,,8,1.0,1.0,,,,,2.0,,,23,4,,2,2.0,46,11,1.0,12,9,,,,,,1.0,,,,2.0,,,,2022
Paxton,80,25,,,,,2.0,2.0,,,,,,8,14,1,,,36,,,1,1.0,9,,,3,1.0,6.0,,,,,,,,,3,,2,,6,2,2.0,19,15,,,,,,1.0,,,,3.0,,,,2022
Petersham,,,,,,,,,,,,,,,,,,,,,,,,,,,,,,,,,,,,,,,,,,,,,,,,,,,,,,,,,,,,2022
Phillipston,,,,,,,,,,,,,,,,,,,,,,,,,,,,,,,,,,,,,,,,,,,,,,,,,,,,,,,,,,,,2022
Princeton,55,12,,,,,2.0,2.0,,,,,,3,3,4,,,35,,,2,1.0,9,,,5,2.0,9.0,,,,,,,,1,1,,3,,,1,1.0,8,3,1.0,,,,,1.0,,,,3.0,,,,2022
Quinsigamond CC,26,4,,,,,,,,,,,,3,1,,,,19,1.0,,,4.0,10,,,1,,,,,,,,,,,,,,,3,,,3,1,,,,,,2.0,,,,,,,,2022
Royalston,6,1,,,,,,,,,,,,,1,,,,3,,,,,1,,,,,1.0,,,,,1.0,,,,,,,,,,,2,2,,,,,,,,,,,,,,2022
Rutland,183,83,,,,,4.0,3.0,1.0,,3.0,,2.0,28,26,20,,,94,,,10,4.0,37,,4.0,7,1.0,12.0,,1.0,,,1.0,,,3,4,,1,,3,2,4.0,6,2,,,,,,2.0,,,,2.0,,,,2022
Shrewsbury,612,75,,,,,1.0,1.0,,,,,,3,67,4,,,505,,,27,9.0,82,,2.0,1,19.0,4.0,,2.0,118.0,1.0,,,2.0,28,21,,16,26.0,122,25,,32,19,7.0,,,,,1.0,,,,5.0,,,,2022
Southborough,94,19,,,,1.0,2.0,2.0,,,,,1.0,3,6,6,,,68,,,7,,15,,2.0,10,,9.0,,,,,1.0,,,3,5,,1,,12,2,1.0,7,1,,,,,,,2.0,,,4.0,,,,2022
Southbridge,625,167,,,,,14.0,13.0,1.0,,,2.0,4.0,50,91,6,,,364,1.0,,28,6.0,126,,,32,6.0,24.0,,,1.0,,4.0,,1.0,26,16,,9,2.0,61,19,2.0,94,65,,,,,,1.0,,,,26.0,2.0,,,2022
Spencer,234,35,,,,,1.0,1.0,,,1.0,,,12,17,4,,,189,,,11,3.0,30,,1.0,4,5.0,26.0,10.0,43.0,4.0,,,1.0,,10,7,,6,,23,5,,10,7,2.0,,,,,,,,,,1.0,,,2022
Sterling,89,19,,,,,4.0,3.0,1.0,,,,,4,6,5,,,67,1.0,,7,2.0,20,,,5,1.0,12.0,,,,,,,,,3,,1,,13,1,1.0,3,2,,,,,,1.0,,,,,,,,2022
Sturbridge,377,130,,,,,3.0,2.0,1.0,,5.0,1.0,7.0,24,73,17,,,202,,,12,16.0,59,,,29,3.0,8.0,,,,,,,,8,10,,4,1.0,42,3,7.0,45,25,,,,,,6.0,3.0,2.0,,9.0,,,,2022
Sutton,219,55,,,,,1.0,1.0,,,,,10.0,3,24,17,,,129,,,10,9.0,23,,2.0,19,,21.0,,,4.0,,,1.0,,7,1,,1,,20,3,8.0,35,27,,,,,,,,,,8.0,,,,2022
Templeton,127,56,,,,,2.0,2.0,,,,,3.0,12,29,10,,,63,,,3,1.0,13,,,5,,5.0,,,,,,1.0,,1,3,,9,,22,,,8,4,,,,,,2.0,,,,1.0,1.0,,,2022
Tufts University Worcester,3,,,,,,,,,,,,,,,,,,3,,,,,,,,,,,,,,,,,,,1,,,2.0,,,,,,,,,,,,,,,,,,,2022
Tufts University Worcester,,,,,,,,,,,,,,,,,,,,,,,,,,,,,,,,,,,,,,,,,,,,,,,,,,,,,,,,,,,,2022
U-Mass Worcester,233,171,,,,1.0,,,,,1.0,,,20,132,17,,,49,,,1,,10,,,3,,,,,,,,2.0,1.0,,3,,2,,24,2,1.0,13,9,,,,,,,,,,4.0,,,,2022
U-Mass Worcester MA014UM00,,,,,,,,,,,,,,,,,,,,,,,,,,,,,,,,,,,,,,,,,,,,,,,,,,,,,,,,,,,,2022
Upton,122,37,,1.0,,,2.0,2.0,,,1.0,,2.0,8,14,9,,,75,,,,3.0,16,,2.0,15,2.0,18.0,,,,,,,,,3,,,,10,2,4.0,10,3,,,,,,1.0,,,,6.0,,,,2022
Uxbridge,247,69,,,,1.0,4.0,3.0,1.0,,,,2.0,19,25,18,,,154,1.0,,14,7.0,42,,3.0,24,3.0,22.0,,,1.0,,,,,7,2,,1,,19,7,1.0,24,14,,,,,,3.0,,1.0,,6.0,,,,2022
Warren,147,77,,,,,2.0,2.0,,,4.0,,4.0,7,32,28,,,55,,,3,1.0,19,,,2,,6.0,,,1.0,,1.0,,,,,,4,,7,8,3.0,15,9,,,,,,2.0,,,,4.0,,,,2022
Webster,918,393,1.0,,,6.0,16.0,13.0,3.0,,2.0,,7.0,100,244,17,,,422,3.0,,35,11.0,106,,,37,2.0,28.0,,,2.0,,5.0,2.0,,32,20,,21,1.0,94,18,5.0,103,66,,,,,,7.0,,,,29.0,1.0,,,2022
West Boylston,83,18,,,,,1.0,,1.0,,,,,7,8,2,,,63,1.0,,5,,8,,,5,,6.0,,1.0,1.0,1.0,1.0,,,9,1,,2,1.0,12,9,,2,1,,,,,,,,,,1.0,,,,2022
West Brookfield,30,9,,,,,1.0,1.0,,,,,,,7,1,,,18,,,1,,3,5.0,,2,,,,,1.0,,,,,,2,,,1.0,1,2,,3,2,,,,,,,,,,1.0,,,,2022
Westborough,577,164,,,,,6.0,4.0,2.0,,7.0,1.0,1.0,22,103,24,,,370,,,22,16.0,66,,3.0,27,5.0,27.0,,2.0,1.0,1.0,1.0,1.0,,32,17,,22,18.0,94,7,8.0,43,33,,,,,,5.0,,1.0,,4.0,,,,2022
Westminster,191,53,,,,,7.0,5.0,,2.0,4.0,,2.0,12,23,5,,,119,2.0,,5,2.0,35,,,14,1.0,18.0,,,,,,1.0,,3,3,,3,,26,5,1.0,19,9,,,,,,8.0,,,,2.0,,,,2022
Winchendon,387,177,,,,1.0,2.0,2.0,,,6.0,5.0,6.0,26,90,41,,,178,,,23,1.0,57,,,12,2.0,14.0,,,,,1.0,,,7,8,,2,,42,7,2.0,32,12,,,,,,6.0,,,,13.0,1.0,,,2022
Worcester,"10,201","3,420",11.0,,,40.0,44.0,41.0,3.0,,43.0,1.0,6.0,"1,031","1,641",599,4.0,,"6,343",7.0,1.0,576,127.0,"1,403",31.0,25.0,364,286.0,19.0,,144.0,266.0,40.0,166.0,,,530,397,1.0,670,353.0,521,348,68.0,438,246,2.0,,,,,7.0,35.0,,,143.0,5.0,,,2022
Worcester Polytechnic In,77,19,,,,,,,,,,,,13,4,2,,,57,,,2,,20,,,2,,2.0,,,,,,,,1,11,,1,2.0,11,,5.0,1,1,,,,,,,,,,,,,,2022
Worcester State,42,7,,,,,,,,,,,,,7,,,,29,,,,,13,,,3,,1.0,,,1.0,,,,,,2,,,1.0,7,1,,6,4,1.0,,,,,1.0,,,,,,,,2022
Worcester State Police,264,48,,,,2.0,,,,,1.0,,,12,32,1,,,18,,,,3.0,1,,,,1.0,,,,2.0,,,,,,1,,,,1,7,2.0,198,157,,,,,,1.0,,,1.0,38.0,1.0,,,2022
Worcester State Police Holden,,,,,,,,,,,,,,,,,,,,,,,,,,,,,,,,,,,,,,,,,,,,,,,,,,,,,,,,,,,,2022
Worcester State Police Weston,,,,,,,,,,,,,,,,,,,,,,,,,,,,,,,,,,,,,,,,,,,,,,,,,,,,,,,,,,,,2022
Worcester State University,,,,,,,,,,,,,,,,,,,,,,,,,,,,,,,,,,,,,,,,,,,,,,,,,,,,,,,,,,,,2022
Missing,,,,,,,,,,,,,,,,,,,,,,,,,,,,,,,,,,,,,,,,,,,,,,,,,,,,,,,,,,,,2022
MSCPA Police,,,,,,,,,,,,,,,,,,,,,,,,,,,,,,,,,,,,,,,,,,,,,,,,,,,,,,,,,,,,2022
Suffolk University,,,,,,,,,,,,,,,,,,,,,,,,,,,,,,,,,,,,,,,,,,,,,,,,,,,,,,,,,,,,2022
Jurisdiction by Geography,,,,,,,,,,,,,,,,,,,,,,,,,,,,,,,,,,,,,,,,,,,,,,,,,,,,,,,,,,,,2021
Barnstable,"1,639",679,1.0,1.0,,8.0,32.0,21.0,6.0,5.0,29.0,1.0,3.0,155,309,139,1.0,,817,3.0,,66,38.0,208,8.0,5.0,46,36.0,3.0,,71.0,43.0,,11.0,3.0,,62,53,,36,20.0,78,20,7.0,143,97,,,,,,7.0,1.0,,,34.0,4.0,,,2021
Barnstable State Police,40,8,,,,,1.0,1.0,,,,,,1,6,,,,1,,,,,1,,,,,,,,,,,,,,,,,,,,,31,22,,,,,,,,,,9.0,,,,2021
Barnstable State Police Middleboro,,,,,,,,,,,,,,,,,,,,,,,,,,,,,,,,,,,,,,,,,,,,,,,,,,,,,,,,,,,,2021
Bourne,697,235,,,,,6.0,5.0,,1.0,8.0,1.0,3.0,38,130,49,,,397,,,44,14.0,89,,1.0,50,6.0,36.0,,,,2.0,2.0,,,21,13,,12,1.0,78,19,9.0,65,52,,,,,,6.0,,,,7.0,,,,2021
Brewster,175,38,,,,1.0,3.0,3.0,,,1.0,,1.0,6,16,9,1.0,,128,,,16,12.0,23,,,20,4.0,2.0,,,1.0,,3.0,,,1,8,,2,1.0,30,1,4.0,9,1,,,,,,4.0,,,,4.0,,,,2021
Cape Cod Community College,,,,,,,,,,,,,,,,,,,,,,,,,,,,,,,,,,,,,,,,,,,,,,,,,,,,,,,,,,,,2021
Chatham,134,32,,,,,2.0,1.0,1.0,,,,1.0,3,16,10,,,100,,,6,3.0,30,,,7,1.0,3.0,,,1.0,,,,,6,4,,2,1.0,35,1,,2,,,,,,,,,,,2.0,,,,2021
Dennis,596,225,,,,3.0,16.0,10.0,6.0,,3.0,,7.0,47,124,24,1.0,,331,1.0,,43,14.0,52,,1.0,42,4.0,24.0,,1.0,,,1.0,2.0,3.0,10,22,,10,,93,5,3.0,40,25,,,,,,5.0,,,,10.0,,,,2021
Eastham,164,41,,,,,2.0,2.0,,,2.0,,1.0,12,15,9,,,110,,2.0,5,2.0,18,,,8,,7.0,,,,,,1.0,,1,4,,16,,42,3,1.0,13,6,,,,,,2.0,,,,5.0,,,,2021
Falmouth,"1,090",405,1.0,,,7.0,13.0,11.0,1.0,1.0,22.0,,1.0,84,218,59,,,590,3.0,,70,6.0,173,3.0,1.0,53,5.0,63.0,,,,,6.0,1.0,1.0,12,31,,,,137,18,7.0,95,66,,,,,,9.0,,,,20.0,,,,2021
Harwich,290,96,,,,,3.0,3.0,,,1.0,,4.0,16,64,8,,,190,1.0,,23,5.0,55,,,16,5.0,14.0,,,,,,,,9,,,,,54,5,3.0,4,1,,,,,,1.0,,,,2.0,,,,2021
Mashpee,370,114,,,,,9.0,9.0,,,1.0,,11.0,36,36,21,,,219,,,11,5.0,59,2.0,3.0,39,4.0,19.0,,,,,1.0,2.0,,4,4,,4,,49,9,4.0,37,22,,,,,,1.0,1.0,,,13.0,,,,2021
MBTA - Barnstable County,,,,,,,,,,,,,,,,,,,,,,,,,,,,,,,,,,,,,,,,,,,,,,,,,,,,,,,,,,,,2021
Orleans,198,49,,,,,3.0,3.0,,,,,1.0,11,30,4,,,140,,,4,6.0,41,1.0,3.0,12,2.0,8.0,,1.0,1.0,,1.0,,,8,2,,14,1.0,31,2,2.0,9,7,,,,,,,,,,2.0,,,,2021
Provincetown,157,48,,,,,5.0,1.0,4.0,,1.0,,,10,25,7,,,95,2.0,,10,1.0,24,,,9,1.0,4.0,,1.0,,,,1.0,,7,3,,3,,24,3,2.0,14,11,,,,,,,,,,3.0,,,,2021
Sandwich,409,127,,,,,8.0,2.0,1.0,5.0,,,1.0,33,66,19,,,232,1.0,,7,9.0,64,,2.0,34,2.0,45.0,,,1.0,,1.0,,,7,6,,3,,40,7,3.0,50,44,,,,,,1.0,,,,5.0,,,,2021
Truro,58,19,,,,,1.0,,1.0,,2.0,,,3,12,1,,,32,,,4,,15,,,3,,1.0,,,,1.0,,,,,3,,,,5,,,7,5,,,,,,,,,,2.0,,,,2021
Wellfleet,57,19,,,,,2.0,1.0,1.0,,,1.0,2.0,4,10,,,,35,,,1,1.0,13,,,5,,,,,,,,,1.0,1,2,,2,,8,1,,3,2,,,,,,1.0,,,,,,,,2021
Yarmouth,791,266,,,,2.0,16.0,14.0,2.0,,8.0,,13.0,57,116,52,2.0,,462,2.0,,42,9.0,120,,2.0,50,3.0,26.0,,,1.0,,6.0,,1.0,18,23,,29,,115,8,7.0,63,43,,,,,,4.0,1.0,,,15.0,,,,2021
Adams,328,113,1.0,,,,6.0,6.0,,,9.0,2.0,4.0,40,44,7,,,202,,,19,4.0,71,,,21,1.0,9.0,,,1.0,,1.0,2.0,,9,6,,7,,44,5,2.0,13,6,,,,,,4.0,,,,3.0,,,,2021
Alford,,,,,,,,,,,,,,,,,,,,,,,,,,,,,,,,,,,,,,,,,,,,,,,,,,,,,,,,,,,,2021
Becket,28,7,,,,,1.0,1.0,,,,,,1,4,1,,,15,,,2,,5,,,1,,3.0,,,1.0,,,,,,,,,,3,,,6,5,,,,,,,,,,,1.0,,,2021
Berkshire State Police,69,25,1.0,1.0,,2.0,,,,,,,,1,19,1,,,21,,,7,,1,,,,,,,,,,,,,,1,,2,2.0,5,3,,23,17,1.0,,,,,1.0,,,,4.0,,,,2021
Berkshire State Police Northampton,,,,,,,,,,,,,,,,,,,,,,,,,,,,,,,,,,,,,,,,,,,,,,,,,,,,,,,,,,,,2021
Berkshire State Police Weston,,,,,,,,,,,,,,,,,,,,,,,,,,,,,,,,,,,,,,,,,,,,,,,,,,,,,,,,,,,,2021
Cheshire,14,5,,,,,,,,,,,,,3,2,,,9,,,1,,2,,,2,1.0,1.0,,,,,,,,1,,,,,,,1.0,,,,,,,,,,,,,,,,2021
Clarksburg,,,,,,,,,,,,,,,,,,,,,,,,,,,,,,,,,,,,,,,,,,,,,,,,,,,,,,,,,,,,2021
Dalton,141,54,,,,1.0,2.0,1.0,1.0,,1.0,,2.0,16,25,7,,,75,1.0,,10,2.0,10,1.0,1.0,14,2.0,12.0,,,2.0,,1.0,,,,5,,3,,7,3,1.0,12,5,,,,,,4.0,,,,3.0,,,,2021
Egremont,27,8,,,,,,,,,,,,3,2,3,,,15,,,,1.0,3,,,1,,1.0,,,,,,,,,2,,,,5,,2.0,4,4,,,,,,,,,,,,,,2021
Florida,,,,,,,,,,,,,,,,,,,,,,,,,,,,,,,,,,,,,,,,,,,,,,,,,,,,,,,,,,,,2021
Great Barrington,180,57,,,,,5.0,5.0,,,,,4.0,11,29,8,,,108,1.0,,8,2.0,27,2.0,,10,2.0,6.0,,,,,1.0,,,12,10,,4,,22,1,,15,9,,,,,,1.0,,,,5.0,,,,2021
Hancock,,,,,,,,,,,,,,,,,,,,,,,,,,,,,,,,,,,,,,,,,,,,,,,,,,,,,,,,,,,,2021
Hinsdale,18,9,,,,,,,,,,,,6,3,,,,2,,,1,,,,,,,,,,,,,,,,,,,,1,,,7,4,,,,,,,,,,3.0,,,,2021
Lanesboro,42,13,,,,,2.0,2.0,,,1.0,,,4,5,1,,,24,,,2,1.0,7,,,1,2.0,,,,,,,,,,2,,1,,7,1,,5,2,,,,,,,,,,3.0,,,,2021
Lee,202,45,,,,,1.0,1.0,,,2.0,1.0,2.0,5,24,10,,,144,,,16,1.0,27,,,16,1.0,17.0,,,,,1.0,,,19,5,,7,,31,2,1.0,13,9,,,,,,,1.0,,,3.0,,,,2021
Lenox,125,20,,,,,1.0,1.0,,,2.0,,,2,14,1,,,103,,,9,4.0,15,1.0,,4,,9.0,1.0,,,,2.0,1.0,,15,7,,13,,18,3,1.0,2,2,,,,,,,,,,,,,,2021
MA College of Liberal Arts,21,7,,,,,1.0,1.0,,,,,,,,6,,,13,,,,1.0,8,,,,,,,,,,,,,,2,,,,2,,,1,1,,,,,,,,,,,,,,2021
MBTA - Berkshire County,,,,,,,,,,,,,,,,,,,,,,,,,,,,,,,,,,,,,,,,,,,,,,,,,,,,,,,,,,,,2021
Monterey,15,4,,,,,,,,,1.0,,,1,1,1,,,11,,,,,1,,,2,1.0,1.0,,,,,,,,,1,,,,3,2,,,,,,,,,,,,,,,,,2021
Mount Washington,,,,,,,,,,,,,,,,,,,,,,,,,,,,,,,,,,,,,,,,,,,,,,,,,,,,,,,,,,,,2021
New Ashford,,,,,,,,,,,,,,,,,,,,,,,,,,,,,,,,,,,,,,,,,,,,,,,,,,,,,,,,,,,,2021
New Marlboro,8,,,,,,,,,,,,,,,,,,6,,,,,1,,,,,,,,,,,,,,,,1,,2,2,,2,,,,,,,,,,,1.0,1.0,,,2021
North Adams,"1,056",379,,,,7.0,7.0,5.0,2.0,,2.0,1.0,4.0,121,174,63,,,606,,,63,6.0,195,,,52,4.0,14.0,,1.0,,,10.0,,,85,33,,13,,105,17,8.0,71,50,,,,,,6.0,1.0,1.0,,11.0,2.0,,,2021
Otis,,,,,,,,,,,,,,,,,,,,,,,,,,,,,,,,,,,,,,,,,,,,,,,,,,,,,,,,,,,,2021
Peru,,,,,,,,,,,,,,,,,,,,,,,,,,,,,,,,,,,,,,,,,,,,,,,,,,,,,,,,,,,,2021
Pittsfield,"2,014",524,1.0,,,7.0,36.0,30.0,6.0,,7.0,3.0,23.0,212,164,71,,,"1,322",10.0,1.0,232,24.0,392,2.0,,72,15.0,75.0,,,2.0,3.0,28.0,,2.0,67,24,,79,22.0,189,67,16.0,168,83,,,,,,7.0,,,,77.0,1.0,,,2021
Richmond,,,,,,,,,,,,,,,,,,,,,,,,,,,,,,,,,,,,,,,,,,,,,,,,,,,,,,,,,,,,2021
Sandisfield,,,,,,,,,,,,,,,,,,,,,,,,,,,,,,,,,,,,,,,,,,,,,,,,,,,,,,,,,,,,2021
Savoy,,,,,,,,,,,,,,,,,,,,,,,,,,,,,,,,,,,,,,,,,,,,,,,,,,,,,,,,,,,,2021
Sheffield,,,,,,,,,,,,,,,,,,,,,,,,,,,,,,,,,,,,,,,,,,,,,,,,,,,,,,,,,,,,2021
Stockbridge,62,11,,,,,,,,,,,,1,6,4,,,44,,,5,4.0,8,,,2,,5.0,,1.0,,,,,,3,3,,,,7,2,4.0,7,6,,,,,,,,,,1.0,,,,2021
Tyringham,,,,,,,,,,,,,,,,,,,,,,,,,,,,,,,,,,,,,,,,,,,,,,,,,,,,,,,,,,,,2021
Washington,,,,,,,,,,,,,,,,,,,,,,,,,,,,,,,,,,,,,,,,,,,,,,,,,,,,,,,,,,,,2021
West Stockbridge,,,,,,,,,,,,,,,,,,,,,,,,,,,,,,,,,,,,,,,,,,,,,,,,,,,,,,,,,,,,2021
Williamstown,97,17,,,,1.0,2.0,2.0,,,2.0,,1.0,1,8,2,,,71,,,2,,15,,,,1.0,,,,,,,,,8,7,,1,,35,2,,9,2,,,,,,5.0,,,,2.0,,,,2021
Windsor,,,,,,,,,,,,,,,,,,,,,,,,,,,,,,,,,,,,,,,,,,,,,,,,,,,,,,,,,,,,2021
Acushnet,202,60,,,,,4.0,1.0,3.0,,2.0,2.0,2.0,7,32,11,,,129,1.0,,3,4.0,41,,,26,3.0,18.0,,,1.0,,1.0,,,,8,,4,1.0,11,5,2.0,13,11,,,,,,1.0,,,,1.0,,,,2021
Attleboro,"1,925",543,,,,4.0,15.0,10.0,3.0,2.0,18.0,,3.0,102,344,57,,,"1,305",3.0,,52,52.0,261,7.0,28.0,108,44.0,4.0,1.0,60.0,104.0,9.0,15.0,4.0,,89,64,1.0,118,92.0,121,53,15.0,77,22,4.0,,,,,13.0,3.0,,,31.0,4.0,,,2021
Berkley,56,24,,,,,1.0,1.0,,,1.0,,1.0,3,11,7,,,27,,,3,,11,,,3,,,,,,,,,,,2,,2,,4,1,1.0,5,2,,,,,,1.0,,,,2.0,,,,2021
Bristol Comm College,14,,,,,,,,,,,,,,,,,,13,,,,,1,,,4,,3.0,,,,,,,,1,3,,,,1,,,1,1,,,,,,,,,,,,,,2021
Bristol State Police,207,15,,,,,,,,,,,,2,11,2,,,10,,,1,1.0,2,,,1,1.0,,,,1.0,,,,,,,,1,,1,1,,182,153,2.0,,,,,,,,,27.0,,,,2021
Bristol State Police Framingham,,,,,,,,,,,,,,,,,,,,,,,,,,,,,,,,,,,,,,,,,,,,,,,,,,,,,,,,,,,,2021
Bristol State Police Middleboro,,,,,,,,,,,,,,,,,,,,,,,,,,,,,,,,,,,,,,,,,,,,,,,,,,,,,,,,,,,,2021
Dartmouth,"1,183",348,,,,3.0,6.0,5.0,1.0,,5.0,1.0,3.0,43,196,91,,,778,,,39,8.0,110,2.0,2.0,69,22.0,,,9.0,82.0,,8.0,,,187,51,,52,20.0,77,17,23.0,57,47,,,,,,2.0,,,,7.0,1.0,,,2021
Dighton,117,49,,,,,3.0,3.0,,,,2.0,4.0,8,14,18,,,65,,,6,,20,,,2,,17.0,,,,,2.0,,,,4,,2,,7,4,1.0,3,3,,,,,,,,,,,,,,2021
Easton,491,114,,,,1.0,6.0,4.0,1.0,1.0,8.0,3.0,3.0,26,57,10,,,344,,,13,10.0,59,2.0,1.0,42,4.0,73.0,,,1.0,,4.0,3.0,,15,15,,37,1.0,48,12,4.0,33,24,,,,,,5.0,,,,3.0,1.0,,,2021
Fairhaven,590,234,,,,,8.0,6.0,2.0,,1.0,,9.0,31,120,64,,1.0,318,,1.0,8,4.0,93,1.0,2.0,29,6.0,24.0,,,2.0,,4.0,,,26,13,,17,,66,16,6.0,38,19,,,1.0,,,4.0,,,,14.0,,,,2021
Fall River,"4,269","2,018",3.0,,,24.0,55.0,55.0,,,4.0,,19.0,734,"1,017",162,,,"1,853",13.0,1.0,365,20.0,541,,4.0,64,8.0,6.0,,1.0,78.0,,92.0,,,71,58,,89,5.0,281,126,30.0,398,217,,,9.0,,,26.0,12.0,,,134.0,,,,2021
Freetown,228,101,,,,,4.0,3.0,1.0,,3.0,,4.0,13,49,28,,,115,,,10,3.0,33,1.0,2.0,10,,19.0,,,1.0,,,,,2,6,,3,,18,3,4.0,12,4,,,,,,1.0,,,,7.0,,,,2021
Mansfield,590,173,,,,,7.0,6.0,1.0,,1.0,1.0,5.0,28,107,24,,,394,,,18,25.0,82,,2.0,23,12.0,35.0,,1.0,51.0,,3.0,1.0,,25,13,,38,10.0,39,13,3.0,23,12,,,,,,4.0,,,,6.0,1.0,,,2021
MBTA - Bristol County,,,,,,,,,,,,,,,,,,,,,,,,,,,,,,,,,,,,,,,,,,,,,,,,,,,,,,,,,,,,2021
New Bedford,"7,024","2,884",4.0,1.0,,12.0,52.0,34.0,17.0,1.0,67.0,,13.0,478,"1,645",612,,,"3,373",10.0,1.0,262,51.0,947,56.0,16.0,277,12.0,145.0,6.0,,9.0,,84.0,1.0,1.0,180,143,,414,129.0,404,178,47.0,767,551,,,2.0,,,29.0,9.0,,,122.0,54.0,,,2021
North Attleborough,534,139,1.0,,,2.0,5.0,5.0,,,,,,40,77,14,,,391,,,20,,43,1.0,3.0,87,6.0,,,,3.0,5.0,3.0,,,80,2,,49,5.0,75,9,,4,4,,,,,,,,,,,,,,2021
Norton,126,56,,,,,4.0,4.0,,,1.0,,6.0,21,22,2,,,63,,,1,2.0,25,,,5,,4.0,,,,,1.0,,1.0,3,1,,4,,15,1,,7,6,,,,,,1.0,,,,,,,,2021
Raynham,307,57,,,,1.0,5.0,5.0,,,2.0,,,23,22,4,,,194,,,11,8.0,19,2.0,1.0,27,1.0,6.0,,,1.0,,4.0,,,61,4,1.0,5,2.0,25,8,8.0,56,47,,,,,,1.0,,,,8.0,,,,2021
Rehoboth,176,44,,,,1.0,1.0,1.0,,,,,5.0,11,21,5,,,118,,,11,2.0,37,,,7,,22.0,,,1.0,,1.0,,,,2,,6,3.0,20,6,,14,3,,,,,,1.0,,,,10.0,,,,2021
Seekonk,628,101,1.0,,,,8.0,8.0,,,1.0,2.0,3.0,24,43,19,,,492,1.0,,45,11.0,93,,,45,6.0,36.0,,,1.0,,3.0,1.0,,77,9,,22,10.0,97,22,13.0,35,28,,,,,,2.0,,,,4.0,1.0,,,2021
Somerset,510,176,,1.0,,2.0,7.0,6.0,1.0,,4.0,,7.0,31,83,41,,,305,1.0,,9,6.0,63,1.0,,42,,55.0,,,2.0,,2.0,,,13,13,,16,7.0,59,8,8.0,29,18,,,,,,3.0,,,,8.0,,,,2021
Stonehill College,42,9,,,,,2.0,2.0,,,5.0,,,,2,,,,33,1.0,,,,21,,1.0,,,,,1.0,,,,,,,4,,,,4,1,,,,,,,,,,,,,,,,,2021
Swansea,390,138,,,,,5.0,5.0,,,3.0,1.0,3.0,16,69,41,,,235,,,19,7.0,43,,,28,2.0,17.0,,,,,1.0,,,23,10,,15,7.0,45,12,6.0,17,7,,,,,,2.0,,,,8.0,,,,2021
Taunton,"1,761",665,2.0,1.0,,7.0,28.0,17.0,10.0,1.0,12.0,,22.0,179,350,63,1.0,,984,1.0,,74,14.0,234,3.0,1.0,63,5.0,33.0,,,1.0,,19.0,2.0,3.0,40,71,,64,4.0,246,90,16.0,112,66,,,4.0,,,11.0,3.0,,,28.0,,,,2021
U-Mass Dartmouth,87,26,,,,,6.0,6.0,,,1.0,,,2,8,9,,,61,,,2,,28,,,2,,,,,,,,,,,10,,1,,18,,,,,,,,,,,,,,,,,,2021
Uncategorized,,,,,,,,,,,,,,,,,,,,,,,,,,,,,,,,,,,,,,,,,,,,,,,,,,,,,,,,,,,,2021
Westport,337,104,,,,2.0,7.0,2.0,5.0,,,1.0,2.0,22,49,21,,,210,1.0,,10,2.0,38,4.0,2.0,35,1.0,41.0,,,1.0,,,,,4,8,,9,1.0,36,13,4.0,23,21,,,,,,,,,,2.0,,,,2021
Wheaton College,25,5,,,,,,,,,1.0,,,,4,,,,20,,,2,,10,,,,,,,,,,,,,,,,4,,3,,1.0,,,,,,,,,,,,,,,,2021
Aquinnah,4,2,,,,,,,,,,,,,2,,,,2,,,,,,,,,,,,,,,,,,,,,,,2,,,,,,,,,,,,,,,,,,2021
Chilmark,20,9,,,,,1.0,1.0,,,,,1.0,2,5,,,,11,,,,,3,,,4,,,,,,,,,,1,1,,,,2,,,,,,,,,,,,,,,,,,2021
Dukes State Police,,,,,,,,,,,,,,,,,,,,,,,,,,,,,,,,,,,,,,,,,,,,,,,,,,,,,,,,,,,,2021
Dukes State Police Middleboro,,,,,,,,,,,,,,,,,,,,,,,,,,,,,,,,,,,,,,,,,,,,,,,,,,,,,,,,,,,,2021
Edgartown,130,50,,,,,1.0,1.0,,,,,,25,21,3,,,77,,,3,2.0,19,,,15,,,,,,,,1.0,,4,3,,2,,26,2,,3,1,,,,,,1.0,,,,1.0,,,,2021
Gosnold,,,,,,,,,,,,,,,,,,,,,,,,,,,,,,,,,,,,,,,,,,,,,,,,,,,,,,,,,,,,2021
MBTA - Dukes County,,,,,,,,,,,,,,,,,,,,,,,,,,,,,,,,,,,,,,,,,,,,,,,,,,,,,,,,,,,,2021
Oak Bluffs,125,63,,,,,2.0,2.0,,,,,,22,36,3,,,56,,,6,,15,,,6,,,,,1.0,,,,,6,1,,1,,20,,,6,5,,,,,,,,,,1.0,,,,2021
Tisbury,146,61,,,,,1.0,1.0,,,,,,24,22,14,,,79,1.0,,8,3.0,20,,,7,,,,,,,,,,9,,,,,29,2,,6,4,,,,,,,,,,2.0,,,,2021
West Tisbury,54,28,,,,,,,,,,,,14,13,1,,,23,,,2,,3,,,6,,,,,,,,,,2,1,,,,8,1,,3,1,,,,,,1.0,,,,1.0,,,,2021
Amesbury,288,91,,,,,2.0,2.0,,,6.0,,2.0,15,49,17,,,172,,,6,10.0,56,,1.0,19,1.0,21.0,,,,,3.0,,,1,11,,8,,30,4,1.0,25,18,,,,,,4.0,,,,2.0,1.0,,,2021
Andover,570,91,,,,,,,,,1.0,,1.0,4,80,5,,,452,1.0,,37,2.0,57,1.0,1.0,48,17.0,5.0,,7.0,110.0,4.0,,3.0,,8,17,,41,8.0,76,9,,27,16,1.0,,,,,4.0,,,,6.0,,,,2021
Beverly,536,110,,,,,6.0,6.0,,,5.0,,,38,45,16,,,402,2.0,,13,3.0,88,,1.0,20,14.0,4.0,,35.0,21.0,3.0,3.0,1.0,,13,14,,53,4.0,95,15,,24,14,5.0,,,,,1.0,,,,3.0,1.0,,,2021
Boxford,83,3,,,,,,,,,,,,,3,,,,80,,,,2.0,17,,,19,10.0,,11.0,1.0,6.0,1.0,,,,,4,,3,,4,2,,,,,,,,,,,,,,,,,2021
Danvers,833,244,,,,1.0,2.0,2.0,,,11.0,,,42,157,31,,,549,1.0,,19,20.0,111,,4.0,50,24.0,64.0,,8.0,,,4.0,4.0,,95,45,,38,5.0,35,17,5.0,40,21,,,,,,4.0,1.0,,,10.0,4.0,,,2021
Endicott College,15,7,,,,,2.0,1.0,,1.0,1.0,,,,4,,,,7,,,,,,,,,,,,,,,,,,,3,,,1.0,3,,,1,,,,,,,,,,,,1.0,,,2021
Essex,55,16,,,,,1.0,1.0,,,2.0,,,1,3,9,,,32,,,1,2.0,9,,,2,2.0,8.0,,,,,,,,,,,,,8,,,7,4,,,,,,,,,,3.0,,,,2021
Essex State Police,182,26,,,,1.0,,,,,,,,13,12,,,,10,1.0,,1,,,,,,,1.0,,,,,,,,,,,2,,1,3,1.0,146,126,,,,,,,,,,20.0,,,,2021
Essex State Police Framingham,,,,,,,,,,,,,,,,,,,,,,,,,,,,,,,,,,,,,,,,,,,,,,,,,,,,,,,,,,,,2021
Georgetown,123,25,,,,,2.0,2.0,,,,1.0,,4,16,2,,,90,,,6,2.0,14,,,16,3.0,22.0,,,7.0,,,,1.0,2,2,,,,12,3,,8,3,,,,,,4.0,,,,1.0,,,,2021
Gloucester,729,252,,,,3.0,4.0,4.0,,,9.0,,1.0,45,153,37,,,409,1.0,,24,10.0,110,1.0,,52,3.0,30.0,,,,,2.0,1.0,3.0,16,33,,23,,69,22,9.0,68,52,,,,,,3.0,1.0,,,12.0,,,,2021
Gordon College,19,,,,,,,,,,,,,,,,,,19,,,1,,2,,,1,,,,,,,,,,,6,,,,9,,,,,,,,,,,,,,,,,,2021
Groveland,24,4,,,,,,,,,,,,1,3,,,,19,,,2,,8,,,,1.0,,,,,,,,,,,,,2.0,4,2,,1,1,,,,,,,,,,,,,,2021
Hamilton,101,17,,,,,,,,,,,,4,6,7,,,81,,,6,3.0,22,,,10,2.0,11.0,4.0,3.0,1.0,,,,,,,,,,16,1,2.0,3,2,,,,,,,,,,1.0,,,,2021
Haverhill,"2,811","1,463",1.0,,,14.0,19.0,19.0,,,,,7.0,347,773,302,,,"1,125",3.0,,133,30.0,321,,6.0,87,32.0,1.0,,,,,12.0,10.0,,41,18,,30,2.0,338,61,,223,153,,,,,,18.0,1.0,,,51.0,,,,2021
Ipswich,171,42,,,,,,,,,,,1.0,15,22,4,,,121,,,18,3.0,17,,,15,2.0,20.0,,,2.0,,,,,2,4,,10,,18,7,3.0,8,2,,,,,,3.0,,,,3.0,,,,2021
Lawrence,"2,940","1,124",6.0,1.0,,16.0,18.0,18.0,,,18.0,,3.0,298,670,94,,,"1,495",5.0,,65,31.0,412,1.0,2.0,39,27.0,,,2.0,20.0,,43.0,6.0,,63,12,,182,205.0,171,157,52.0,321,204,,,,,,7.0,1.0,,,109.0,,,,2021
Lynn,"3,060","1,436",1.0,,,12.0,27.0,27.0,,,32.0,,2.0,381,886,95,,,"1,439",5.0,2.0,138,14.0,300,,7.0,72,39.0,35.0,,,,,48.0,38.0,,99,31,,81,20.0,370,140,,185,116,,,,,,3.0,,,,66.0,,,,2021
Lynnfield,168,30,,,,,1.0,1.0,,,,,,10,12,7,,,137,,,2,3.0,24,,,10,2.0,22.0,,,,,,2.0,,7,5,,3,,50,7,,1,1,,,,,,,,,,,,,,2021
Manchester-by-the-sea,64,9,,,,1.0,,,,,,,,4,1,3,,,51,,,3,,14,,,,4.0,1.0,,11.0,,,,,,,4,,1,,9,2,2.0,4,2,1.0,,,,,,,,,1.0,,,,2021
Marblehead,350,56,,,,1.0,,,,,,,2.0,14,28,11,,,286,1.0,,11,11.0,96,1.0,,42,4.0,18.0,,,,,1.0,,,2,8,,25,,56,8,2.0,8,4,,,,,,1.0,,,,3.0,,,,2021
MBTA - Essex County,,,,,,,,,,,,,,,,,,,,,,,,,,,,,,,,,,,,,,,,,,,,,,,,,,,,,,,,,,,,2021
Merrimac,48,17,,,,,3.0,3.0,,,,,,3,10,1,,,25,,,2,1.0,8,,,3,,2.0,,,,,,,,,1,,1,,7,,,6,3,,,,,,2.0,,,,1.0,,,,2021
Merrimack College,76,24,,,,,,,,,,,,3,21,,,,48,,,5,,18,,1.0,,1.0,1.0,,,,,,,,,3,,,,17,,2.0,4,1,,,,,,,,,,3.0,,,,2021
Methuen,"1,178",342,,,,,9.0,6.0,2.0,1.0,6.0,,,76,234,17,,,805,1.0,,24,19.0,99,,1.0,82,34.0,27.0,,31.0,67.0,1.0,11.0,2.0,,120,7,,82,44.0,101,41,11.0,31,21,,,,,,2.0,,,,7.0,1.0,,,2021
Middleton,109,33,,,,,,,,,1.0,,1.0,3,22,6,,,71,,,6,3.0,19,,,16,,7.0,,,,,,1.0,,1,5,,,,11,2,,5,,,,,,,1.0,2.0,1.0,,1.0,,,,2021
Nahant,46,14,,,,,1.0,1.0,,,,,1.0,5,5,2,,,31,,,,,9,,,7,,1.0,,,1.0,,,,,,5,,3,,2,1,2.0,1,1,,,,,,,,,,,,,,2021
Newbury,135,40,,,,1.0,,,,,,,1.0,5,21,12,,,78,1.0,,9,1.0,15,,1.0,16,,19.0,,,,,,,,,4,,3,,7,1,1.0,17,2,,,,,,15.0,,,,,,,,2021
Newburyport,385,93,,,,,4.0,3.0,1.0,,1.0,,1.0,16,47,24,,,284,2.0,,7,3.0,73,,2.0,54,2.0,37.0,,2.0,1.0,1.0,1.0,1.0,,24,16,,26,1.0,24,3,4.0,8,4,,,,,,1.0,2.0,,,1.0,,,,2021
North Andover,378,60,,,,,2.0,1.0,1.0,,3.0,,1.0,14,28,12,,,301,2.0,,15,9.0,50,,2.0,43,6.0,54.0,,,2.0,1.0,2.0,,,16,13,,15,4.0,49,14,4.0,17,11,,,,,,1.0,,,,5.0,,,,2021
North Shore CC,,,,,,,,,,,,,,,,,,,,,,,,,,,,,,,,,,,,,,,,,,,,,,,,,,,,,,,,,,,,2021
North Shore CC,,,,,,,,,,,,,,,,,,,,,,,,,,,,,,,,,,,,,,,,,,,,,,,,,,,,,,,,,,,,2021
North Shore Community College,,,,,,,,,,,,,,,,,,,,,,,,,,,,,,,,,,,,,,,,,,,,,,,,,,,,,,,,,,,,2021
Northern Essex Community College,,,,,,,,,,,,,,,,,,,,,,,,,,,,,,,,,,,,,,,,,,,,,,,,,,,,,,,,,,,,2021
Peabody,"1,360",419,,,,3.0,16.0,13.0,3.0,,1.0,,5.0,116,199,79,,,898,2.0,,49,16.0,221,,2.0,92,9.0,86.0,,,1.0,,14.0,4.0,2.0,53,16,,54,,235,36,6.0,43,25,,,3.0,,,5.0,1.0,,,7.0,2.0,,,2021
Rockport,64,25,,,,,,,,,,1.0,1.0,4,15,4,,,32,,,4,,16,,,1,,,,1.0,,,1.0,,,3,1,,1,,3,,1.0,7,4,,,,,,,,,,2.0,1.0,,,2021
Rowley,78,17,,1.0,,,,,,,,,1.0,6,7,2,,,54,,,6,2.0,11,1.0,,5,,10.0,,,1.0,,,,,1,1,,1,,14,1,,7,3,,,,,,1.0,,,,2.0,1.0,,,2021
Salem,"2,204",653,,,,2.0,7.0,7.0,,,10.0,,,81,400,153,,,"1,407",,,69,7.0,395,,1.0,152,39.0,,38.0,39.0,120.0,,15.0,,,74,11,,85,16.0,301,41,4.0,144,98,5.0,,,,,,,,,39.0,2.0,,,2021
Salem State College,,,,,,,,,,,,,,,,,,,,,,,,,,,,,,,,,,,,,,,,,,,,,,,,,,,,,,,,,,,,2021
Salem State University,22,4,,,,,3.0,3.0,,,,,,,,1,,,17,,,,,12,,,,,,,,1.0,,,,,,,,,,4,,,1,1,,,,,,,,,,,,,,2021
Salisbury,344,100,,,,2.0,8.0,6.0,,2.0,1.0,1.0,5.0,10,60,13,,,220,,,16,5.0,56,,1.0,29,1.0,19.0,,,,,1.0,1.0,,1,6,,15,,51,13,5.0,24,14,,,1.0,,,6.0,,,,3.0,,,,2021
Saugus,718,155,1.0,,,11.0,8.0,8.0,,,2.0,,4.0,49,67,13,,,533,,,34,9.0,109,3.0,,41,12.0,49.0,,,,,5.0,1.0,,130,8,,29,2.0,72,22,7.0,30,13,,,,,,,,3.0,,14.0,,,,2021
Swampscott,281,47,,,,,,,,,1.0,,,4,40,2,,,227,1.0,,12,3.0,26,,,41,37.0,,,,,,2.0,7.0,,19,2,,14,,59,4,,7,4,,,,,,2.0,,,,1.0,,,,2021
Topsfield,74,15,,,,,,,,,1.0,,,6,8,,,,57,,,,5.0,12,1.0,,7,1.0,22.0,,,,,,,,,,,1,,7,,1.0,2,2,,,,,,,,,,,,,,2021
Wenham,52,8,,,,,,,,,,,1.0,,4,3,,,41,,,1,,14,,,4,,9.0,,,,,,,,,2,,2,,9,,,3,2,,,,,,,,,,1.0,,,,2021
West Newbury,55,10,,,,,,,,,,1.0,,3,4,2,,,31,,,1,,6,,,3,,4.0,,,,,,,,1,3,,,,11,1,1.0,14,9,,,,,,1.0,,,,4.0,,,,2021
Ashfield,17,2,,,,,,,,,,,,1,,1,,,15,,,1,,3,,,1,,,,1.0,,,,,,,,,1,,7,1,,,,,,,,,,,,,,,,,2021
Bernardston,47,8,,,,,1.0,1.0,,,,1.0,1.0,2,1,2,,,37,,,4,,6,,,2,,3.0,,1.0,,,,1.0,,,4,,6,,3,7,,2,1,,,,,,,,,,1.0,,,,2021
Buckland,14,6,,,,,,,,,,,,1,5,,,,8,,,,,3,,,,,2.0,,,,,,,,1,1,,,,1,,,,,,,,,,,,,,,,,,2021
Charlemont,,,,,,,,,,,,,,,,,,,,,,,,,,,,,,,,,,,,,,,,,,,,,,,,,,,,,,,,,,,,2021
Colrain,,,,,,,,,,,,,,,,,,,,,,,,,,,,,,,,,,,,,,,,,,,,,,,,,,,,,,,,,,,,2021
Conway,,,,,,,,,,,,,,,,,,,,,,,,,,,,,,,,,,,,,,,,,,,,,,,,,,,,,,,,,,,,2021
Deerfield,106,30,,,,,1.0,1.0,,,,,1.0,10,16,2,,,60,,,8,2.0,15,,1.0,8,2.0,3.0,,,,,,,,4,7,,4,,5,,1.0,16,6,,,,,,,,,,9.0,1.0,,,2021
Erving,62,20,,,,,1.0,1.0,,,2.0,,,3,9,5,,,27,,,2,1.0,7,,,2,,5.0,,,,,,,,,2,,1,,5,1,1.0,15,14,1.0,,,,,,,,,,,,,2021
Franklin State Police,139,25,,,,,,,,,,,,8,16,1,,,3,,,,,,,,,,,,,,,,,,,,,,,,1,2.0,111,87,6.0,,,,,2.0,,,,16.0,,,,2021
Franklin State Police Holden,,,,,,,,,,,,,,,,,,,,,,,,,,,,,,,,,,,,,,,,,,,,,,,,,,,,,,,,,,,,2021
Franklin State Police Northampton,,,,,,,,,,,,,,,,,,,,,,,,,,,,,,,,,,,,,,,,,,,,,,,,,,,,,,,,,,,,2021
Gill,24,2,,,,,,,,,,,,2,,,,,18,,,,,6,,,2,,,,,,,,,,1,5,,,1.0,2,,1.0,4,3,,,,,,1.0,,,,,,,,2021
Greenfield,804,243,,,,1.0,18.0,8.0,10.0,,12.0,,7.0,47,148,10,,,496,4.0,,37,9.0,99,1.0,,33,2.0,18.0,,,,,1.0,3.0,1.0,37,31,,48,,145,18,9.0,65,54,,,,,,4.0,,,,7.0,,,,2021
Greenfield CC,,,,,,,,,,,,,,,,,,,,,,,,,,,,,,,,,,,,,,,,,,,,,,,,,,,,,,,,,,,,2021
Hawley,,,,,,,,,,,,,,,,,,,,,,,,,,,,,,,,,,,,,,,,,,,,,,,,,,,,,,,,,,,,2021
Heath,,,,,,,,,,,,,,,,,,,,,,,,,,,,,,,,,,,,,,,,,,,,,,,,,,,,,,,,,,,,2021
Leverett,24,5,,,,,2.0,2.0,,,,,1.0,,2,,,,18,,,,,9,,,2,,2.0,,,1.0,,,,,,2,,1,,1,,,1,1,,,,,,,,,,,,,,2021
Leyden,,,,,,,,,,,,,,,,,,,,,,,,,,,,,,,,,,,,,,,,,,,,,,,,,,,,,,,,,,,,2021
MBTA - Franklin County,,,,,,,,,,,,,,,,,,,,,,,,,,,,,,,,,,,,,,,,,,,,,,,,,,,,,,,,,,,,2021
Monroe,,,,,,,,,,,,,,,,,,,,,,,,,,,,,,,,,,,,,,,,,,,,,,,,,,,,,,,,,,,,2021
Montague,284,100,,,,3.0,,,,,1.0,,3.0,61,28,4,,,170,,,27,3.0,52,,,8,2.0,7.0,,,2.0,,4.0,3.0,2.0,4,8,,,3.0,39,6,,14,11,,,,,,,,,,3.0,,,,2021
New Salem,,,,,,,,,,,,,,,,,,,,,,,,,,,,,,,,,,,,,,,,,,,,,,,,,,,,,,,,,,,,2021
Northfield,29,9,,,,,1.0,1.0,,,,,,,4,4,,,15,,,3,,3,,,2,,2.0,,,,,,,,,,,1,1.0,3,,,5,4,,,,,,,,,,1.0,,,,2021
Orange,304,72,,,,,5.0,5.0,,,,2.0,10.0,22,25,8,,,171,,,13,2.0,25,,,20,,4.0,,,,,4.0,,,59,4,,6,,25,7,2.0,61,49,,,,,,4.0,,,,7.0,1.0,,,2021
Rowe,,,,,,,,,,,,,,,,,,,,,,,,,,,,,,,,,,,,,,,,,,,,,,,,,,,,,,,,,,,,2021
Shelburne,31,7,,,,,,,,,,,,,5,2,,,17,,,,1.0,3,,,4,,3.0,,,,,,,,1,1,,,,3,,1.0,7,5,,,,,,,,,,2.0,,,,2021
Shutesbury,3,2,,,,,,,,,,,,,2,,,,1,,,,,,,,,,,,,,,,,,,,,,,1,,,,,,,,,,,,,,,,,,2021
Sunderland,81,29,,,,,7.0,2.0,5.0,,,,2.0,3,14,3,,,42,,,3,2.0,14,,,1,,5.0,,,,,,,,1,3,,1,,10,,2.0,10,6,1.0,,,,,,,,,3.0,,,,2021
Warwick,,,,,,,,,,,,,,,,,,,,,,,,,,,,,,,,,,,,,,,,,,,,,,,,,,,,,,,,,,,,2021
Wendell,,,,,,,,,,,,,,,,,,,,,,,,,,,,,,,,,,,,,,,,,,,,,,,,,,,,,,,,,,,,2021
Whately,21,3,,,,,,,,,,,,1,2,,,,16,,,1,,3,,,1,,1.0,,2.0,,,,,,,2,,,1.0,3,2,,2,1,,,,,,1.0,,,,,,,,2021
Agawam,907,282,,,,1.0,10.0,9.0,1.0,,4.0,1.0,1.0,82,132,51,,,565,3.0,,73,14.0,139,,2.0,24,11.0,23.0,,1.0,28.0,,6.0,,,15,10,,4,10.0,159,30,13.0,60,34,1.0,,,,,9.0,,,,16.0,,,,2021
Blandford,,,,,,,,,,,,,,,,,,,,,,,,,,,,,,,,,,,,,,,,,,,,,,,,,,,,,,,,,,,,2021
Brimfield,29,6,,,,,,,,,,,,1,4,1,,,21,1.0,,3,,1,1.0,,,,,,,2.0,,,,,,1,,1,1.0,4,5,1.0,2,2,,,,,,,,,,,,,,2021
Chester,3,1,,,,,,,,,,,,,1,,,,2,,,,,,,,,,,,,,,,,,,,,,,1,1,,,,,,,,,,,,,,,,,2021
Chicopee,"3,052","1,047",3.0,,,8.0,32.0,28.0,4.0,,4.0,3.0,30.0,204,532,231,,,"1,807",2.0,,132,34.0,408,5.0,1.0,74,7.0,156.0,,3.0,1.0,,30.0,3.0,,211,48,,4,8.0,525,125,30.0,198,142,,,,,,18.0,3.0,,,35.0,,,,2021
East Longmeadow,462,117,,,,1.0,11.0,6.0,5.0,,2.0,3.0,1.0,15,67,17,,,329,,,36,11.0,58,,5.0,31,1.0,34.0,,,1.0,,3.0,1.0,,30,6,,2,2.0,78,21,9.0,16,10,,,,,,3.0,,,,3.0,,,,2021
Granville,10,7,,,,,,,,,,,,2,5,,,,1,,,,,,,,,,,,,,,,,,,,,,,,,1.0,2,1,,,,,,,,,,,1.0,,,2021
Hampden,62,20,,,,,,,,,1.0,,1.0,7,11,,,,36,,,,1.0,6,,,1,,6.0,,,,,,,1.0,,,,3,,14,3,1.0,6,2,,,1.0,,,,,,,3.0,,,,2021
Hampden State Police,312,55,,,,,,,,,2.0,,,27,25,1,,,13,,,1,1.0,5,,,1,,,,,1.0,,1.0,,,,,,,1.0,,1,1.0,244,195,2.0,,,,,,,,,45.0,2.0,,,2021
Hampden State Police Northampton,,,,,,,,,,,,,,,,,,,,,,,,,,,,,,,,,,,,,,,,,,,,,,,,,,,,,,,,,,,,2021
Hampden State Police Weston,,,,,,,,,,,,,,,,,,,,,,,,,,,,,,,,,,,,,,,,,,,,,,,,,,,,,,,,,,,,2021
Holland,24,6,,,,,,,,,,,,1,4,1,,,16,1.0,,1,,5,3.0,,,,,,,,,,,,1,,,3,,1,1,,2,1,,,,,,,,,,1.0,,,,2021
Holyoke,"3,786","1,160",2.0,,,13.0,17.0,14.0,3.0,,16.0,7.0,7.0,286,581,231,,,"2,107",10.0,,160,15.0,499,,1.0,51,95.0,,,1.0,,,63.0,3.0,9.0,387,24,,97,3.0,573,113,3.0,519,399,1.0,,1.0,,,6.0,,,,109.0,3.0,,,2021
Holyoke Community College,8,3,,,,,,,,,,,,,,3,,,5,,,,1.0,2,,,,,,,,,,,,,,2,,,,,,,,,,,,,,,,,,,,,,2021
Longmeadow,276,28,,,,,,,,,,,,3,18,7,,,239,,,20,11.0,46,2.0,3.0,21,1.0,42.0,,,1.0,1.0,1.0,,,,4,,1,2.0,63,16,4.0,9,4,,,,,,1.0,,,,4.0,,,,2021
Ludlow,540,152,,,,2.0,,,,,2.0,,1.0,35,88,24,,,341,2.0,,19,4.0,75,1.0,2.0,34,2.0,46.0,,,,,2.0,2.0,,30,3,,17,3.0,79,15,5.0,47,31,,,,,,2.0,,,,14.0,,,,2021
MBTA - Hampden County,,,,,,,,,,,,,,,,,,,,,,,,,,,,,,,,,,,,,,,,,,,,,,,,,,,,,,,,,,,,2021
Monson,260,79,,,,1.0,4.0,2.0,2.0,,1.0,,1.0,19,36,17,,,109,,,14,4.0,26,,1.0,8,1.0,23.0,,,1.0,,2.0,,,2,4,,,,13,7,3.0,72,53,,,,,,2.0,2.0,2.0,,13.0,,,,2021
Montgomery,,,,,,,,,,,,,,,,,,,,,,,,,,,,,,,,,,,,,,,,,,,,,,,,,,,,,,,,,,,,2021
Palmer,440,182,1.0,,,,4.0,4.0,,,,,,34,127,16,,,213,1.0,,16,5.0,63,,,25,6.0,21.0,,2.0,1.0,,,,,7,10,,3,4.0,37,5,7.0,45,34,,,,,,3.0,,,,7.0,1.0,,,2021
Russell,1,,,,,,,,,,,,,,,,,,1,,,,,,,,,,,,,,,,,,,,,,,,1,,,,,,,,,,,,,,,,,2021
Southwick,194,51,,,,,1.0,1.0,,,3.0,,2.0,7,26,12,,,135,,,17,5.0,37,1.0,1.0,18,,13.0,,1.0,,,,,,4,4,,1,,29,3,1.0,8,5,,,,,,2.0,,,,1.0,,,,2021
Springfield,"13,276","5,347",18.0,1.0,,59.0,62.0,35.0,23.0,4.0,68.0,,2.0,"1,071","2,677","1,388",1.0,,"6,841",23.0,1.0,591,85.0,"1,881",11.0,20.0,161,187.0,150.0,43.0,78.0,76.0,2.0,309.0,9.0,33.0,296,488,,626,568.0,584,533,86.0,"1,088",309,,2.0,10.0,4.0,,39.0,6.0,,32.0,670.0,16.0,,,2021
Springfield College,47,7,,,,,1.0,1.0,,,,,,,6,,,,40,,,3,1.0,28,,,,1.0,2.0,,,,,,,,,1,,1,2.0,1,,,,,,,,,,,,,,,,,,2021
Springfield Technical Community College,5,1,,,,,,,,,,,,,1,,,,4,,,1,,2,,,1,,,,,,,,,,,,,,,,,,,,,,,,,,,,,,,,,2021
Tolland,,,,,,,,,,,,,,,,,,,,,,,,,,,,,,,,,,,,,,,,,,,,,,,,,,,,,,,,,,,,2021
Wales,,,,,,,,,,,,,,,,,,,,,,,,,,,,,,,,,,,,,,,,,,,,,,,,,,,,,,,,,,,,2021
West Springfield,"1,911",397,,,,11.0,29.0,21.0,8.0,,8.0,,10.0,117,172,49,1.0,,"1,384",4.0,,69,14.0,237,1.0,,63,10.0,66.0,,,5.0,1.0,23.0,3.0,7.0,298,24,,85,19.0,339,85,31.0,130,105,,,1.0,,,5.0,4.0,,,15.0,,,,2021
Western New England Coll,53,8,,,,,1.0,1.0,,,5.0,,,1,,1,,,34,,,3,7.0,11,,2.0,,,,,,2.0,,,,,,1,,,1.0,7,,,11,6,3.0,,,,,,,,,2.0,,,,2021
Western New England University,,,,,,,,,,,,,,,,,,,,,,,,,,,,,,,,,,,,,,,,,,,,,,,,,,,,,,,,,,,,2021
Westfield,922,271,,,,,16.0,12.0,3.0,1.0,3.0,,5.0,70,150,27,,,604,2.0,,50,9.0,123,,3.0,43,7.0,29.0,,,,,5.0,1.0,,23,195,,27,2.0,45,35,5.0,47,22,,,,,,11.0,,,,14.0,,,,2021
Westfield State College,56,19,,,,1.0,2.0,2.0,,,3.0,,,,8,5,,,25,,,1,3.0,12,,2.0,2,,,,,,,,,,,2,,,,3,,,12,12,,,,,,,,,,,,,,2021
Wilbraham,383,127,,,,1.0,1.0,1.0,,,3.0,,2.0,24,54,42,,,230,,,15,5.0,28,,2.0,16,2.0,23.0,,,1.0,1.0,3.0,,,40,5,,11,2.0,54,13,9.0,26,17,2.0,,,,,2.0,,,,5.0,,,,2021
Amherst,479,193,,,,,27.0,27.0,,,9.0,,4.0,40,95,18,,,246,1.0,,30,6.0,51,,,26,,3.0,,,,,1.0,1.0,1.0,7,4,,16,1.0,80,11,7.0,40,26,,,,,,4.0,,,,10.0,,,,2021
Amherst College,98,16,,,,,3.0,2.0,1.0,,3.0,,,,10,,,,82,,,4,,43,,,,,,,,,,,,1.0,,10,1.0,,1.0,18,4,,,,,,,,,,,,,,,,,2021
Belchertown,241,62,,,,,7.0,7.0,,,1.0,,3.0,13,28,10,,,170,,,12,2.0,42,,,16,5.0,34.0,,,,,1.0,,,3,1,,8,,40,6,,9,5,,,,,,1.0,,,,3.0,,,,2021
Chesterfield,,,,,,,,,,,,,,,,,,,,,,,,,,,,,,,,,,,,,,,,,,,,,,,,,,,,,,,,,,,,2021
Cummington,,,,,,,,,,,,,,,,,,,,,,,,,,,,,,,,,,,,,,,,,,,,,,,,,,,,,,,,,,,,2021
Easthampton,324,81,,,,,5.0,5.0,,,6.0,,7.0,16,36,11,,,223,,,7,3.0,38,,2.0,25,3.0,30.0,,,,,,1.0,,12,11,,8,2.0,71,8,2.0,20,15,,,,,,4.0,,,,1.0,,,,2021
Goshen,1,,,,,,,,,,,,,,,,,,1,,,,,,,,1,,,,,,,,,,,,,,,,,,,,,,,,,,,,,,,,,2021
Granby,80,24,,,,,2.0,2.0,,,,,1.0,4,15,2,,,51,1.0,,5,,14,,,4,1.0,8.0,,,,,,1.0,,2,,,,2.0,9,2,2.0,5,4,,,,,,,,,,1.0,,,,2021
Hadley,236,54,,,,1.0,7.0,6.0,1.0,,1.0,,2.0,22,13,8,,,151,,,3,2.0,31,,,14,1.0,5.0,,,,,1.0,,1.0,42,3,,5,2.0,33,3,5.0,31,23,,,,,,2.0,,,,6.0,,,,2021
Hampshire College,,,,,,,,,,,,,,,,,,,,,,,,,,,,,,,,,,,,,,,,,,,,,,,,,,,,,,,,,,,,2021
Hampshire College,,,,,,,,,,,,,,,,,,,,,,,,,,,,,,,,,,,,,,,,,,,,,,,,,,,,,,,,,,,,2021
Hampshire State Police,68,31,,,,,,,,,,,,10,19,2,,,2,,,,,,,,,,,,,,,,,,,,,,,,1,1.0,35,31,,,,,,,,,,4.0,,,,2021
Hampshire State Police Northampton,,,,,,,,,,,,,,,,,,,,,,,,,,,,,,,,,,,,,,,,,,,,,,,,,,,,,,,,,,,,2021
Hatfield,39,14,,,,,,,,,,,1.0,8,3,2,,,25,,,1,3.0,4,,,5,,3.0,,,,,,,,,1,,1,,7,,,,,,,,,,,,,,,,,,2021
Huntington,,,,,,,,,,,,,,,,,,,,,,,,,,,,,,,,,,,,,,,,,,,,,,,,,,,,,,,,,,,,2021
MBTA - Hampshire County,,,,,,,,,,,,,,,,,,,,,,,,,,,,,,,,,,,,,,,,,,,,,,,,,,,,,,,,,,,,2021
Middlefield,,,,,,,,,,,,,,,,,,,,,,,,,,,,,,,,,,,,,,,,,,,,,,,,,,,,,,,,,,,,2021
Mt. Holyoke College,,,,,,,,,,,,,,,,,,,,,,,,,,,,,,,,,,,,,,,,,,,,,,,,,,,,,,,,,,,,2021
Mt. Holyoke College,18,2,,,,,1.0,,,1.0,1.0,,,,,,,,16,,,,1.0,10,,,1,,,,,,,,,,,1,,,,3,,,,,,,,,,,,,,,,,,2021
Northampton,"1,086",325,1.0,,,1.0,22.0,16.0,6.0,,10.0,,4.0,82,176,29,,,705,3.0,,44,21.0,151,,1.0,68,5.0,34.0,,1.0,,,9.0,1.0,1.0,99,79,,33,32.0,95,18,10.0,56,38,,,,,,7.0,,,,11.0,,,,2021
Pelham,7,3,,,,,,,,,,,,1,2,,,,3,,,,,1,,,1,,1.0,,,,,,,,,,,,,,,,1,1,,,,,,,,,,,,,,2021
Plainfield,,,,,,,,,,,,,,,,,,,,,,,,,,,,,,,,,,,,,,,,,,,,,,,,,,,,,,,,,,,,2021
Smith College,,,,,,,,,,,,,,,,,,,,,,,,,,,,,,,,,,,,,,,,,,,,,,,,,,,,,,,,,,,,2021
Smith College,,,,,,,,,,,,,,,,,,,,,,,,,,,,,,,,,,,,,,,,,,,,,,,,,,,,,,,,,,,,2021
South Hadley,590,164,,,,,7.0,7.0,,,2.0,,8.0,30,87,30,,,382,3.0,,30,6.0,88,1.0,1.0,26,2.0,41.0,,,,,,,,11,1,,28,15.0,120,7,2.0,44,28,,,,,,7.0,1.0,,,8.0,,,,2021
Southampton,71,8,,,,,1.0,,1.0,,,,,2,1,4,,,59,,,3,,12,,,7,,13.0,,,,,,,,4,4,,1,1.0,14,,,4,2,,,,,,,,,,1.0,1.0,,,2021
U-Mass Amherst,213,47,,,,,10.0,8.0,2.0,,5.0,,,3,17,12,,,160,2.0,,8,2.0,40,3.0,3.0,15,,1.0,,,,,2.0,,2.0,,12,,1,,63,2,4.0,6,3,,,,,,1.0,,,,2.0,,,,2021
Ware,306,118,,,,,4.0,4.0,,,2.0,,,45,57,10,,,107,,,3,1.0,51,,,7,,,,,,,2.0,,,16,1,,1,,19,2,4.0,81,72,,,,,,1.0,,,,8.0,,,,2021
Westhampton,,,,,,,,,,,,,,,,,,,,,,,,,,,,,,,,,,,,,,,,,,,,,,,,,,,,,,,,,,,,2021
Williamsburg,46,17,,,,,,,,,,,2.0,2,11,2,,,23,,,1,3.0,8,,,2,,1.0,,,,,1.0,,,2,,,,1.0,4,,,6,5,,,,,,,1.0,,,,,,,2021
Worthington,2,,,,,,,,,,,,,,,,,,2,,,,,,,,1,,,,,,,,,,,,,,,,1,,,,,,,,,,,,,,,,,2021
Acton,442,67,,,,,4.0,4.0,,,,,,4,51,8,,,364,1.0,,16,7.0,46,1.0,11.0,78,17.0,1.0,,1.0,82.0,,,,,8,19,,11,14.0,45,6,,11,6,,,,,,,,,,5.0,,,,2021
Arlington,379,103,,,,,1.0,1.0,,,4.0,,1.0,14,40,43,,,266,,,32,4.0,52,,,29,,36.0,,,,,4.0,3.0,,25,13,,15,3.0,43,6,1.0,10,7,,,,,,1.0,,,,2.0,,,,2021
Ashby,59,11,,,,,3.0,3.0,,,1.0,,,2,3,2,,,44,,,4,2.0,6,,,5,1.0,8.0,,,,,,,1.0,,,,1,,14,1,1.0,4,2,,,,,,,,,,2.0,,,,2021
Ashland,253,59,,,,,1.0,1.0,,,1.0,,3.0,12,21,21,,,168,,,11,2.0,48,,1.0,28,3.0,14.0,,,,,2.0,,1.0,8,9,,24,2.0,2,7,6.0,26,14,,,,,,4.0,,1.0,,7.0,,,,2021
Ayer,247,66,,,,1.0,8.0,7.0,1.0,,4.0,1.0,2.0,8,27,15,,,140,,,9,3.0,41,,3.0,22,,17.0,,,2.0,,,,,,3,,5,,30,5,,41,27,,,2.0,,,2.0,,,,10.0,,,,2021
Bedford,128,15,,,,,2.0,2.0,,,2.0,,,2,2,7,,,109,,,10,6.0,23,,,13,1.0,3.0,,2.0,,,,,,6,1,,5,7.0,30,2,,4,3,,,,,,,,,,1.0,,,,2021
Belmont,403,57,1.0,,,,1.0,1.0,,,,,1.0,10,32,12,,,341,1.0,,57,2.0,36,,,84,,42.0,,,,,1.0,,,2,8,,,,102,6,,5,1,,,,,,2.0,,,,2.0,,,,2021
Bentley College,53,10,,,,,,,,,,,,,8,2,,,26,1.0,,1,,16,,,1,,,,,,,,,,,5,1.0,,,1,,,17,16,,,,,,,,,,1.0,,,,2021
Billerica,699,141,,,,1.0,3.0,3.0,,,5.0,,,27,84,21,,,509,2.0,,24,9.0,93,1.0,2.0,51,19.0,7.0,,46.0,84.0,5.0,2.0,,,10,22,,28,27.0,47,27,3.0,49,27,12.0,,,,,2.0,,,,6.0,2.0,,,2021
Boston and Maine Railroad Police Dept,,,,,,,,,,,,,,,,,,,,,,,,,,,,,,,,,,,,,,,,,,,,,,,,,,,,,,,,,,,,2021
Boston College,86,8,,,,1.0,1.0,1.0,,,3.0,,,,3,,,,77,,,4,,20,,,6,2.0,,,,1.0,,1.0,,,1,22,,2,,16,1,1.0,1,1,,,,,,,,,,,,,,2021
Boston College(Old ORI pre-2011),,,,,,,,,,,,,,,,,,,,,,,,,,,,,,,,,,,,,,,,,,,,,,,,,,,,,,,,,,,,2021
Boxborough,68,14,,,,,1.0,1.0,,,,,,3,7,3,,,47,,,3,,16,,1.0,8,,6.0,,,,,,,,,2,,2,1.0,8,,,7,3,2.0,,,,,1.0,,,,1.0,,,,2021
Brandeis University,,,,,,,,,,,,,,,,,,,,,,,,,,,,,,,,,,,,,,,,,,,,,,,,,,,,,,,,,,,,2021
Brandeis University,,,,,,,,,,,,,,,,,,,,,,,,,,,,,,,,,,,,,,,,,,,,,,,,,,,,,,,,,,,,2021
Burlington,711,141,,,,1.0,13.0,10.0,2.0,1.0,2.0,1.0,,22,68,34,,,549,2.0,,18,19.0,101,,6.0,68,7.0,46.0,,,1.0,1.0,1.0,4.0,3.0,91,22,,25,2.0,110,13,9.0,21,12,,,,,,6.0,,,,2.0,1.0,,,2021
Cambridge,"5,156","1,273",1.0,,,7.0,34.0,32.0,3.0,,,,2.0,294,566,368,1.0,,"3,772",5.0,,207,45.0,478,1.0,35.0,289,25.0,307.0,,,,,64.0,66.0,,153,287,,321,114.0,"1,213",120,42.0,111,59,,,,,,5.0,,,,47.0,,,,2021
Carlisle,101,8,,,,,1.0,1.0,,,,,,1,2,4,,,87,,,3,,16,,,10,,26.0,,,1.0,,,,,,,,9,,20,1,1.0,6,3,1.0,,,,,1.0,,,,1.0,,,,2021
Chelmsford,648,88,,,,,7.0,7.0,,,6.0,,,27,36,12,,,534,,,19,8.0,85,,4.0,5,29.0,62.0,,51.0,36.0,10.0,2.0,,,107,2,1.0,17,11.0,75,10,,26,14,,,,,,7.0,,,,5.0,,,,2021
Concord,351,75,,,,3.0,2.0,1.0,1.0,,2.0,,11.0,11,34,12,,,258,,,10,6.0,35,1.0,2.0,44,5.0,74.0,,,,,,1.0,,7,10,,10,1.0,48,,4.0,18,15,1.0,,,,,1.0,,,,1.0,,,,2021
Dracut,571,183,,,,,6.0,4.0,2.0,,2.0,,10.0,49,95,21,,,367,4.0,,22,8.0,119,1.0,1.0,31,2.0,49.0,,,1.0,,3.0,2.0,,20,12,,16,,67,9,,21,16,,,,,,1.0,,,,4.0,,,,2021
Dunstable,26,6,,,,,,,,,,,1.0,1,4,,,,12,1.0,,,,3,,,3,,,,1.0,,,,,,,,,,,4,,,8,4,,,,,,1.0,,,,3.0,,,,2021
Everett,"1,468",376,1.0,,,1.0,24.0,24.0,,,15.0,,,105,142,88,,,"1,014",,1.0,70,2.0,249,1.0,,46,39.0,8.0,1.0,12.0,45.0,,12.0,1.0,6.0,66,26,,112,21.0,194,88,14.0,78,38,12.0,,,,,13.0,,,,14.0,1.0,,,2021
Framingham,"1,992",499,1.0,,,2.0,5.0,1.0,,4.0,1.0,,1.0,204,278,7,,,"1,387",,,93,27.0,340,,,1,28.0,81.0,,,,,11.0,21.0,2.0,72,33,3.0,213,1.0,371,77,13.0,106,81,,,,,,4.0,1.0,,,20.0,,,,2021
Framingham SC,,,,,,,,,,,,,,,,,,,,,,,,,,,,,,,,,,,,,,,,,,,,,,,,,,,,,,,,,,,,2021
Framingham State University,17,4,,,,,,,,,1.0,,,,3,,,,13,,,,,6,,2.0,,,1.0,,,,,,,,,,,,,4,,,,,,,,,,,,,,,,,,2021
Groton,130,27,,,,,3.0,2.0,,1.0,2.0,,3.0,3,12,4,,,100,1.0,,7,1.0,23,1.0,1.0,11,,25.0,,,,,,,,4,1,,2,,19,3,1.0,3,2,,,,,,,,,,1.0,,,,2021
Harvard University,282,17,,,,,1.0,1.0,,,,,,1,14,1,,,265,,,16,,4,,,,,,,,,1.0,,,,,109,,4,,110,20,1.0,,,,,,,,,,,,,,,,2021
Holliston,165,32,,,,,3.0,1.0,2.0,,1.0,1.0,,6,17,4,,,125,,,12,2.0,19,,1.0,8,,25.0,,1.0,1.0,,1.0,,1.0,,1,,14,2.0,35,2,,8,6,,,,,,,,,,2.0,,,,2021
Hopkinton,148,40,,,,,,,,,,,,15,23,2,,,107,,,2,2.0,12,,1.0,21,1.0,4.0,,,31.0,,,,,,5,,7,1.0,15,3,2.0,1,,,,,,,1.0,,,,,,,,2021
Hudson,176,80,,,,,3.0,3.0,,,1.0,,6.0,23,34,13,,,87,1.0,,5,2.0,21,5.0,1.0,12,,1.0,,,,,1.0,,,21,7,,,1.0,2,5,2.0,9,5,,,,,,2.0,,,,2.0,,,,2021
Lasell College,17,3,,,,,1.0,1.0,,,,,,,2,,,,12,,,2,,2,,1.0,,,,,,1.0,,,,,,1,,3,,2,,,2,1,,,,,,,,,,1.0,,,,2021
Lexington,360,76,,,,,2.0,2.0,,,,,,20,36,18,,,278,,,20,24.0,61,,1.0,42,7.0,3.0,,,21.0,,2.0,,,,,,14,3.0,74,5,1.0,6,5,,,,,,,,,,1.0,,,,2021
Lincoln,75,17,,,,,1.0,1.0,,,1.0,,,,12,3,,,56,,,1,1.0,11,,,5,,,,1.0,14.0,,,,,2,1,,2,4.0,11,3,,2,1,,,,,,,,,,1.0,,,,2021
Littleton,128,24,,,,,2.0,2.0,,,1.0,1.0,1.0,3,15,1,,,97,,,2,9.0,15,,1.0,16,1.0,11.0,,,,,,1.0,,3,5,,5,1.0,20,5,2.0,7,5,,,,,,,,,,2.0,,,,2021
Lowell,"4,832","1,694",6.0,,,7.0,16.0,13.0,3.0,,30.0,,,289,"1,222",124,,,"2,814",3.0,,202,21.0,712,2.0,6.0,51,120.0,39.0,1.0,87.0,104.0,,60.0,,,109,34,1.0,349,157.0,541,189,26.0,324,199,,,2.0,,,10.0,2.0,,,104.0,7.0,,,2021
Malden,"1,561",480,3.0,,,5.0,10.0,10.0,,,9.0,,,122,306,25,,,"1,041",2.0,,104,15.0,187,,1.0,43,19.0,,,1.0,,,26.0,6.0,,65,41,,151,13.0,272,95,,40,14,,,,,,1.0,4.0,,,21.0,,,,2021
Marlborough,"1,495",577,,,,6.0,25.0,20.0,5.0,,12.0,,15.0,109,320,90,,,854,3.0,,49,13.0,187,3.0,7.0,100,7.0,71.0,,,,,9.0,1.0,5.0,33,22,,33,4.0,250,41,16.0,64,42,,,,,,6.0,,,,14.0,2.0,,,2021
Maynard,200,55,,,,1.0,4.0,4.0,,,1.0,,2.0,18,22,7,,,133,,,6,7.0,38,,,18,1.0,23.0,,,,,,1.0,,6,3,,3,,20,4,3.0,12,9,,,,,,1.0,,,,2.0,,,,2021
MBTA - Middlesex County,,,,,,,,,,,,,,,,,,,,,,,,,,,,,,,,,,,,,,,,,,,,,,,,,,,,,,,,,,,,2021
Medford,"1,258",320,,,,1.0,10.0,10.0,,,,,,68,165,76,,,898,2.0,,49,14.0,68,3.0,2.0,71,37.0,2.0,57.0,14.0,77.0,,18.0,5.0,,78,19,1.0,105,54.0,176,45,1.0,40,23,,,,,,4.0,,,,11.0,2.0,,,2021
Melrose,345,96,,,,,1.0,1.0,,,1.0,,,26,56,12,,,240,1.0,,24,4.0,62,,,10,,1.0,,,,,3.0,,,5,11,,43,3.0,46,20,7.0,9,6,,,,,,,,,,3.0,,,,2021
Middlesex State Police,187,43,,,,,,,,,,,,18,20,4,1.0,,38,,,4,1.0,10,,,,1.0,,,,1.0,,2.0,,,,1,,,1.0,7,5,5.0,106,72,1.0,,,,,,,1.0,,32.0,,,,2021
Middlesex State Police Framingham,,,,,,,,,,,,,,,,,,,,,,,,,,,,,,,,,,,,,,,,,,,,,,,,,,,,,,,,,,,,2021
Middlesex State Police Holden,,,,,,,,,,,,,,,,,,,,,,,,,,,,,,,,,,,,,,,,,,,,,,,,,,,,,,,,,,,,2021
Middlesex State Police Weston,,,,,,,,,,,,,,,,,,,,,,,,,,,,,,,,,,,,,,,,,,,,,,,,,,,,,,,,,,,,2021
MIT,222,12,,,,,,,,,,,,2,6,4,,,206,,,7,2.0,47,,2.0,6,,,,,,,,1.0,,,5,,1,,133,2,,4,,,,,,,,,,,4.0,,,,2021
Mount IDA College,,,,,,,,,,,,,,,,,,,,,,,,,,,,,,,,,,,,,,,,,,,,,,,,,,,,,,,,,,,,2021
Natick,"1,029",193,,,,1.0,9.0,3.0,6.0,,3.0,,5.0,32,131,12,,,804,2.0,,25,9.0,121,4.0,4.0,69,16.0,84.0,,,1.0,,6.0,1.0,2.0,123,48,,73,22.0,163,20,11.0,32,18,1.0,,,,,3.0,,,,10.0,,,,2021
Newton,"1,166",178,,,,,8.0,7.0,1.0,,4.0,,1.0,43,87,35,,,964,,,74,19.0,112,3.0,4.0,120,35.0,1.0,,13.0,126.0,,5.0,2.0,,53,67,1.0,144,51.0,98,21,15.0,24,12,,,,,,,,,,12.0,,,,2021
North Reading,159,42,,,,,2.0,,2.0,,2.0,,,11,20,7,,,109,1.0,,4,4.0,20,,1.0,22,,3.0,,,,,2.0,3.0,,10,3,,4,1.0,29,2,,8,3,,,,,,2.0,,,,3.0,,,,2021
Pepperell,210,54,,,,1.0,2.0,2.0,,,,3.0,,12,22,14,,,149,,,10,2.0,32,,1.0,24,1.0,30.0,,,,,,,1.0,,2,,9,,31,2,4.0,7,2,,,,,,2.0,,,,3.0,,,,2021
Reading,295,38,,,,,,,,,,,,8,16,14,,,236,2.0,,10,2.0,43,1.0,2.0,,17.0,,,,42.0,,1.0,51.0,12.0,9,26,5.0,10,,,3,,21,12,6.0,,,,,,,,,2.0,1.0,,,2021
Regis College,,,,,,,,,,,,,,,,,,,,,,,,,,,,,,,,,,,,,,,,,,,,,,,,,,,,,,,,,,,,2021
Regis College,,,,,,,,,,,,,,,,,,,,,,,,,,,,,,,,,,,,,,,,,,,,,,,,,,,,,,,,,,,,2021
Regis College,,,,,,,,,,,,,,,,,,,,,,,,,,,,,,,,,,,,,,,,,,,,,,,,,,,,,,,,,,,,2021
Sherborn,50,11,,,,,,,,,,,,,,11,,,38,,,3,2.0,4,,,8,3.0,7.0,,,,,1.0,,,,2,,4,,1,2,1.0,1,,,,,,,,,,,1.0,,,,2021
Shirley,98,30,1.0,,,,2.0,1.0,,1.0,,,,14,11,2,,,59,,,6,,14,1.0,2.0,6,1.0,9.0,,,1.0,,,,,,2,,,,11,4,2.0,9,5,,,,,,1.0,,,,3.0,,,,2021
Somerville,"1,845",434,3.0,,,2.0,16.0,16.0,,,20.0,,4.0,110,262,17,,,"1,355",4.0,,120,14.0,221,,3.0,53,71.0,,,,,,29.0,27.0,,60,39,,138,5.0,487,84,,56,21,,,,,,12.0,,,,23.0,,,,2021
Stoneham,398,98,,,,,3.0,3.0,,,3.0,,,23,56,13,,,290,2.0,,41,9.0,53,,,35,,25.0,,,,,4.0,,,10,8,,3,2.0,85,7,6.0,10,10,,,,,,,,,,,,,,2021
Stow,72,12,,,,,,,,,,,,2,8,2,,,51,,,3,4.0,10,1.0,,11,,6.0,,1.0,,,1.0,,1.0,1,1,,1,,8,,2.0,9,3,3.0,,,,,1.0,,,,2.0,,,,2021
Sudbury,260,62,,,,1.0,2.0,2.0,,,1.0,,1.0,13,27,17,,,187,,,4,6.0,29,,,40,9.0,63.0,,,,,,1.0,,,8,,2,,20,4,1.0,11,3,,,1.0,,,4.0,,,,3.0,,,,2021
Tewksbury,"1,078",333,,,,3.0,18.0,16.0,2.0,,1.0,,5.0,72,196,38,,,612,1.0,,28,16.0,70,2.0,4.0,63,7.0,57.0,,,2.0,,4.0,3.0,2.0,106,37,,17,5.0,157,23,8.0,133,104,1.0,,1.0,,,6.0,1.0,,,20.0,,,,2021
Townsend,192,63,,,,,4.0,1.0,3.0,,1.0,,2.0,20,31,5,,,120,1.0,,8,1.0,35,1.0,,16,2.0,24.0,,,,1.0,2.0,,,7,5,,1,,10,4,2.0,9,7,,,,,,,,,,2.0,,,,2021
Tufts University Medford,61,8,,,,,2.0,2.0,,,,,,1,3,2,,,51,,,2,,15,,3.0,1,,,,,,,,,,,10,,2,,16,2,,2,2,,,,,,,,,,,,,,2021
Tufts University prior 01/01/2015,,,,,,,,,,,,,,,,,,,,,,,,,,,,,,,,,,,,,,,,,,,,,,,,,,,,,,,,,,,,2021
Tufts University since 01/01/2015,,,,,,,,,,,,,,,,,,,,,,,,,,,,,,,,,,,,,,,,,,,,,,,,,,,,,,,,,,,,2021
Tyngsborough,214,48,,,,,1.0,1.0,,,2.0,,3.0,9,22,11,,,154,,,7,5.0,59,,2.0,18,1.0,29.0,,,,,,,,,4,,8,1.0,12,8,,12,9,,,,,,,,,,3.0,,,,2021
U-Mass Lowell,140,27,,,,,6.0,6.0,,,1.0,,1.0,2,10,7,,,110,,,10,1.0,44,,3.0,6,,,,,,,,,,,12,,6,,27,,1.0,3,1,,,,,,,,1.0,,1.0,,,,2021
Wakefield,398,136,1.0,,,,6.0,3.0,3.0,,3.0,2.0,6.0,24,75,19,,,245,2.0,,14,9.0,54,,4.0,33,2.0,38.0,,1.0,2.0,,,,,2,13,,9,4.0,42,9,7.0,17,13,,,,,,3.0,,,,1.0,,,,2021
Waltham,812,263,,,,4.0,9.0,8.0,1.0,,,,1.0,58,166,25,,,526,2.0,,40,5.0,123,,1.0,66,2.0,2.0,,,2.0,,8.0,4.0,,25,9,,30,16.0,172,19,,23,14,,,,,,,1.0,,,8.0,,,,2021
Watertown,831,198,,,,1.0,7.0,5.0,2.0,,2.0,,3.0,29,127,29,,,603,1.0,,26,6.0,106,1.0,7.0,48,5.0,90.0,,56.0,,,4.0,1.0,3.0,33,36,,44,25.0,79,22,10.0,30,18,,,,,,4.0,,,,8.0,,,,2021
Wayland,,,,,,,,,,,,,,,,,,,,,,,,,,,,,,,,,,,,,,,,,,,,,,,,,,,,,,,,,,,,2021
Westford,212,28,,,,1.0,1.0,1.0,,,4.0,1.0,1.0,6,10,4,,,155,,,9,15.0,25,1.0,,28,1.0,14.0,,,,,1.0,2.0,1.0,6,5,,6,1.0,31,4,5.0,29,17,,,,,,4.0,,,,8.0,,,,2021
Weston,86,18,,,,,4.0,4.0,,,1.0,,,3,3,7,,,66,,,9,1.0,13,,,14,1.0,5.0,,,,,,,,,1,,5,,11,1,5.0,2,1,,,,,,1.0,,,,,,,,2021
Wilmington,494,109,,,,1.0,1.0,1.0,,,,,5.0,20,61,21,,,354,,,15,20.0,59,4.0,6.0,42,4.0,61.0,,,,1.0,,1.0,1.0,12,3,,3,3.0,107,8,4.0,31,19,,,,,,7.0,,,,5.0,,,,2021
Winchester,219,17,,,,,1.0,1.0,,,,,1.0,5,10,,,,198,,,13,,18,,1.0,6,15.0,12.0,1.0,4.0,55.0,3.0,1.0,,,4,1,,18,,43,3,,4,3,1.0,,,,,,,,,,,,,2021
Woburn,979,170,,1.0,,1.0,3.0,1.0,2.0,,6.0,,1.0,38,95,24,,1.0,706,1.0,,37,14.0,130,,1.0,62,4.0,34.0,,2.0,2.0,,7.0,4.0,2.0,55,33,,32,8.0,210,58,10.0,103,86,,,,,,1.0,7.0,,,9.0,,,,2021
MBTA - Nantucket County,,,,,,,,,,,,,,,,,,,,,,,,,,,,,,,,,,,,,,,,,,,,,,,,,,,,,,,,,,,,2021
Nantucket,455,110,,,,,5.0,4.0,1.0,,4.0,,,20,62,19,,,329,,,28,3.0,103,,,12,8.0,3.0,,2.0,,2.0,,,,13,24,,14,,100,14,3.0,16,8,,,,,,4.0,,,,4.0,,,,2021
Nantucket State Police,5,,,,,,,,,,,,,,,,,,4,,,,4.0,,,,,,,,,,,,,,,,,,,,,,1,1,,,,,,,,,,,,,,2021
Avon,262,29,,,,,,,,,1.0,,,8,15,5,,,223,1.0,1.0,6,7.0,16,1.0,1.0,45,4.0,8.0,,,,,1.0,,4.0,50,3,,21,5.0,37,7,5.0,10,6,,,,,,1.0,,,,3.0,,,,2021
Babson College,80,7,,,,1.0,1.0,1.0,,,,,,2,2,1,,,72,,,6,10.0,21,,2.0,4,1.0,4.0,,,,,,,,,18,,,,6,,,1,,,,,,,,,,,1.0,,,,2021
Bellingham,441,104,1.0,,,1.0,2.0,1.0,1.0,,5.0,,1.0,28,47,19,,,320,1.0,,8,3.0,48,5.0,,27,4.0,34.0,,,,,1.0,3.0,4.0,38,13,,36,,83,7,5.0,17,13,,,1.0,,,1.0,,,,2.0,,,,2021
Braintree,844,172,,,,,3.0,2.0,1.0,,7.0,,,61,84,17,,,633,,,18,17.0,73,,,60,33.0,4.0,24.0,17.0,34.0,4.0,2.0,1.0,10.0,124,84,1.0,55,14.0,19,35,4.0,39,27,,,,,,3.0,,,,8.0,1.0,,,2021
Brookline,"1,067",142,,,,,1.0,1.0,,,1.0,,3.0,25,79,33,,,925,,,61,28.0,113,,4.0,83,23.0,2.0,,22.0,55.0,,14.0,11.0,10.0,70,114,,93,16.0,174,30,2.0,,,,,,,,,,,,,,,,2021
Canton,436,113,,,,,8.0,6.0,2.0,,1.0,,3.0,64,11,26,,,308,,,12,8.0,80,6.0,,22,6.0,26.0,,1.0,1.0,,3.0,4.0,1.0,8,9,,14,1.0,90,10,6.0,15,8,,,,,,2.0,,,,5.0,,,,2021
Cohasset,139,28,,,,,1.0,1.0,,,,,1.0,4,20,2,,,107,,,9,3.0,24,,,9,3.0,24.0,,,,,,,,2,2,,2,1.0,28,,,4,3,,,,,,,,,,1.0,,,,2021
Curry College,,,,,,,,,,,,,,,,,,,,,,,,,,,,,,,,,,,,,,,,,,,,,,,,,,,,,,,,,,,,2021
Dean College,18,3,,,,,,,,,1.0,,,,1,1,,,15,,,3,,8,,,,,,,,,,,,,,3,,,1.0,,,,,,,,,,,,,,,,,,,2021
Dedham,517,68,,,,1.0,,,,,,,,14,48,5,,,446,,,16,7.0,70,5.0,1.0,27,25.0,3.0,,,,,4.0,6.0,1.0,98,50,,57,10.0,48,18,,3,3,,,,,,,,,,,,,,2021
Dover,41,2,,,,,,,,,,,,,2,,,,36,,,,,9,1.0,,7,,8.0,,,2.0,,,,,,,,3,,5,,1.0,3,2,,,,,,,,,,1.0,,,,2021
Foxborough,560,208,,,,1.0,11.0,10.0,1.0,,4.0,,6.0,31,131,24,,,308,,,8,11.0,62,,2.0,35,5.0,56.0,,,5.0,,2.0,,2.0,17,15,,16,15.0,39,16,2.0,44,27,1.0,,,,,6.0,,,,10.0,,,,2021
Franklin,272,94,1.0,1.0,,2.0,,,,,5.0,,,29,44,12,,,131,1.0,,16,4.0,33,,1.0,7,5.0,,,,15.0,,1.0,,,,7,,1,,35,3,2.0,47,26,,,,,,6.0,1.0,,,14.0,,,,2021
Holbrook,457,180,,,,5.0,8.0,5.0,3.0,,1.0,,3.0,31,100,32,,,261,1.0,,19,5.0,61,1.0,1.0,20,2.0,21.0,,,,,5.0,,,9,7,,15,1.0,71,16,6.0,16,11,,,,,,2.0,,1.0,,,2.0,,,2021
Mass Bay Community College,,,,,,,,,,,,,,,,,,,,,,,,,,,,,,,,,,,,,,,,,,,,,,,,,,,,,,,,,,,,2021
MBTA - Norfolk County,,,,,,,,,,,,,,,,,,,,,,,,,,,,,,,,,,,,,,,,,,,,,,,,,,,,,,,,,,,,2021
Medfield,108,31,,,,1.0,5.0,4.0,1.0,,,,,7,8,10,,,71,,,7,,17,4.0,,11,1.0,6.0,,2.0,2.0,,1.0,,,1,2,,3,1.0,11,2,,6,,1.0,,,,,1.0,,,,4.0,,,,2021
Medway,58,23,,,,,1.0,1.0,,,,,,4,17,1,,,34,,,4,,,,,,1.0,,,,,,,,,,,,4,1.0,22,2,,1,,,,,,,1.0,,,,,,,,2021
Millis,68,23,,,,1.0,1.0,1.0,,,1.0,,,6,12,2,,,42,,,4,6.0,9,,,4,2.0,,,,,,,,,2,1,,2,,12,,,3,3,,,,,,,,,,,,,,2021
Milton,296,21,1.0,,,,3.0,3.0,,,,,,5,12,,,,272,,,11,1.0,40,,,6,14.0,,,,98.0,,2.0,,,1,28,,56,1.0,7,7,,3,3,,,,,,,,,,,,,,2021
Mt. Ida College,,,,,,,,,,,,,,,,,,,,,,,,,,,,,,,,,,,,,,,,,,,,,,,,,,,,,,,,,,,,2021
Needham,499,72,,,,,1.0,1.0,,,4.0,,1.0,12,37,17,,,409,1.0,,21,11.0,57,,3.0,81,11.0,44.0,64.0,1.0,3.0,,1.0,3.0,2.0,2,17,,6,4.0,65,5,7.0,18,12,,,,,,3.0,,,,3.0,,,,2021
Norfolk,126,27,,,,1.0,2.0,2.0,,,1.0,,,2,13,8,,,92,,,5,,22,,,2,3.0,,,,27.0,,,,,,2,,,3.0,26,1,1.0,7,4,,,,,,1.0,,,,1.0,1.0,,,2021
Norfolk State Police,106,25,1.0,2.0,,,,,,,,,,8,12,2,,,11,,,,2.0,2,,,,,,,,3.0,,,,,1,,,1,,1,1,,70,46,5.0,,,,,1.0,,,,18.0,,,,2021
Norfolk State Police Framingham,,,,,,,,,,,,,,,,,,,,,,,,,,,,,,,,,,,,,,,,,,,,,,,,,,,,,,,,,,,,2021
Norfolk State Police Middleboro,,,,,,,,,,,,,,,,,,,,,,,,,,,,,,,,,,,,,,,,,,,,,,,,,,,,,,,,,,,,2021
Norwood,676,161,1.0,,,,2.0,2.0,,,7.0,,2.0,36,88,25,,,467,1.0,,17,11.0,84,,2.0,50,8.0,25.0,,,,1.0,2.0,3.0,,30,17,,18,16.0,139,31,12.0,48,37,,,1.0,,,2.0,,,,8.0,,,,2021
Plainville,150,40,,,,,2.0,2.0,,,2.0,,,6,27,3,,,100,,,9,5.0,19,,,1,2.0,,,,16.0,,,,,11,,,1,2.0,31,3,,10,5,,,,,,1.0,,1.0,,2.0,1.0,,,2021
Quincy,"3,335",995,,1.0,,12.0,27.0,27.0,,,21.0,,,253,390,291,,,"2,174",4.0,,224,71.0,451,8.0,19.0,54,92.0,75.0,,34.0,87.0,,25.0,18.0,,111,122,,194,60.0,346,143,36.0,166,125,,,,,,4.0,2.0,1.0,,27.0,7.0,,,2021
Randolph,"1,030",359,,,,2.0,9.0,9.0,,,8.0,,1.0,77,182,80,,,628,,,44,10.0,193,,2.0,18,31.0,,,29.0,9.0,,9.0,,1.0,46,22,,24,16.0,128,46,,43,22,7.0,,,,,4.0,,,,6.0,4.0,,,2021
Sharon,149,31,,,,,3.0,3.0,,,1.0,,,9,15,3,,,110,1.0,,3,1.0,27,,,15,2.0,5.0,,,,,1.0,,,3,6,,9,,32,4,1.0,8,2,,,1.0,,,,,,,5.0,,,,2021
Stoughton,856,278,,,,1.0,14.0,8.0,6.0,,6.0,4.0,8.0,54,158,32,1.0,,533,1.0,,36,18.0,111,,2.0,64,8.0,47.0,,,,,12.0,6.0,,24,19,,28,5.0,97,46,9.0,45,28,,,,,,4.0,,,,13.0,,,,2021
Walpole,643,174,,,,,10.0,7.0,2.0,1.0,10.0,,9.0,16,104,25,,,444,,,14,9.0,71,,3.0,59,10.0,75.0,,,,,1.0,1.0,1.0,45,15,,11,3.0,113,9,4.0,25,19,,,,,,2.0,,,,4.0,,,,2021
Wellesley,320,46,,,,,1.0,,1.0,,4.0,,1.0,4,24,12,,,266,1.0,,14,9.0,28,,8.0,32,7.0,32.0,,2.0,1.0,,,,,3,8,,19,2.0,71,12,17.0,8,5,,,,,,3.0,,,,,,,,2021
Wellesley College,13,,,,,,,,,,,,,,,,,,13,,,,,1,,,,2.0,1.0,,,,,,,,,3,,,,6,,,,,,,,,,,,,,,,,,2021
Westwood,294,43,,,,,1.0,1.0,,,1.0,1.0,,5,17,17,1.0,,240,,,5,4.0,31,,,9,8.0,1.0,1.0,2.0,52.0,3.0,1.0,1.0,,17,9,,3,2.0,83,5,3.0,11,8,1.0,,,,,1.0,,,,,1.0,,,2021
Weymouth,"1,409",362,1.0,,,5.0,9.0,7.0,2.0,,15.0,,9.0,122,153,48,,,914,,,35,21.0,166,3.0,,56,10.0,78.0,,2.0,1.0,,11.0,5.0,3.0,159,63,,71,3.0,165,38,24.0,133,110,,,,,,2.0,,,,21.0,,,,2021
Wrentham,176,56,,,,,1.0,1.0,,,2.0,,,20,29,4,,,114,,,9,2.0,9,,,2,1.0,,,,2.0,1.0,1.0,,,45,2,,,,30,2,8.0,6,5,,,,,,,,,,1.0,,,,2021
Abington,399,74,,,,,3.0,3.0,,,,2.0,5.0,26,22,15,1.0,,277,1.0,,12,5.0,54,3.0,1.0,41,3.0,13.0,,,1.0,,1.0,,1.0,56,7,,17,2.0,33,18,8.0,48,41,,,,,,3.0,,1.0,,3.0,,,,2021
Bridgewater,231,72,,,,,7.0,5.0,2.0,,2.0,1.0,2.0,18,24,18,,,129,,,10,6.0,39,,1.0,11,2.0,9.0,,,2.0,,1.0,,,5,6,,3,4.0,22,6,2.0,30,18,,,,,,2.0,,,,9.0,1.0,,,2021
Bridgewater State University,32,15,,,,1.0,4.0,4.0,,,5.0,,,,1,4,,,12,,,,,7,,,1,,,,,,,,,,,1,,,,2,1,,5,2,,,,,,1.0,2.0,,,,,,,2021
Brockton,"4,965","1,844",8.0,,,18.0,64.0,58.0,6.0,,81.0,,1.0,518,957,196,1.0,,"2,860",14.0,,175,29.0,598,23.0,2.0,101,10.0,194.0,,1.0,,,97.0,30.0,3.0,62,97,,217,4.0,685,473,45.0,261,116,,,3.0,,,5.0,,1.0,,136.0,,,,2021
Carver,208,60,,,,,3.0,1.0,2.0,,1.0,,2.0,8,21,25,,,140,,,9,15.0,33,,,8,,16.0,,2.0,,,,,,5,6,,8,,33,3,2.0,8,3,,,,,,2.0,,,,3.0,,,,2021
Duxbury,176,35,,,,,3.0,3.0,,,3.0,,7.0,7,12,3,,,127,,,3,2.0,43,1.0,,21,,21.0,,,,,,,,1,5,,2,,26,2,,14,9,,,1.0,,,3.0,,,,1.0,,,,2021
East Bridgewater,321,89,1.0,,,1.0,1.0,,1.0,,1.0,,2.0,26,42,15,,,196,1.0,,8,10.0,47,,5.0,36,1.0,32.0,,,,,,,,4,6,,16,1.0,17,9,3.0,36,25,,,,,,4.0,,,,7.0,,,,2021
Halifax,147,39,,,,,,,,,,,,8,23,8,,,104,,,1,1.0,23,,,17,1.0,15.0,,,,,,1.0,,10,3,,5,,23,2,2.0,4,2,,,,,,,,,,2.0,,,,2021
Hanover,155,19,,,,,2.0,2.0,,,,,1.0,3,12,1,,,130,,,7,2.0,30,,,14,14.0,10.0,1.0,2.0,,,,,,9,11,,1,1.0,17,4,7.0,6,5,,,,,,,,,,1.0,,,,2021
Hanson,158,62,,,,,3.0,2.0,1.0,,4.0,,1.0,7,32,15,,,85,1.0,,4,1.0,32,,,7,2.0,10.0,,,,,,,1.0,,2,,3,,17,2,3.0,11,8,,,,,,3.0,,,,,,,,2021
Hingham,355,50,,,,1.0,2.0,2.0,,,,,,17,21,9,,,288,,,24,1.0,51,,,44,8.0,66.0,,,,,,2.0,1.0,11,16,,4,2.0,52,4,2.0,17,11,,,,,,2.0,,,,3.0,1.0,,,2021
Hull,360,122,,,,1.0,5.0,2.0,3.0,,1.0,,2.0,47,40,26,,,223,,,17,3.0,78,,1.0,23,5.0,22.0,,1.0,,,2.0,,2.0,2,11,,6,2.0,37,8,3.0,15,13,,,,,,,,,,2.0,,,,2021
Kingston,273,73,,,,,5.0,3.0,2.0,,,1.0,,13,34,20,,,180,,,3,8.0,46,1.0,,15,5.0,22.0,,,1.0,,1.0,,,7,10,,17,,33,5,6.0,20,13,,,,,,4.0,,,,3.0,,,,2021
Lakeville,126,45,,,,1.0,4.0,4.0,,,6.0,,2.0,10,22,,,,59,,,13,,6,,,,,,,,,,1.0,,,1,1,1.0,9,,20,7,,22,17,,,,,,2.0,1.0,,,2.0,,,,2021
Marion,99,22,,,,1.0,,,,,,,1.0,3,13,4,,,72,,,1,,13,1.0,1.0,16,,12.0,,,5.0,,,,,1,6,,4,,11,,1.0,5,,,,1.0,,,2.0,,,,2.0,,,,2021
Marshfield,259,92,1.0,,,1.0,5.0,2.0,3.0,,,,1.0,20,39,25,,,150,2.0,1.0,11,6.0,41,,3.0,25,1.0,5.0,,,,,,1.0,1.0,12,8,,4,,22,7,,17,11,,,,,,1.0,,,,5.0,,,,2021
Massasoit Community College,10,1,,,,,,,,,,,,,1,,,,9,,,2,,6,,,,,,,,,,,,,,,,,,1,,,,,,,,,,,,,,,,,,2021
Mattapoisett,88,21,,,,,2.0,2.0,,,,,3.0,5,7,4,,,64,,,2,4.0,21,,,5,,6.0,,1.0,,,,1.0,,,1,,,,21,1,1.0,3,2,,,,,,,,,,1.0,,,,2021
MBTA - Plymouth County,,,,,,,,,,,,,,,,,,,,,,,,,,,,,,,,,,,,,,,,,,,,,,,,,,,,,,,,,,,,2021
Middleborough,723,264,1.0,,,4.0,15.0,9.0,6.0,,11.0,2.0,10.0,68,111,42,,,417,1.0,,28,12.0,107,3.0,2.0,52,5.0,64.0,,1.0,4.0,,2.0,1.0,1.0,7,32,,11,,58,21,5.0,42,25,,,,,,6.0,,,,11.0,,,,2021
Norwell,121,29,,,,,2.0,,2.0,,,,,11,9,7,,,89,,,8,2.0,18,,2.0,9,,4.0,,,7.0,,1.0,,,6,3,,,,25,4,,3,2,,,,,,,,,,1.0,,,,2021
Pembroke,223,54,,,,,3.0,3.0,,,,1.0,5.0,7,25,13,,,148,,,3,2.0,32,,2.0,8,5.0,45.0,,2.0,,,,,,5,7,,7,2.0,22,5,1.0,21,12,,,,,,5.0,,,,4.0,,,,2021
Plymouth,"1,922",576,,,,1.0,37.0,24.0,12.0,1.0,8.0,3.0,12.0,143,262,105,,5.0,"1,222",1.0,,43,17.0,282,1.0,4.0,89,21.0,73.0,43.0,4.0,2.0,,6.0,,2.0,303,32,,18,3.0,239,24,15.0,124,83,,,,,,20.0,,,,20.0,1.0,,,2021
Plymouth State Police,46,10,,,,,,,,,,,,2,7,1,,,1,,,,,,,,,,,,,,,,,,,,,,,,1,,35,25,,,,,,,,,,10.0,,,,2021
Plymouth State Police Middleboro,,,,,,,,,,,,,,,,,,,,,,,,,,,,,,,,,,,,,,,,,,,,,,,,,,,,,,,,,,,,2021
Plympton,62,12,,,,,,,,,,,,2,7,3,,,50,1.0,,2,1.0,9,,,7,,4.0,,,,,,,,,1,,7,,17,1,,,,,,,,,,,,,,,,,2021
Rochester,92,28,,,,,,,,,,,4.0,,15,9,,,45,,,4,2.0,10,,,10,,4.0,,,,,3.0,,,,,,1,,10,1,,19,8,1.0,,,,,1.0,,,,9.0,,,,2021
Rockland,234,147,,,,1.0,8.0,7.0,1.0,,2.0,,3.0,37,77,19,,,73,1.0,,9,,25,,1.0,3,,1.0,,,,,1.0,,1.0,3,3,,2,,18,5,,14,7,,,,,,2.0,,,,5.0,,,,2021
Scituate,198,42,,,,1.0,2.0,1.0,1.0,,3.0,3.0,6.0,13,8,6,,,152,,,12,9.0,27,,1.0,26,1.0,2.0,,,49.0,,,1.0,,2,11,,2,,7,,2.0,4,1,,,,,,1.0,,,,2.0,,,,2021
Wareham,711,216,,,,1.0,11.0,7.0,4.0,,,,8.0,62,116,18,,,455,2.0,,33,6.0,108,1.0,,48,6.0,6.0,,,27.0,,3.0,3.0,2.0,34,17,,5,,111,29,14.0,40,26,,,,,,3.0,,,,11.0,,,,2021
West Bridgewater,205,68,,,,2.0,,,,,,,,18,44,4,,,126,1.0,,9,4.0,16,,,12,2.0,2.0,,,1.0,,,,,9,5,,4,1.0,34,16,10.0,11,7,,,,,,1.0,,,,3.0,,,,2021
Whitman,279,88,,,,,3.0,,3.0,,4.0,,1.0,15,59,6,,,174,2.0,,9,2.0,40,1.0,2.0,15,3.0,6.0,16.0,1.0,,,1.0,,,5,3,,30,,28,9,1.0,17,13,,,1.0,,,1.0,,,,2.0,,,,2021
Berklee College of Music,,,,,,,,,,,,,,,,,,,,,,,,,,,,,,,,,,,,,,,,,,,,,,,,,,,,,,,,,,,,2021
Beth Israel Deaconess Med Ctr,,,,,,,,,,,,,,,,,,,,,,,,,,,,,,,,,,,,,,,,,,,,,,,,,,,,,,,,,,,,2021
Boston,"40,377","15,455",36.0,2.0,,89.0,239.0,191.0,38.0,10.0,177.0,2.0,6.0,"2,956","6,833","5,106",8.0,1.0,"22,045",26.0,1.0,"1,325",256.0,"4,878",55.0,156.0,"1,458",926.0,590.0,69.0,439.0,256.0,7.0,779.0,79.0,20.0,"2,441","1,787",2.0,"2,217",535.0,"2,300","1,173",270.0,"2,877","2,002",62.0,,,,,190.0,47.0,3.0,,533.0,40.0,,,2021
Boston College(Old ORI),,,,,,,,,,,,,,,,,,,,,,,,,,,,,,,,,,,,,,,,,,,,,,,,,,,,,,,,,,,,2021
Boston University,454,62,,,,,5.0,5.0,,,8.0,,,1,24,24,,,389,1.0,,7,,41,1.0,10.0,7,13.0,2.0,,16.0,,,3.0,,,3,210,,3,1.0,64,,7.0,3,3,,,,,,,,,,,,,,2021
Bunker Hill Community College,17,,,,,,,,,,,,,,,,,,17,,,,,2,,,5,,1.0,,,,,,,,,1,,,,8,,,,,,,,,,,,,,,,,,2021
"Capitol PD, Boston",,,,,,,,,,,,,,,,,,,,,,,,,,,,,,,,,,,,,,,,,,,,,,,,,,,,,,,,,,,,2021
Chelsea,"2,205",842,2.0,,,15.0,31.0,17.0,14.0,,20.0,3.0,32.0,194,410,134,1.0,,"1,285",4.0,1.0,84,15.0,345,3.0,6.0,73,4.0,52.0,,,,,68.0,12.0,1.0,42,78,,207,10.0,202,60,18.0,78,22,,,7.0,,,8.0,2.0,,,39.0,,,,2021
Emerson College,30,4,,,,,1.0,1.0,,,1.0,,,1,1,,,,26,,,,,11,,1.0,2,,,,,,,,,,,3,,,,9,,,,,,,,,,,,,,,,,,2021
Emerson College,,,,,,,,,,,,,,,,,,,,,,,,,,,,,,,,,,,,,,,,,,,,,,,,,,,,,,,,,,,,2021
Environmental Police,77,11,,,,,,,,,,,,5,3,3,,,42,1.0,,2,,21,,,,,1.0,,,,,,,,,,,1,,7,5,4.0,24,2,,,1.0,,,,,,,20.0,1.0,,,2021
Fisher College,,,,,,,,,,,,,,,,,,,,,,,,,,,,,,,,,,,,,,,,,,,,,,,,,,,,,,,,,,,,2021
Fisher College,,,,,,,,,,,,,,,,,,,,,,,,,,,,,,,,,,,,,,,,,,,,,,,,,,,,,,,,,,,,2021
Mass College of Art,,,,,,,,,,,,,,,,,,,,,,,,,,,,,,,,,,,,,,,,,,,,,,,,,,,,,,,,,,,,2021
Mass General Hospital,542,459,,,,,,,,,1.0,,,25,321,112,,,61,,,2,,5,,,9,,2.0,,,4.0,,,,2.0,7,21,,5,,4,,,22,22,,,,,,,,,,,,,,2021
MBTA,,,,,,,,,,,,,,,,,,,,,,,,,,,,,,,,,,,,,,,,,,,,,,,,,,,,,,,,,,,,2021
MBTA - Suffolk County,,,,,,,,,,,,,,,,,,,,,,,,,,,,,,,,,,,,,,,,,,,,,,,,,,,,,,,,,,,,2021
MCPHS University,17,4,,,,,,,,,,,,,3,1,,,11,,,,,1,,,1,,,,,,,,,,,2,,5,,2,,,2,2,,,,,,,,,,,,,,2021
Northeastern U,,,,,,,,,,,,,,,,,,,,,,,,,,,,,,,,,,,,,,,,,,,,,,,,,,,,,,,,,,,,2021
Northeastern University,211,24,,,,,6.0,6.0,,,11.0,,,1,6,,,,177,,,7,,8,,,5,,,,,,,,,,34,52,,4,,62,5,,10,10,,,,,,,,,,,,,,2021
Revere,"1,880",616,,,,7.0,19.0,18.0,1.0,,13.0,1.0,3.0,116,324,131,2.0,,"1,196",3.0,,72,11.0,320,,4.0,82,7.0,61.0,,,,,25.0,2.0,2.0,72,70,,74,4.0,272,91,24.0,68,32,1.0,,2.0,,,3.0,3.0,3.0,,24.0,,,,2021
Roxbury Community College,,,,,,,,,,,,,,,,,,,,,,,,,,,,,,,,,,,,,,,,,,,,,,,,,,,,,,,,,,,,2021
Simmons University,21,2,,,,,,,,,,,,,2,,,,19,,,,,5,,,1,,1.0,,,,,,,,,4,,,1.0,7,,,,,,,,,,,,,,,,,,2021
Suffolk State Police,294,92,,,,2.0,2.0,2.0,,,5.0,,1.0,39,30,12,,1.0,77,,,3,4.0,10,,,1,1.0,2.0,,,,,1.0,,1.0,,2,,1,2.0,20,26,3.0,125,100,2.0,,,,,,1.0,,,21.0,1.0,,,2021
Suffolk State Police Framingham,,,,,,,,,,,,,,,,,,,,,,,,,,,,,,,,,,,,,,,,,,,,,,,,,,,,,,,,,,,,2021
Suffolk State Police Logan Airport,,,,,,,,,,,,,,,,,,,,,,,,,,,,,,,,,,,,,,,,,,,,,,,,,,,,,,,,,,,,2021
Suffolk State Police Weston,,,,,,,,,,,,,,,,,,,,,,,,,,,,,,,,,,,,,,,,,,,,,,,,,,,,,,,,,,,,2021
Tufts University Suffolk,16,,,,,,,,,,,,,,,,,,16,,,1,,3,,,,,,,,,,,,,,2,,,,9,1,,,,,,,,,,,,,,,,,2021
Tufts University Suffolk prior to 01/01/2017,,,,,,,,,,,,,,,,,,,,,,,,,,,,,,,,,,,,,,,,,,,,,,,,,,,,,,,,,,,,2021
U-Mass Boston,40,2,,,,,,,,,,,,,2,,,,37,,,1,,11,,,3,,,,,,,,,,,9,,,,12,1,,1,1,,,,,,,,,,,,,,2021
Wentworth Institute,,,,,,,,,,,,,,,,,,,,,,,,,,,,,,,,,,,,,,,,,,,,,,,,,,,,,,,,,,,,2021
Wentworth Institute of Technology,41,11,,,,2.0,1.0,1.0,,,,,,3,4,1,,,29,,,4,,2,,1.0,1,,1.0,,,,,,,,,3,,2,,15,,,1,1,,,,,,,,,,,,,,2021
Winthrop,405,93,2.0,,,,4.0,3.0,1.0,,1.0,,3.0,16,42,25,,,281,,,16,3.0,56,,,42,4.0,40.0,,,,,1.0,1.0,,6,11,,36,,47,11,7.0,31,18,,1.0,1.0,,,2.0,,,,9.0,,,,2021
Ashburnham,89,26,,,,,2.0,2.0,,,2.0,,2.0,2,16,2,,,56,,,6,1.0,17,,,11,,,,1.0,,,,1.0,,4,,,2,,9,1,3.0,7,5,,,,,,,,,,2.0,,,,2021
Assumption College,28,2,,,,,2.0,2.0,,,,,,,,,,,26,,,1,,14,,1.0,1,,,,,,,,,,,3,,,,6,,,,,,,,,,,,,,,,,,2021
Assumption College,,,,,,,,,,,,,,,,,,,,,,,,,,,,,,,,,,,,,,,,,,,,,,,,,,,,,,,,,,,,2021
Athol,362,140,,,,,7.0,6.0,1.0,,1.0,1.0,14.0,35,69,13,,,194,,,15,2.0,45,1.0,,16,3.0,4.0,,,,,3.0,1.0,2.0,15,15,,7,,49,13,3.0,28,17,,,,,,1.0,,,,7.0,3.0,,,2021
Auburn,615,98,,,,1.0,3.0,3.0,,,1.0,,,19,56,18,,,470,2.0,,26,10.0,75,,2.0,30,4.0,47.0,,1.0,2.0,,3.0,2.0,,76,3,,17,1.0,146,10,13.0,47,33,,,,,,2.0,,,,12.0,,,,2021
Barre,83,33,,,,,2.0,2.0,,,,,,13,13,5,,,45,1.0,,2,1.0,17,,,5,,2.0,,,,,,,,,6,,4,1.0,2,3,1.0,5,3,,,,,,2.0,,,,,,,,2021
Becker College,3,,,,,,,,,,,,,,,,,,3,,,,,,,,,,,,,,,,,,,1,,2,,,,,,,,,,,,,,,,,,,,2021
Berlin,35,5,,,,,,,,,,,,2,1,2,,,27,,,1,1.0,4,,,4,,1.0,,,,,,,,4,4,,1,,7,,,3,2,,,,,,1.0,,,,,,,,2021
Blackstone,84,40,,,,,2.0,1.0,1.0,,,,,6,24,8,,,37,,,4,,22,,,,,,,,,,,,,,,,9,,1,1,,7,2,,,,,,,2.0,,,3.0,,,,2021
Bolton,128,30,,,,,,,,,2.0,,,1,19,8,,,94,1.0,,8,6.0,15,,2.0,8,,33.0,,,,,,,,,5,,2,,12,1,1.0,4,3,,,,,,1.0,,,,,,,,2021
Boylston,56,17,,,,,,,,,,,,1,12,4,,,34,,,5,2.0,2,,,4,2.0,5.0,,,,,,,,1,1,,2,1.0,9,,,5,3,,,,,,1.0,,,,1.0,,,,2021
Brookfield,70,23,,,,,,,,,,1.0,4.0,5,9,4,,,43,1.0,,,2.0,8,11.0,1.0,5,,1.0,1.0,,1.0,,,,,1,3,,4,,1,2,1.0,4,2,,,,,,1.0,,,,1.0,,,,2021
Charlton,186,55,1.0,,,,1.0,1.0,,,,,7.0,6,23,17,,,116,,,6,3.0,37,,,20,1.0,8.0,,1.0,1.0,1.0,,,,,5,,2,2.0,21,3,5.0,15,6,,,,,,3.0,,,,6.0,,,,2021
Clark University,32,4,,,,,,,,,,,,1,1,2,,,28,,,4,,9,1.0,1.0,1,1.0,,,1.0,,,1.0,,,,2,,2,,4,1,,,,,,,,,,,,,,,,,2021
Clark University,,,,,,,,,,,,,,,,,,,,,,,,,,,,,,,,,,,,,,,,,,,,,,,,,,,,,,,,,,,,2021
Clinton,37,26,,,,,,,,,,,,4,21,1,,,10,,,,,1,,,,1.0,,,,,,,,,1,1,,,,4,1,1.0,1,,,,,,,,,,,1.0,,,,2021
Col of the Holy Cross,5,2,,,,,,,,,,,,,2,,,,3,,,1,,1,,,,,,,,,,,,,,1,,,,,,,,,,,,,,,,,,,,,,2021
Douglas,105,43,,,,,3.0,3.0,,,1.0,2.0,2.0,5,23,7,,,47,,,6,4.0,16,,,5,,2.0,,,,,,,,,3,,,1.0,4,6,,15,12,,,,,,,,,,3.0,,,,2021
Dudley,204,93,,,,,2.0,2.0,,,3.0,,1.0,22,50,15,,,91,1.0,,18,2.0,36,,,6,1.0,3.0,,,,,,,1.0,,2,,6,1.0,10,2,2.0,20,16,,,1.0,,,,,,,3.0,,,,2021
East Brookfield,61,15,,,,,,,,,,,,3,7,5,,,41,,,,1.0,17,9.0,,3,,3.0,,,,,,,,1,,,1,,1,4,1.0,5,4,,,,,,,,,,1.0,,,,2021
Fitchburg,"1,658",561,,,,7.0,19.0,14.0,4.0,1.0,33.0,,3.0,157,288,54,,,987,3.0,,56,12.0,364,,,66,6.0,54.0,,1.0,,,12.0,,5.0,20,16,,82,20.0,206,51,13.0,110,53,,,3.0,,,6.0,,,,48.0,,,,2021
Fitchburg SC,43,6,,,,,,,,,,,,1,4,1,,,35,,,5,2.0,18,,,4,,,,,,,,,,,,,1,,4,,1.0,2,1,,,,,,,,,,,1.0,,,2021
Fitchburg State College,,,,,,,,,,,,,,,,,,,,,,,,,,,,,,,,,,,,,,,,,,,,,,,,,,,,,,,,,,,,2021
Gardner,751,267,,,,1.0,14.0,12.0,2.0,,1.0,,11.0,44,161,35,,,425,1.0,,29,4.0,98,,,50,6.0,39.0,,,,,7.0,,,52,13,,13,1.0,94,14,4.0,59,45,,,,,,5.0,,,,9.0,,,,2021
Grafton,135,37,,,,,,,,,,,,9,24,4,,,86,,,3,2.0,18,,,9,3.0,8.0,,,17.0,,,,,1,4,,2,1.0,7,8,3.0,12,6,,,,,,2.0,,,,4.0,,,,2021
Hardwick,72,32,,,,2.0,,,,,1.0,,,8,17,4,,,30,,,1,,14,4.0,,1,,6.0,,,,,,,,,1,,,,2,,1.0,10,6,,,,,,1.0,,,,3.0,,,,2021
Harvard,88,23,,,,,5.0,5.0,,,2.0,1.0,,3,5,7,,,65,,,6,1.0,16,,,11,,18.0,,,,,,,,,,,1,,11,1,,,,,,,,,,,,,,,,,2021
Holden,164,53,,,,,2.0,1.0,,1.0,,2.0,4.0,8,21,16,,,96,,,5,4.0,31,,,11,2.0,9.0,,1.0,2.0,,1.0,,,5,5,,1,1.0,12,3,3.0,15,9,,,,,,2.0,,,,4.0,,,,2021
Hopedale,64,16,,,,,,,,,1.0,,2.0,1,8,4,,,43,,,2,2.0,10,,,9,1.0,7.0,,,,,,,1.0,,2,,2,,3,3,1.0,5,2,,,,,,,1.0,,,2.0,,,,2021
Hubbardston,53,10,,,,,,,,,,,,1,7,2,,,37,,,3,2.0,4,,,5,1.0,8.0,,,,,,,,,,,2,,6,3,3.0,6,4,,,,,,,,,,2.0,,,,2021
Lancaster,128,36,,,,,,,,,,1.0,,13,15,7,,,86,,,13,4.0,25,,,10,1.0,14.0,,1.0,,,,,,2,3,,4,,7,1,1.0,6,2,,,,,,1.0,,,,3.0,,,,2021
Leicester,257,55,,,,,4.0,4.0,,,1.0,,3.0,12,23,12,,,186,1.0,,7,4.0,38,2.0,1.0,20,3.0,30.0,,,2.0,,,,3.0,31,1,,2,1.0,32,7,1.0,16,7,1.0,,,,,2.0,,,,6.0,,,,2021
Leominster,"2,101",776,,,,13.0,19.0,11.0,6.0,2.0,9.0,2.0,17.0,132,442,142,,,"1,253",4.0,,74,17.0,265,1.0,6.0,124,11.0,98.0,,,,1.0,19.0,1.0,9.0,225,42,,85,,213,51,7.0,72,39,1.0,,5.0,,,9.0,1.0,,,17.0,,,,2021
Lunenburg,282,50,,,,,1.0,1.0,,,2.0,2.0,3.0,8,23,10,1.0,,217,,,17,2.0,51,,2.0,26,3.0,24.0,,,3.0,,,,,35,3,,15,,22,10,4.0,15,13,,,,,,2.0,,,,,,,,2021
MBTA - Worcester County,,,,,,,,,,,,,,,,,,,,,,,,,,,,,,,,,,,,,,,,,,,,,,,,,,,,,,,,,,,,2021
Mendon,80,14,,,,,,,,,,,,6,7,1,,,59,,,3,2.0,10,,3.0,7,1.0,2.0,,,2.0,,,,,5,,,1,,17,4,2.0,7,2,,,,,,2.0,,,,1.0,2.0,,,2021
Milford,648,273,,,,1.0,14.0,11.0,2.0,1.0,,2.0,6.0,32,188,29,1.0,,353,2.0,,33,6.0,73,,4.0,46,4.0,20.0,,,,,3.0,,2.0,16,6,1.0,19,,92,22,4.0,22,13,,,,,,3.0,,,,6.0,,,,2021
Millbury,315,87,,,,1.0,1.0,,,1.0,,2.0,5.0,15,44,19,,,211,,,15,5.0,44,,1.0,32,1.0,14.0,,,1.0,,3.0,,2.0,23,3,,14,3.0,36,8,6.0,17,14,,,,,,1.0,,,,1.0,1.0,,,2021
Millville,41,7,,,,,,,,,,,,,4,3,,,34,,,3,,13,,,,1.0,4.0,,,,,,,,,2,,5,,6,,,,,,,,,,,,,,,,,,2021
Mount Wachusett CC,1,,,,,,,,,,,,,,,,,,1,,,,,,,,,,,,,,,,,,,1,,,,,,,,,,,,,,,,,,,,,,2021
New Braintree,24,9,,,,,,,,,1.0,,1.0,4,2,1,,,13,,,,,3,1.0,,,1.0,4.0,,,1.0,,,,,,1,,,,,2,,2,1,,,,,,1.0,,,,,,,,2021
North Brookfield,,,,,,,,,,,,,,,,,,,,,,,,,,,,,,,,,,,,,,,,,,,,,,,,,,,,,,,,,,,,2021
Northborough,160,22,,,,,,,,,,,,5,17,,,,133,1.0,,4,1.0,12,,,7,1.0,,12.0,,13.0,,2.0,,,25,7,,6,1.0,30,11,,5,1,,,,,,2.0,,,,2.0,,,,2021
Northbridge,255,65,,,,,3.0,2.0,1.0,,,2.0,3.0,21,28,8,,,173,2.0,,11,1.0,69,,,22,2.0,8.0,,,,,2.0,,,9,5,,4,1.0,31,4,2.0,17,9,,,,,,2.0,,,,5.0,1.0,,,2021
Oakham,18,4,,,,,,,,,1.0,,,,3,,,,13,,,,,3,,,2,,6.0,,,1.0,,,,,,,,,,1,,,1,,,,,,,1.0,,,,,,,,2021
Oxford,244,62,,,,1.0,,,,,,1.0,2.0,13,33,12,,,169,,,13,1.0,39,1.0,2.0,15,1.0,3.0,,,,,2.0,,,41,2,,4,4.0,27,10,4.0,13,9,,,,,,2.0,,,,2.0,,,,2021
Paxton,96,22,,,,,1.0,1.0,,,,,,7,12,2,,,45,,,3,,10,,2.0,7,,8.0,,,,,,,,,1,,6,,5,3,,29,24,,,,,,1.0,,,,4.0,,,,2021
Petersham,,,,,,,,,,,,,,,,,,,,,,,,,,,,,,,,,,,,,,,,,,,,,,,,,,,,,,,,,,,,2021
Phillipston,,,,,,,,,,,,,,,,,,,,,,,,,,,,,,,,,,,,,,,,,,,,,,,,,,,,,,,,,,,,2021
Princeton,68,10,,,,,1.0,1.0,,,,,,1,6,2,,,54,,,3,1.0,19,,,2,1.0,12.0,,,,,,1.0,,,1,,4,,7,3,,4,1,1.0,,,,,1.0,,,,1.0,,,,2021
Quinsigamond CC,10,2,,,,,,,,,,,,,1,1,,,7,,,,,4,,,,,1.0,,1.0,,,,,,,,,,,1,,,1,,,,,,,,,,,1.0,,,,2021
Royalston,3,1,,,,,,,,,,,,,1,,,,2,,,,,1,1.0,,,,,,,,,,,,,,,,,,,,,,,,,,,,,,,,,,,2021
Rutland,182,82,,,,1.0,7.0,5.0,2.0,,,,8.0,21,33,12,,,89,,,10,,34,,,9,,22.0,,,,,,,,,4,,1,,5,3,1.0,11,10,,,,,,,,,,1.0,,,,2021
Shrewsbury,611,93,1.0,,,,3.0,2.0,1.0,,,,,4,66,18,,1.0,499,1.0,,23,19.0,41,,3.0,9,16.0,7.0,,1.0,145.0,,3.0,,1.0,32,17,,45,13.0,98,19,6.0,19,15,3.0,,,,,,,,,1.0,,,,2021
Southborough,105,13,,,,,1.0,1.0,,,1.0,,,6,2,3,,,82,,,5,2.0,13,,,23,,8.0,,,3.0,,,,,2,5,,7,3.0,8,1,2.0,10,4,,,,,,,,,,6.0,,,,2021
Southbridge,699,155,,,,,9.0,7.0,1.0,1.0,3.0,4.0,9.0,30,56,44,,,406,,,27,8.0,114,,,31,3.0,63.0,,,2.0,,1.0,,1.0,40,17,,17,,56,23,3.0,138,112,,,1.0,,,7.0,,,,16.0,2.0,,,2021
Spencer,243,28,,,,,,,,,6.0,,,13,5,4,,,209,,,11,5.0,37,,,5,4.0,27.0,38.0,23.0,6.0,,,,1.0,5,3,,4,2.0,32,6,,6,2,,,,,,2.0,,,,1.0,1.0,,,2021
Sterling,91,26,,,,,2.0,1.0,1.0,,,,3.0,2,14,5,,,58,,,4,1.0,17,,2.0,6,1.0,3.0,,,,,3.0,,,2,5,,1,1.0,7,3,2.0,7,5,,,,,,,,,,1.0,1.0,,,2021
Sturbridge,388,112,,,,2.0,6.0,5.0,1.0,,4.0,2.0,2.0,16,67,13,,,230,,1.0,17,5.0,58,1.0,,19,6.0,10.0,,,,,,,,22,18,,14,,44,13,2.0,46,33,,,,,,6.0,2.0,,,5.0,,,,2021
Sutton,241,55,,,,1.0,2.0,2.0,,,,,3.0,11,21,17,,,147,,,17,8.0,32,,,11,,29.0,,1.0,1.0,,2.0,1.0,,6,6,,,2.0,19,7,5.0,39,33,,,,,,1.0,,,,5.0,,,,2021
Templeton,128,48,,,,,1.0,1.0,,,2.0,1.0,5.0,7,25,7,,,67,,,2,2.0,22,,,3,1.0,3.0,,,,,,,,,4,,1,,22,6,1.0,13,8,,,,,,3.0,,,,2.0,,,,2021
Tufts University Worcester,3,1,,,,,,,,,,,,,1,,,,2,,,,,,,,,1.0,,,,,,,,,,,,,,1,,,,,,,,,,,,,,,,,,2021
Tufts University Worcester,,,,,,,,,,,,,,,,,,,,,,,,,,,,,,,,,,,,,,,,,,,,,,,,,,,,,,,,,,,,2021
U-Mass Worcester,105,74,,,,,,,,,,,,8,59,7,,,28,,,,1.0,10,,,,,1.0,,,,,,1.0,,1,4,,,,9,1,,3,3,,,,,,,,,,,,,,2021
U-Mass Worcester MA014UM00,,,,,,,,,,,,,,,,,,,,,,,,,,,,,,,,,,,,,,,,,,,,,,,,,,,,,,,,,,,,2021
Upton,131,30,,,,,2.0,2.0,,,1.0,2.0,2.0,3,13,7,,,89,,,5,1.0,14,,,5,1.0,21.0,,1.0,1.0,,,,,1,4,,8,3.0,12,6,6.0,12,9,,,,,,2.0,,,,1.0,,,,2021
Uxbridge,297,80,,,,2.0,2.0,1.0,1.0,,2.0,,5.0,13,35,21,,,193,,,12,4.0,53,,1.0,17,3.0,38.0,,,,,,,,3,3,,13,1.0,36,8,1.0,24,14,,,,,,4.0,,,,6.0,,,,2021
Warren,143,62,,,,,,,,,,,2.0,9,31,20,,,75,2.0,,3,1.0,21,,,6,,8.0,,,,1.0,2.0,,,3,6,,,1.0,11,9,1.0,6,4,,,,,,1.0,,,,1.0,,,,2021
Webster,912,424,,,,4.0,9.0,8.0,1.0,,6.0,2.0,5.0,109,239,50,,,403,2.0,,44,6.0,116,1.0,2.0,40,2.0,36.0,,,,,7.0,1.0,1.0,9,22,,8,2.0,77,17,10.0,85,66,,,,,,2.0,,,,17.0,,,,2021
West Boylston,93,23,,,,,2.0,2.0,,,2.0,,,9,9,1,,,67,1.0,,2,2.0,9,,,6,2.0,5.0,,3.0,1.0,,,,,7,1,,9,5.0,12,2,,3,,,,,,,,,,,3.0,,,,2021
West Brookfield,48,11,,,,,,,,,,,1.0,4,1,5,,,29,,,,1.0,10,7.0,,1,,1.0,,,,,,,,,2,,1,1.0,1,3,1.0,8,6,1.0,,,,,,,,,1.0,,,,2021
Westborough,487,145,,,,1.0,11.0,5.0,6.0,,2.0,1.0,2.0,22,87,19,,,300,,,22,7.0,56,,3.0,50,4.0,26.0,,1.0,,,2.0,,,21,4,,13,3.0,74,10,4.0,42,31,1.0,,,,,2.0,1.0,1.0,,6.0,,,,2021
Westminster,189,47,,,,,3.0,1.0,2.0,,1.0,,5.0,6,21,11,,,126,,,4,1.0,32,,,16,5.0,21.0,,,,,,,,1,7,,3,,30,4,2.0,16,8,,,,,,3.0,,,,5.0,,,,2021
Winchendon,289,106,,,,,8.0,5.0,2.0,1.0,6.0,3.0,4.0,19,54,12,,,153,,,17,1.0,50,,,12,3.0,17.0,,,,,1.0,,,1,6,,4,,32,6,3.0,30,21,,,,,,3.0,,,,6.0,,,,2021
Worcester,"10,797","3,324",6.0,3.0,,53.0,56.0,50.0,5.0,1.0,42.0,1.0,5.0,959,"1,575",618,4.0,2.0,"7,051",12.0,,745,120.0,"1,665",24.0,28.0,344,319.0,16.0,8.0,177.0,365.0,87.0,191.0,5.0,3.0,398,327,1.0,891,323.0,565,385,52.0,422,273,,,,,,5.0,10.0,,3.0,123.0,8.0,,,2021
Worcester Polytechnic In,53,5,,,,,1.0,1.0,,,,,,2,1,1,,,47,,,1,,17,,1.0,4,,1.0,,,,,,,,,3,,4,,14,,2.0,1,,,,,,,1.0,,,,,,,,2021
Worcester State,32,10,,,,,,,,,,,,,9,1,,,19,,,,1.0,8,,,2,1.0,1.0,,,,,,,,,3,,1,,1,,1.0,3,2,,,,,,1.0,,,,,,,,2021
Worcester State Police,177,22,,,,1.0,,,,,,,,19,2,,,,10,,,,1.0,1,,,,,,,,2.0,,1.0,,,,1,,,,,1,3.0,145,123,1.0,,,,,1.0,,,,20.0,,,,2021
Worcester State Police Holden,,,,,,,,,,,,,,,,,,,,,,,,,,,,,,,,,,,,,,,,,,,,,,,,,,,,,,,,,,,,2021
Worcester State Police Weston,,,,,,,,,,,,,,,,,,,,,,,,,,,,,,,,,,,,,,,,,,,,,,,,,,,,,,,,,,,,2021
Worcester State University,,,,,,,,,,,,,,,,,,,,,,,,,,,,,,,,,,,,,,,,,,,,,,,,,,,,,,,,,,,,2021
Missing,,,,,,,,,,,,,,,,,,,,,,,,,,,,,,,,,,,,,,,,,,,,,,,,,,,,,,,,,,,,2021
MSCPA Police,,,,,,,,,,,,,,,,,,,,,,,,,,,,,,,,,,,,,,,,,,,,,,,,,,,,,,,,,,,,2021
Suffolk University,,,,,,,,,,,,,,,,,,,,,,,,,,,,,,,,,,,,,,,,,,,,,,,,,,,,,,,,,,,,2021
Jurisdiction by Geography,,,,,,,,,,,,,,,,,,,,,,,,,,,,,,,,,,,,,,,,,,,,,,,,,,,,,,,,,,,,2020
Barnstable,"1,831",612,,,,5.0,31.0,18.0,7.0,6.0,16.0,1.0,3.0,146,346,64,,,"1,072",9.0,,55,23.0,227,12.0,3.0,44,40.0,10,2,58.0,258,1.0,12.0,6.0,1.0,56,65,,38,22.0,103,17,10.0,147,113,,,,,,6.0,,,,28.0,,,,2020
Barnstable State Police,,,,,,,,,,,,,,,,,,,,,,,,,,,,,,,,,,,,,,,,,,,,,,,,,,,,,,,,,,,,2020
Barnstable State Police Middleboro,,,,,,,,,,,,,,,,,,,,,,,,,,,,,,,,,,,,,,,,,,,,,,,,,,,,,,,,,,,,2020
Bourne,690,233,,,,1.0,7.0,5.0,,2.0,11.0,,3.0,35,133,43,,,407,1.0,,47,18.0,94,,2.0,40,3.0,39,,,,,2.0,,,29,20,,7,,94,9,2.0,50,37,,,,,,3.0,1.0,,,9.0,,,,2020
Brewster,140,42,,,,,3.0,2.0,1.0,,1.0,1.0,,18,13,6,,,91,,,9,1.0,25,,1.0,13,1.0,7,,,,,1.0,,,,5,,3,,21,2,2.0,7,3,,,,,,3.0,,,,1.0,,,,2020
Cape Cod Community College,,,,,,,,,,,,,,,,,,,,,,,,,,,,,,,,,,,,,,,,,,,,,,,,,,,,,,,,,,,,2020
Chatham,151,40,,,,,1.0,1.0,,,,,,9,23,7,,,110,2.0,,13,,40,,,11,,3,,,,,,,,6,2,,2,,31,,,1,,,,,,,1.0,,,,,,,,2020
Dennis,576,195,,,,1.0,8.0,6.0,2.0,,1.0,,7.0,42,114,22,,,350,2.0,1.0,36,10.0,79,1.0,,34,2.0,34,,2.0,3,,1.0,1.0,2.0,9,15,,17,,89,8,4.0,31,22,1.0,,,,,2.0,1.0,,,5.0,,,,2020
Eastham,117,36,,,,,1.0,1.0,,,1.0,,3.0,10,15,6,,,74,,,3,1.0,21,,2.0,14,,14,,,,,,,,,,,1,1.0,16,1,,7,2,,,,,,3.0,,,,2.0,,,,2020
Falmouth,"1,222",332,,,,1.0,10.0,10.0,,,9.0,,3.0,76,177,56,,,818,4.0,,119,12.0,220,3.0,3.0,57,2.0,149,,,,,4.0,3.0,4.0,31,54,,,,132,13,8.0,72,49,,,1.0,,,7.0,2.0,,,13.0,,,,2020
Harwich,271,85,,,,,5.0,5.0,,,1.0,,1.0,21,54,3,,,183,,,18,3.0,60,1.0,,19,1.0,20,,,,,,,,6,5,,,,44,4,2.0,3,1,,,,,,,,,,2.0,,,,2020
Mashpee,408,116,3.0,,,2.0,4.0,3.0,1.0,,,1.0,3.0,22,52,29,,,259,1.0,,10,5.0,73,3.0,,27,3.0,51,,,,,1.0,1.0,,16,5,,6,,45,6,6.0,33,26,,,,,,2.0,,,,5.0,,,,2020
MBTA - Barnstable County,,,,,,,,,,,,,,,,,,,,,,,,,,,,,,,,,,,,,,,,,,,,,,,,,,,,,,,,,,,,2020
Orleans,198,39,,,,,4.0,2.0,2.0,,,,2.0,8,23,2,,,151,,,9,1.0,36,2.0,,18,2.0,25,,,1,,,,,5,,,4,2.0,40,1,5.0,8,4,,,1.0,,,2.0,,,,1.0,,,,2020
Provincetown,182,51,,,,,9.0,3.0,6.0,,,,,11,25,6,,,119,,,7,6.0,40,,,18,1.0,4,,,,,2.0,,,8,5,,3,,23,1,1.0,12,10,,,,,,,,,,2.0,,,,2020
Sandwich,657,135,,,,,1.0,1.0,,,1.0,2.0,3.0,23,77,28,,,459,,,5,9.0,65,,1.0,43,1.0,266,,,,,1.0,,,5,7,,4,,47,1,4.0,63,51,2.0,,,,,1.0,,,,9.0,,,,2020
Truro,43,17,,,,,,,,,,,1.0,4,7,5,,,24,,,1,1.0,4,,,7,,3,,,,,,,,,1,,2,,5,,,2,,,,,,,,,,,2.0,,,,2020
Wellfleet,63,23,,,,,1.0,1.0,,,2.0,2.0,,6,10,2,,,38,,,1,2.0,15,,,8,,2,,,,,,,,1,2,,,,6,,1.0,2,1,,,,,,,,,,1.0,,,,2020
Yarmouth,932,280,,,,2.0,9.0,5.0,2.0,2.0,4.0,,6.0,75,135,43,5.0,1.0,596,2.0,,50,15.0,111,3.0,2.0,72,10.0,137,,,,,4.0,,1.0,19,17,,23,,116,8,6.0,56,38,,,1.0,,,3.0,,,,14.0,,,,2020
Adams,310,88,,,,1.0,6.0,6.0,,,9.0,,4.0,7,48,13,,,201,2.0,,16,5.0,63,,1.0,16,1.0,10,,,,,1.0,1.0,1.0,7,18,,13,,36,7,3.0,21,9,,,,,,4.0,,,,8.0,,,,2020
Alford,,,,,,,,,,,,,,,,,,,,,,,,,,,,,,,,,,,,,,,,,,,,,,,,,,,,,,,,,,,,2020
Becket,33,18,,,,,,,,,,,3.0,5,9,1,,,14,,,,1.0,3,,,,,2,,,,,,,,,1,,2,,2,2,1.0,1,,,,,,,,,,,1.0,,,,2020
Berkshire State Police,,,,,,,,,,,,,,,,,,,,,,,,,,,,,,,,,,,,,,,,,,,,,,,,,,,,,,,,,,,,2020
Berkshire State Police Northampton,,,,,,,,,,,,,,,,,,,,,,,,,,,,,,,,,,,,,,,,,,,,,,,,,,,,,,,,,,,,2020
Berkshire State Police Weston,,,,,,,,,,,,,,,,,,,,,,,,,,,,,,,,,,,,,,,,,,,,,,,,,,,,,,,,,,,,2020
Cheshire,21,3,,,,,,,,,,,,1,2,,,,17,,,2,,4,,,2,,4,,,,,1.0,1.0,,,,,1,,1,1,,1,,,,,,,,,,,1.0,,,,2020
Clarksburg,,,,,,,,,,,,,,,,,,,,,,,,,,,,,,,,,,,,,,,,,,,,,,,,,,,,,,,,,,,,2020
Dalton,142,52,,,,,,,,,1.0,,1.0,17,22,11,,,87,1.0,,3,3.0,14,,1.0,10,2.0,32,,,1,,,,,2,1,,1,,10,4,2.0,3,2,,,,,,,,,,1.0,,,,2020
Egremont,,,,,,,,,,,,,,,,,,,,,,,,,,,,,,,,,,,,,,,,,,,,,,,,,,,,,,,,,,,,2020
Florida,,,,,,,,,,,,,,,,,,,,,,,,,,,,,,,,,,,,,,,,,,,,,,,,,,,,,,,,,,,,2020
Great Barrington,140,45,,,,1.0,2.0,1.0,1.0,,2.0,,,5,31,4,,,87,2.0,,7,,18,1.0,,8,1.0,2,,,,,2.0,,,14,7,,3,,20,2,,8,5,,,,,,1.0,,,,2.0,,,,2020
Hancock,,,,,,,,,,,,,,,,,,,,,,,,,,,,,,,,,,,,,,,,,,,,,,,,,,,,,,,,,,,,2020
Hinsdale,15,14,,,,,,,,,,,,6,7,1,,,,,,,,,,,,,,,,,,,,,,,,,,,,,1,1,,,,,,,,,,,,,,2020
Lanesboro,,,,,,,,,,,,,,,,,,,,,,,,,,,,,,,,,,,,,,,,,,,,,,,,,,,,,,,,,,,,2020
Lee,184,38,,,,,3.0,2.0,1.0,,1.0,,,11,20,3,,,140,,,11,3.0,21,1.0,1.0,9,1.0,29,,,1,,,1.0,,9,4,,30,,16,2,1.0,6,3,,,,,,1.0,,,,2.0,,,,2020
Lenox,116,32,,,,,1.0,1.0,,,,,,7,18,6,,,82,,,6,3.0,12,,,4,1.0,13,,,,,2.0,3.0,,16,6,,3,,12,,1.0,2,1,,,,,,,,,,1.0,,,,2020
MA College of Liberal Arts,18,6,,,,,1.0,1.0,,,,,,,1,4,,,9,,,,,5,,,,,,,,,,,,,,,,2,,2,,,3,3,,,,,,,,,,,,,,2020
MBTA - Berkshire County,,,,,,,,,,,,,,,,,,,,,,,,,,,,,,,,,,,,,,,,,,,,,,,,,,,,,,,,,,,,2020
Monterey,9,1,,,,,,,,,,,,1,,,,,8,,,1,,3,,,,,2,,,,,,,,,1,,,,1,,,,,,,,,,,,,,,,,,2020
Mount Washington,,,,,,,,,,,,,,,,,,,,,,,,,,,,,,,,,,,,,,,,,,,,,,,,,,,,,,,,,,,,2020
New Ashford,,,,,,,,,,,,,,,,,,,,,,,,,,,,,,,,,,,,,,,,,,,,,,,,,,,,,,,,,,,,2020
New Marlboro,,,,,,,,,,,,,,,,,,,,,,,,,,,,,,,,,,,,,,,,,,,,,,,,,,,,,,,,,,,,2020
North Adams,"1,097",329,,,,3.0,12.0,10.0,2.0,,2.0,,8.0,77,168,59,,,685,6.0,,75,7.0,225,2.0,1.0,45,7.0,39,,,,,9.0,4.0,1.0,82,28,,1,,138,8,7.0,83,55,,,,,,14.0,1.0,,,13.0,,,,2020
Otis,,,,,,,,,,,,,,,,,,,,,,,,,,,,,,,,,,,,,,,,,,,,,,,,,,,,,,,,,,,,2020
Peru,,,,,,,,,,,,,,,,,,,,,,,,,,,,,,,,,,,,,,,,,,,,,,,,,,,,,,,,,,,,2020
Pittsfield,"2,385",677,1.0,,,10.0,37.0,26.0,11.0,,8.0,,7.0,273,281,60,,,"1,583",8.0,,242,23.0,443,6.0,1.0,107,7.0,245,,,1,,34.0,9.0,4.0,89,53,,40,12.0,179,68,12.0,125,71,,,,,,11.0,,,,41.0,2.0,,,2020
Richmond,,,,,,,,,,,,,,,,,,,,,,,,,,,,,,,,,,,,,,,,,,,,,,,,,,,,,,,,,,,,2020
Sandisfield,,,,,,,,,,,,,,,,,,,,,,,,,,,,,,,,,,,,,,,,,,,,,,,,,,,,,,,,,,,,2020
Savoy,,,,,,,,,,,,,,,,,,,,,,,,,,,,,,,,,,,,,,,,,,,,,,,,,,,,,,,,,,,,2020
Sheffield,,,,,,,,,,,,,,,,,,,,,,,,,,,,,,,,,,,,,,,,,,,,,,,,,,,,,,,,,,,,2020
Stockbridge,66,5,,,,,,,,,,,,2,2,1,,,59,,,4,,12,,1.0,7,3.0,10,,,2,,,,,,4,,2,,14,,,2,,,,,,,2.0,,,,,,,,2020
Tyringham,,,,,,,,,,,,,,,,,,,,,,,,,,,,,,,,,,,,,,,,,,,,,,,,,,,,,,,,,,,,2020
Washington,,,,,,,,,,,,,,,,,,,,,,,,,,,,,,,,,,,,,,,,,,,,,,,,,,,,,,,,,,,,2020
West Stockbridge,,,,,,,,,,,,,,,,,,,,,,,,,,,,,,,,,,,,,,,,,,,,,,,,,,,,,,,,,,,,2020
Williamstown,77,13,,,,,,,,,,,2.0,1,7,3,,,61,,,4,,20,,,3,,3,,,,,,,,1,5,,,,21,3,1.0,3,2,,,,,,,,,,1.0,,,,2020
Windsor,,,,,,,,,,,,,,,,,,,,,,,,,,,,,,,,,,,,,,,,,,,,,,,,,,,,,,,,,,,,2020
Acushnet,220,63,,,,1.0,4.0,2.0,2.0,,,,3.0,12,23,20,,,148,1.0,,4,1.0,24,1.0,,20,,72,,,1,,,,,,7,,4,,6,4,3.0,9,3,,,,,,3.0,,,,3.0,,,,2020
Attleboro,"1,980",488,1.0,,,10.0,16.0,12.0,1.0,3.0,22.0,,,99,296,42,2.0,,"1,428",1.0,,68,32.0,238,7.0,26.0,108,29.0,12,3,37.0,342,11.0,22.0,3.0,,107,70,,143,35.0,80,29,25.0,64,31,3.0,,,,,5.0,1.0,1.0,,22.0,1.0,,,2020
Berkley,57,23,,,,,,,,,,,2.0,6,12,2,1.0,,30,,,5,,7,,,2,,3,,,,,,,,,1,,1,,5,5,1.0,4,4,,,,,,,,,,,,,,2020
Bristol Comm College,9,4,,,,,,,,,,,,1,,3,,,5,,,,,2,,,,,,,,,,,,,,1,,,,2,,,,,,,,,,,,,,,,,,2020
Bristol State Police,,,,,,,,,,,,,,,,,,,,,,,,,,,,,,,,,,,,,,,,,,,,,,,,,,,,,,,,,,,,2020
Bristol State Police Framingham,,,,,,,,,,,,,,,,,,,,,,,,,,,,,,,,,,,,,,,,,,,,,,,,,,,,,,,,,,,,2020
Bristol State Police Middleboro,,,,,,,,,,,,,,,,,,,,,,,,,,,,,,,,,,,,,,,,,,,,,,,,,,,,,,,,,,,,2020
Dartmouth,"1,543",396,1.0,,,5.0,12.0,11.0,1.0,,9.0,,1.0,48,220,100,,,"1,105",1.0,,40,14.0,155,,3.0,66,19.0,9,,2.0,310,,12.0,,,146,27,,88,17.0,144,22,30.0,42,28,,,,,,6.0,,,,8.0,,,,2020
Dighton,160,41,,,,,1.0,1.0,,,1.0,,4.0,9,21,4,1.0,,109,,,3,2.0,25,,,5,,51,,,,,,,,,5,,2,,9,4,3.0,10,3,,,,,,2.0,,,,5.0,,,,2020
Easton,742,110,,1.0,,1.0,8.0,7.0,1.0,,4.0,1.0,10.0,19,57,9,,,608,,,22,21.0,55,,1.0,53,5.0,258,,1.0,2,,3.0,3.0,,21,3,,34,2.0,107,13,4.0,24,8,,,,,,9.0,,,,4.0,3.0,,,2020
Fairhaven,744,258,,,,1.0,8.0,6.0,2.0,,1.0,1.0,3.0,47,137,60,,,460,2.0,,25,9.0,98,,1.0,29,5.0,85,,,5,,5.0,2.0,2.0,42,18,,21,,96,12,3.0,26,14,,,,,,4.0,,,,8.0,,,,2020
Fall River,"4,331","1,812",2.0,,,22.0,64.0,49.0,15.0,,23.0,,38.0,629,904,130,,,"1,984",36.0,1.0,359,30.0,498,1.0,4.0,65,4.0,136,,,6,,92.0,5.0,7.0,121,59,,46,2.0,279,187,46.0,535,383,,,6.0,,,23.0,21.0,,,102.0,,,,2020
Freetown,302,94,,,,1.0,1.0,,1.0,,3.0,1.0,5.0,19,44,20,,,195,,,12,12.0,24,1.0,,18,1.0,92,,,1,,,,,3,4,,1,,19,1,6.0,13,6,,,1.0,,,1.0,,,,5.0,,,,2020
Mansfield,746,150,,,,1.0,3.0,2.0,1.0,,2.0,,5.0,29,86,24,,,568,1.0,,11,8.0,62,,,38,6.0,29,13,1.0,297,,3.0,,,18,18,,10,4.0,43,3,3.0,28,20,,,,,,1.0,1.0,,,6.0,,,,2020
MBTA - Bristol County,,,,,,,,,,,,,,,,,,,,,,,,,,,,,,,,,,,,,,,,,,,,,,,,,,,,,,,,,,,,2020
New Bedford,"7,176","2,774",4.0,,,20.0,51.0,29.0,19.0,3.0,46.0,,8.0,439,"1,587",619,,,"3,630",12.0,1.0,298,46.0,974,35.0,4.0,299,22.0,141,197,1.0,2,,106.0,3.0,2.0,229,111,,312,143.0,458,174,60.0,772,584,,,7.0,,,19.0,9.0,1.0,,114.0,38.0,,,2020
North Attleborough,646,129,,,,,5.0,5.0,,,,,,23,93,8,,,504,,,17,3.0,44,1.0,,,33.0,,36,26.0,14,,4.0,,,149,,,56,2.0,108,11,,13,8,,,,,,,,,,5.0,,,,2020
Norton,38,25,,,,,2.0,1.0,1.0,,,,,15,4,4,,,12,,,2,,1,,,2,,2,,,,,1.0,,,1,1,,,,2,,,1,1,,,,,,,,,,,,,,2020
Raynham,308,56,,,,1.0,4.0,2.0,2.0,,1.0,,3.0,13,24,10,,,204,,,8,5.0,17,3.0,,18,2.0,2,,,,,4.0,,1.0,90,3,,5,1.0,34,8,3.0,48,43,,,,,,,,,,5.0,,,,2020
Rehoboth,243,48,,,,,4.0,2.0,2.0,,,,1.0,5,37,1,,,185,,,9,2.0,25,,,8,,82,,2.0,10,,,,,3,2,,3,,27,9,3.0,10,5,,,,,,1.0,1.0,,,3.0,,,,2020
Seekonk,713,106,,,,,2.0,2.0,,,2.0,1.0,6.0,24,51,20,,,558,,,33,13.0,81,2.0,2.0,61,2.0,52,,,,,2.0,2.0,,128,7,,26,2.0,98,32,15.0,49,36,,,,,,1.0,2.0,,,10.0,,,,2020
Somerset,642,146,1.0,,,,12.0,6.0,6.0,,3.0,,15.0,14,74,27,,,462,,,12,11.0,60,,2.0,41,4.0,176,,,1,,4.0,1.0,,32,25,,21,,53,6,13.0,34,23,,,1.0,,,4.0,,,,6.0,,,,2020
Stonehill College,,,,,,,,,,,,,,,,,,,,,,,,,,,,,,,,,,,,,,,,,,,,,,,,,,,,,,,,,,,,2020
Swansea,451,124,,,,,3.0,1.0,2.0,,4.0,1.0,2.0,14,66,34,,,299,,,18,13.0,46,,,48,2.0,53,,,3,1.0,2.0,,1.0,35,10,,12,4.0,30,14,7.0,28,22,,,,,,3.0,,,,3.0,,,,2020
Taunton,"1,311",638,1.0,,,7.0,27.0,22.0,5.0,,11.0,,19.0,196,315,62,,,549,1.0,,58,9.0,162,1.0,,33,6.0,9,,,,,14.0,3.0,2.0,43,31,,29,,94,39,15.0,124,107,,,,,,,,1.0,,16.0,,,,2020
U-Mass Dartmouth,15,5,,,,,,,,,,,,,3,2,,,10,,,3,,4,,,1,,,,,,,,,,,1,,,,1,,,,,,,,,,,,,,,,,,2020
Uncategorized,,,,,,,,,,,,,,,,,,,,,,,,,,,,,,,,,,,,,,,,,,,,,,,,,,,,,,,,,,,,2020
Westport,422,89,,,,,10.0,4.0,6.0,,,2.0,,4,48,25,,,304,,,12,4.0,58,3.0,,17,,130,,,3,,1.0,,,8,5,,15,,35,10,3.0,29,21,,,,,,2.0,1.0,,,5.0,,,,2020
Wheaton College,37,3,,,,,1.0,1.0,,,,,,1,,1,,,33,,,7,,15,,,,1.0,,,,,,,,,,9,,,,1,,,1,1,,,,,,,,,,,,,,2020
Aquinnah,10,5,,,,,1.0,1.0,,,,,,1,3,,,,4,,,,,,,,1,,,,,,,,,,,,,,,3,,,1,,,,,,,,,,,1.0,,,,2020
Chilmark,24,4,,,,,,,,,,,,1,1,2,,,20,,,2,1.0,5,,,5,,,,,,,,,,,1,,,,6,,,,,,,,,,,,,,,,,,2020
Dukes State Police,,,,,,,,,,,,,,,,,,,,,,,,,,,,,,,,,,,,,,,,,,,,,,,,,,,,,,,,,,,,2020
Dukes State Police Middleboro,,,,,,,,,,,,,,,,,,,,,,,,,,,,,,,,,,,,,,,,,,,,,,,,,,,,,,,,,,,,2020
Edgartown,183,69,,,,1.0,2.0,2.0,,,,,,31,29,6,,,106,,,6,3.0,18,,,21,,,,,,,1.0,,,7,4,,1,,44,1,,8,1,,,,,,,,,,7.0,,,,2020
Gosnold,,,,,,,,,,,,,,,,,,,,,,,,,,,,,,,,,,,,,,,,,,,,,,,,,,,,,,,,,,,,2020
MBTA - Dukes County,,,,,,,,,,,,,,,,,,,,,,,,,,,,,,,,,,,,,,,,,,,,,,,,,,,,,,,,,,,,2020
Oak Bluffs,125,47,,,,,6.0,6.0,,,,,,17,21,3,,,74,1.0,,10,3.0,14,,,11,,,,,,,,2.0,,4,1,,,,26,2,,4,4,,,,,,,,,,,,,,2020
Tisbury,160,67,,,,,1.0,1.0,,,,,,15,32,19,,,85,1.0,,6,2.0,24,,,15,,,,,,,,1.0,,8,4,,,,24,,,8,5,,,,,,,,,,3.0,,,,2020
West Tisbury,59,19,,,,,,,,,,,,8,7,4,,,38,,,3,1.0,8,,,8,,,,,,,1.0,1.0,,,3,,,,13,,,2,2,,,,,,,,,,,,,,2020
Amesbury,406,93,1.0,,,,4.0,4.0,,,,,3.0,22,49,14,,,291,,,10,4.0,67,,,42,1.0,108,,,1,,,2.0,2.0,4,9,,3,1.0,32,4,1.0,22,10,,,,,,6.0,,,,6.0,,,,2020
Andover,"1,083",88,,,,,4.0,3.0,1.0,,1.0,,1.0,4,72,6,,,979,,,38,7.0,105,2.0,5.0,55,20.0,2,,9.0,585,5.0,,,,15,9,,28,10.0,76,8,,16,13,1.0,,,,,,,,,2.0,,,,2020
Beverly,482,122,1.0,,,,6.0,6.0,,,3.0,,,50,50,12,,,346,,,11,,79,,1.0,24,22.0,6,,21.0,23,1.0,3.0,2.0,1.0,12,22,,25,2.0,82,9,,14,9,5.0,,,,,,,,,,,,,2020
Boxford,211,3,,,,,,,,,,,,1,1,1,,,207,,,,,35,,,8,11.0,,113,1.0,17,,,,,,2,,1,,19,,,1,,,,,,,1.0,,,,,,,,2020
Danvers,"1,123",248,,,,,5.0,5.0,,,6.0,,1.0,42,144,50,,,839,1.0,,20,31.0,108,13.0,9.0,54,36.0,209,,3.0,,,6.0,2.0,1.0,143,40,1.0,56,18.0,47,29,12.0,36,25,,,,,,4.0,2.0,,,5.0,,,,2020
Endicott College,1,,,,,,,,,,,,,,,,,,1,,,,,,,,,,,,,,,,,,,1,,,,,,,,,,,,,,,,,,,,,,2020
Essex,51,11,,,,,,,,,,,,4,7,,,,37,,,2,,6,,,7,,12,,,1,,,,,,1,,1,,6,1,,3,3,,,,,,,,,,,,,,2020
Essex State Police,,,,,,,,,,,,,,,,,,,,,,,,,,,,,,,,,,,,,,,,,,,,,,,,,,,,,,,,,,,,2020
Essex State Police Framingham,,,,,,,,,,,,,,,,,,,,,,,,,,,,,,,,,,,,,,,,,,,,,,,,,,,,,,,,,,,,2020
Georgetown,266,16,,,,,,,,,,,,4,10,2,,,240,,,6,1.0,23,,,12,4.0,162,,,,,1.0,,,5,5,,4,1.0,16,,,10,1,,,,,,8.0,,,,1.0,,,,2020
Gloucester,556,218,,,,1.0,11.0,11.0,,,7.0,1.0,2.0,58,110,28,,,312,1.0,,12,6.0,62,2.0,,22,4.0,103,,,1,,4.0,4.0,,19,14,,7,,39,9,3.0,26,19,,,1.0,,,1.0,,,,5.0,,,,2020
Gordon College,21,2,,,,,1.0,1.0,,,1.0,,,,,,,,19,,,,,2,,,1,,,,,,,,,,,3,,,,13,,,,,,,,,,,,,,,,,,2020
Groveland,34,9,,,,,,,,,,,,,7,2,,,24,,,,,8,,,2,5.0,2,,,,,,,,1,2,,,,4,,,1,1,,,,,,,,,,,,,,2020
Hamilton,133,12,,,,,,,,,,,,5,2,5,,,120,,,1,2.0,21,,,8,,16,31,22.0,1,,,,,1,4,,,,13,,,1,,,,,,,,,,,1.0,,,,2020
Haverhill,"2,644","1,168",2.0,,,8.0,11.0,11.0,,,,,3.0,276,662,206,,,"1,281",6.0,,150,29.0,354,,3.0,92,45.0,2,,,,,19.0,4.0,,50,17,,58,4.0,356,92,,195,135,,,,,,10.0,1.0,,,49.0,,,,2020
Ipswich,275,49,,1.0,,,1.0,,1.0,,,,,7,24,16,,,212,,,15,6.0,27,,,12,,99,,,3,,,1.0,,3,8,,8,1.0,26,1,2.0,14,6,,,,,,5.0,,,,3.0,,,,2020
Lawrence,"2,742","1,055",5.0,,,14.0,14.0,14.0,,,11.0,,2.0,294,603,112,,,"1,306",,,50,39.0,411,5.0,6.0,57,21.0,,,,13,,53.0,10.0,2.0,37,12,,110,191.0,110,139,40.0,381,254,,,,,,6.0,6.0,5.0,,110.0,,,,2020
Lynn,"3,223","1,276",6.0,,,6.0,24.0,22.0,2.0,,27.0,,4.0,353,775,81,,,"1,743",3.0,,148,29.0,399,,,147,82.0,54,1,,,,55.0,35.0,,102,38,,114,6.0,393,137,,204,116,,,,,,9.0,5.0,,,74.0,,,,2020
Lynnfield,263,36,,,,,2.0,,2.0,,,,2.0,5,19,8,,,223,2.0,,1,4.0,45,,,6,1.0,100,,,,,,3.0,1.0,2,2,,2,,51,3,,4,3,,,,,,,,,,1.0,,,,2020
Manchester-by-the-sea,75,7,,,,,,,,,,,,,4,3,,,65,,,,,14,,,,4.0,7,,20.0,,,,,,,3,,2,1.0,10,1,3.0,3,3,,,,,,,,,,,,,,2020
Marblehead,462,61,,,,,2.0,2.0,,,,,,13,31,15,,,381,1.0,,12,6.0,70,2.0,,37,2.0,124,,,,,,1.0,,7,14,,22,,74,2,7.0,20,8,1.0,,1.0,,,8.0,,,,2.0,,,,2020
MBTA - Essex County,,,,,,,,,,,,,,,,,,,,,,,,,,,,,,,,,,,,,,,,,,,,,,,,,,,,,,,,,,,,2020
Merrimac,71,17,,,,,,,,,,,,2,8,7,,,51,,,2,1.0,11,,,7,3.0,15,,,,,,,,1,3,,,1.0,6,1,,3,,,,,,,,,,,3.0,,,,2020
Merrimack College,,,,,,,,,,,,,,,,,,,,,,,,,,,,,,,,,,,,,,,,,,,,,,,,,,,,,,,,,,,,2020
Methuen,"1,523",297,,,,4.0,5.0,5.0,,,6.0,,1.0,53,207,21,,,"1,175",1.0,,37,33.0,136,,4.0,84,41.0,310,,7.0,127,,4.0,,,88,2,,94,27.0,118,59,3.0,51,29,3.0,,,,,3.0,,,,16.0,,,,2020
Middleton,132,21,,,,,,,,,1.0,,,4,11,5,,,101,,,4,2.0,24,,,11,1.0,33,,,,,,1.0,1.0,5,4,,1,,11,2,1.0,10,4,,,,,,1.0,,,,5.0,,,,2020
Nahant,56,19,,,,,,,,,,,,3,2,14,,,35,,,1,,7,,1.0,8,,1,,,2,,1.0,,,,3,,1,1.0,6,,3.0,2,,,,,,,1.0,,,,1.0,,,,2020
Newbury,164,39,,,,,,,,,,1.0,2.0,13,8,15,,,95,1.0,,6,3.0,16,2.0,1.0,12,,34,,,,,2.0,,1.0,,7,,1,,7,,2.0,30,7,1.0,,,,,19.0,,,,3.0,,,,2020
Newburyport,418,64,,,,1.0,8.0,4.0,3.0,1.0,1.0,,3.0,15,21,15,,,343,1.0,,10,6.0,65,1.0,,33,5.0,136,,,,,,,,20,13,,13,,30,9,1.0,11,4,1.0,,,,,5.0,,,,1.0,,,,2020
North Andover,632,93,,,,,5.0,5.0,,,,,,22,44,22,,,517,1.0,,3,18.0,35,1.0,,48,2.0,295,,1.0,3,1.0,2.0,1.0,1.0,25,9,,4,4.0,57,3,3.0,22,17,,,,,,2.0,,,,3.0,,,,2020
North Shore CC,,,,,,,,,,,,,,,,,,,,,,,,,,,,,,,,,,,,,,,,,,,,,,,,,,,,,,,,,,,,2020
North Shore CC,,,,,,,,,,,,,,,,,,,,,,,,,,,,,,,,,,,,,,,,,,,,,,,,,,,,,,,,,,,,2020
North Shore Community College,,,,,,,,,,,,,,,,,,,,,,,,,,,,,,,,,,,,,,,,,,,,,,,,,,,,,,,,,,,,2020
Northern Essex Community College,,,,,,,,,,,,,,,,,,,,,,,,,,,,,,,,,,,,,,,,,,,,,,,,,,,,,,,,,,,,2020
Peabody,"1,493",348,,,,,14.0,11.0,3.0,,3.0,,3.0,94,177,57,,,"1,110",3.0,,39,11.0,201,,5.0,95,3.0,334,,,,,6.0,1.0,6.0,42,14,,70,1.0,237,35,7.0,35,21,,,,,,4.0,,,,8.0,2.0,,,2020
Rockport,76,33,,,,,,,,,1.0,,,8,12,12,,,38,,,2,1.0,12,,,4,,3,,,,,1.0,,,4,2,,2,,6,,1.0,5,1,,,,,,1.0,,,,3.0,,,,2020
Rowley,136,33,,,,1.0,2.0,2.0,,,1.0,,,5,17,7,,,100,,,7,1.0,9,,,8,,51,,,1,,1.0,,,3,4,,,,10,4,1.0,3,1,,,,,,,1.0,,,1.0,,,,2020
Salem,"2,351",606,1.0,,,2.0,16.0,16.0,,,12.0,,1.0,76,359,139,,,"1,642",6.0,1.0,51,2.0,291,,,190,43.0,,113,24.0,275,,16.0,1.0,1.0,104,12,,113,12.0,342,38,7.0,103,71,5.0,,,,,,,,,26.0,1.0,,,2020
Salem State College,,,,,,,,,,,,,,,,,,,,,,,,,,,,,,,,,,,,,,,,,,,,,,,,,,,,,,,,,,,,2020
Salem State University,48,2,,,,,2.0,2.0,,,,,,,,,,,45,,,3,,12,,,,,,20,,,,,,,,1,,1,,8,,,1,,,,,,,,,,,1.0,,,,2020
Salisbury,334,85,,,,,6.0,4.0,2.0,,,,2.0,14,50,13,,,223,,,20,4.0,52,,,28,1.0,47,,,,,,2.0,,4,7,,10,1.0,35,12,,26,16,,,1.0,,,5.0,2.0,,,2.0,,,,2020
Saugus,868,149,1.0,,,,10.0,7.0,3.0,,2.0,,,48,66,22,,,675,,,23,9.0,119,,1.0,60,4.0,210,,1.0,6,,13.0,,,64,7,,39,6.0,82,24,7.0,44,32,,,,,,,,,,12.0,,,,2020
Swampscott,440,54,,,,,,,,,1.0,,,17,35,1,,,381,,,9,3.0,29,,,82,120.0,,,,,,3.0,4.0,,11,4,,17,,94,5,,5,3,,,,,,,,,,2.0,,,,2020
Topsfield,131,9,,,,,,,,,,,,3,5,1,,,119,,,3,,7,,,13,3.0,82,,,,,,,,1,,,1,,7,2,,3,2,,,,,,,,,,1.0,,,,2020
Wenham,78,7,,,,,1.0,1.0,,,,,,2,1,3,,,71,,,,,10,,,3,,36,,,1,,,,,,5,,4,,12,,,,,,,,,,,,,,,,,,2020
West Newbury,101,16,,,,,,,,,,,,5,6,5,,,75,2.0,,,1.0,31,,,6,,24,,,4,,,,,,2,,,,5,,,10,5,,,,,,2.0,,,,3.0,,,,2020
Ashfield,19,,,,,,,,,,,,,,,,,,18,,,,,2,,,7,,2,,,,,,,,,,,2,,3,2,,1,,,,,,,,,,,1.0,,,,2020
Bernardston,34,7,,,,,,,,,,,,5,1,1,,,25,,,1,,5,,,3,,5,,,,,,,,2,2,,1,,5,1,,2,1,,,,,,,,,,,1.0,,,2020
Buckland,,,,,,,,,,,,,,,,,,,,,,,,,,,,,,,,,,,,,,,,,,,,,,,,,,,,,,,,,,,,2020
Charlemont,,,,,,,,,,,,,,,,,,,,,,,,,,,,,,,,,,,,,,,,,,,,,,,,,,,,,,,,,,,,2020
Colrain,,,,,,,,,,,,,,,,,,,,,,,,,,,,,,,,,,,,,,,,,,,,,,,,,,,,,,,,,,,,2020
Conway,,,,,,,,,,,,,,,,,,,,,,,,,,,,,,,,,,,,,,,,,,,,,,,,,,,,,,,,,,,,2020
Deerfield,96,34,,,,,2.0,2.0,,,,,,4,19,9,,,51,,,3,,15,,1.0,5,,2,,,1,,1.0,,,1,4,,4,,12,1,1.0,11,6,,,,,,1.0,,,,4.0,,,,2020
Erving,98,31,,,,,1.0,,1.0,,,1.0,2.0,4,12,11,,,40,,,3,,14,,1.0,4,,9,,,,,,,,,1,,2,1.0,3,1,1.0,27,22,,,,,,2.0,,,,3.0,,,,2020
Franklin State Police,,,,,,,,,,,,,,,,,,,,,,,,,,,,,,,,,,,,,,,,,,,,,,,,,,,,,,,,,,,,2020
Franklin State Police Holden,,,,,,,,,,,,,,,,,,,,,,,,,,,,,,,,,,,,,,,,,,,,,,,,,,,,,,,,,,,,2020
Franklin State Police Northampton,,,,,,,,,,,,,,,,,,,,,,,,,,,,,,,,,,,,,,,,,,,,,,,,,,,,,,,,,,,,2020
Gill,29,8,,,,,,,,,,,1.0,,2,5,,,21,,,1,,9,,,1,,4,,,,,,,,,1,,,,4,1,,,,,,,,,,,,,,,,,2020
Greenfield,715,199,,,,3.0,19.0,18.0,1.0,,5.0,,3.0,59,90,20,,,427,1.0,,29,7.0,55,5.0,,35,3.0,29,,,,,8.0,7.0,1.0,18,29,,29,,146,19,6.0,89,67,3.0,,,,,6.0,1.0,,,11.0,1.0,,,2020
Greenfield CC,,,,,,,,,,,,,,,,,,,,,,,,,,,,,,,,,,,,,,,,,,,,,,,,,,,,,,,,,,,,2020
Hawley,,,,,,,,,,,,,,,,,,,,,,,,,,,,,,,,,,,,,,,,,,,,,,,,,,,,,,,,,,,,2020
Heath,,,,,,,,,,,,,,,,,,,,,,,,,,,,,,,,,,,,,,,,,,,,,,,,,,,,,,,,,,,,2020
Leverett,11,1,,,,,,,,,,,,1,,,,,10,,,,,5,,,,,,,,1,,,,,,,,,,4,,,,,,,,,,,,,,,,,,2020
Leyden,,,,,,,,,,,,,,,,,,,,,,,,,,,,,,,,,,,,,,,,,,,,,,,,,,,,,,,,,,,,2020
MBTA - Franklin County,,,,,,,,,,,,,,,,,,,,,,,,,,,,,,,,,,,,,,,,,,,,,,,,,,,,,,,,,,,,2020
Monroe,,,,,,,,,,,,,,,,,,,,,,,,,,,,,,,,,,,,,,,,,,,,,,,,,,,,,,,,,,,,2020
Montague,219,78,,,,,3.0,2.0,1.0,,,,2.0,44,27,2,,,133,,,17,2.0,40,,,7,9.0,8,,,,,,1.0,1.0,10,4,,,,30,4,,8,7,,,,,,,,,,1.0,,,,2020
New Salem,,,,,,,,,,,,,,,,,,,,,,,,,,,,,,,,,,,,,,,,,,,,,,,,,,,,,,,,,,,,2020
Northfield,92,13,,,,,,,,,,,2.0,2,3,6,,,70,,,1,1.0,7,,2.0,2,,17,,,2,,,,,,,,20,,17,1,,9,4,,,,,,1.0,,,,4.0,,,,2020
Orange,258,47,,,,1.0,4.0,4.0,,,1.0,,3.0,15,19,4,,,174,2.0,,19,1.0,39,,,14,,2,,,,,,,,67,3,,6,,14,7,,37,29,,,1.0,,,4.0,,,,3.0,,,,2020
Rowe,,,,,,,,,,,,,,,,,,,,,,,,,,,,,,,,,,,,,,,,,,,,,,,,,,,,,,,,,,,,2020
Shelburne,41,10,,,,,,,,,,,,3,7,,,,30,,,3,,10,,,2,,8,,,1,,,,,,1,,3,,2,,,1,1,,,,,,,,,,,,,,2020
Shutesbury,4,2,,,,,1.0,1.0,,,,,,,1,,,,2,,,,,2,,,,,,,,,,,,,,,,,,,,,,,,,,,,,,,,,,,,2020
Sunderland,79,22,,,,,2.0,2.0,,,,,,6,12,2,,,51,,,3,,12,,,6,,21,,1.0,,,,,,,2,,1,2.0,2,1,,6,5,,,,,,,,,,1.0,,,,2020
Warwick,,,,,,,,,,,,,,,,,,,,,,,,,,,,,,,,,,,,,,,,,,,,,,,,,,,,,,,,,,,,2020
Wendell,,,,,,,,,,,,,,,,,,,,,,,,,,,,,,,,,,,,,,,,,,,,,,,,,,,,,,,,,,,,2020
Whately,25,4,,,,,,,,,,,,4,,,,,19,,,3,,1,,,,,6,1,,,,,,,1,1,,1,2.0,2,1,,2,1,,,,,,,,,,1.0,,,,2020
Agawam,"1,166",234,,,,,11.0,10.0,1.0,,7.0,,4.0,52,116,44,,,878,2.0,,117,14.0,157,,,76,2.0,246,1,,46,,4.0,2.0,2.0,18,11,,7,26.0,112,28,7.0,54,39,,,1.0,,,3.0,,,,11.0,,,,2020
Blandford,,,,,,,,,,,,,,,,,,,,,,,,,,,,,,,,,,,,,,,,,,,,,,,,,,,,,,,,,,,,2020
Brimfield,,,,,,,,,,,,,,,,,,,,,,,,,,,,,,,,,,,,,,,,,,,,,,,,,,,,,,,,,,,,2020
Chester,,,,,,,,,,,,,,,,,,,,,,,,,,,,,,,,,,,,,,,,,,,,,,,,,,,,,,,,,,,,2020
Chicopee,"3,584","1,184",3.0,1.0,,6.0,25.0,20.0,5.0,,7.0,1.0,24.0,226,608,283,,,"2,219",4.0,,190,25.0,415,3.0,5.0,107,5.0,394,,1.0,2,,42.0,3.0,3.0,151,75,,11,6.0,627,119,31.0,181,105,1.0,,,,,25.0,,,,50.0,,,,2020
East Longmeadow,582,86,,,,2.0,4.0,4.0,,,1.0,,2.0,5,52,20,,,479,3.0,,19,5.0,52,1.0,1.0,50,1.0,162,,,,,3.0,,,60,7,,21,2.0,66,17,9.0,17,14,,,,,,,,,,3.0,,,,2020
Granville,8,1,,,,,,,,,,,,,1,,,,5,,,1,,,,,,,,,,1,,,,,,,,1,,1,1,,2,1,,,,,,,,,,1.0,,,,2020
Hampden,96,12,,,,,,,,,,,,2,7,3,,,82,,,6,,21,,,18,,14,,,,,1.0,,1.0,,2,,7,1.0,10,1,,2,1,,,,,,,,,,,1.0,,,2020
Hampden State Police,,,,,,,,,,,,,,,,,,,,,,,,,,,,,,,,,,,,,,,,,,,,,,,,,,,,,,,,,,,,2020
Hampden State Police Northampton,,,,,,,,,,,,,,,,,,,,,,,,,,,,,,,,,,,,,,,,,,,,,,,,,,,,,,,,,,,,2020
Hampden State Police Weston,,,,,,,,,,,,,,,,,,,,,,,,,,,,,,,,,,,,,,,,,,,,,,,,,,,,,,,,,,,,2020
Holland,52,16,,,,,,,,,,,1.0,3,11,1,,,26,,,3,1.0,2,6.0,,3,,1,1,,,,,,,1,2,,2,1.0,2,,1.0,10,7,,,,,,1.0,,,,2.0,,,,2020
Holyoke,"3,603","1,007",8.0,,,4.0,17.0,14.0,3.0,,9.0,5.0,7.0,277,536,144,,,"2,296",6.0,,203,14.0,572,,,50,209.0,28,,1.0,4,,66.0,9.0,7.0,316,23,,119,1.0,537,109,22.0,300,206,,,3.0,,,7.0,,,,83.0,1.0,,,2020
Holyoke Community College,22,6,,,,,,,,,,,,,1,5,,,15,,,,1.0,5,,,2,,1,,,,,,,,,5,,1,,,,,1,,,,,,,1.0,,,,,,,,2020
Longmeadow,539,37,,,,1.0,2.0,2.0,,,,1.0,4.0,3,17,9,,,494,,,26,6.0,44,,1.0,29,2.0,264,,,1,,,,,7,14,,9,2.0,74,12,3.0,8,5,,,,,,1.0,,,,2.0,,,,2020
Ludlow,771,175,,,,,3.0,,3.0,,1.0,,,61,88,22,,,564,1.0,,31,11.0,109,3.0,1.0,19,3.0,149,,1.0,,,2.0,6.0,,47,1,,39,4.0,120,15,2.0,32,20,,,,,,1.0,,,,11.0,,,,2020
MBTA - Hampden County,,,,,,,,,,,,,,,,,,,,,,,,,,,,,,,,,,,,,,,,,,,,,,,,,,,,,,,,,,,,2020
Monson,285,88,,,,1.0,2.0,,2.0,,1.0,,1.0,14,50,19,,,146,,,13,4.0,29,1.0,1.0,11,1.0,44,,1.0,,,,2.0,,2,7,,1,,12,11,6.0,51,45,,,,,,4.0,,,,2.0,,,,2020
Montgomery,,,,,,,,,,,,,,,,,,,,,,,,,,,,,,,,,,,,,,,,,,,,,,,,,,,,,,,,,,,,2020
Palmer,535,178,,,,,9.0,8.0,1.0,,,,1.0,35,119,14,,,296,1.0,,26,7.0,77,,1.0,13,1.0,78,,,2,,1.0,,1.0,8,4,,5,3.0,59,4,5.0,61,45,,,,,,2.0,,,,12.0,2.0,,,2020
Russell,,,,,,,,,,,,,,,,,,,,,,,,,,,,,,,,,,,,,,,,,,,,,,,,,,,,,,,,,,,,2020
Southwick,227,63,,,,,3.0,2.0,1.0,,,2.0,,13,36,9,,,150,,,21,6.0,42,,,13,1.0,14,,,1,,,,1.0,1,4,,8,,28,9,1.0,14,8,1.0,,,,,1.0,,,,4.0,,,,2020
Springfield,"13,357","5,235",18.0,,,61.0,70.0,47.0,15.0,8.0,64.0,,11.0,"1,066","2,663","1,281",1.0,,"7,065",34.0,1.0,618,77.0,"1,836",11.0,24.0,162,214.0,280,26,75.0,10,2.0,353.0,27.0,19.0,373,429,2.0,823,399.0,675,511,84.0,"1,057",376,,3.0,2.0,,,23.0,1.0,,,642.0,10.0,,,2020
Springfield College,6,,,,,,,,,,,,,,,,,,6,,,1,,2,,,,1.0,,,,,,,,,,1,,,1.0,,,,,,,,,,,,,,,,,,,2020
Springfield Technical Community College,6,,,,,,,,,,,,,,,,,,6,,,1,,3,,,,,,,,,,,,,,,,,,2,,,,,,,,,,,,,,,,,,2020
Tolland,,,,,,,,,,,,,,,,,,,,,,,,,,,,,,,,,,,,,,,,,,,,,,,,,,,,,,,,,,,,2020
Wales,8,1,,,,,,,,,,,,,,1,,,6,,,,,,2.0,,2,,1,,,,,,,,,,,,,1,,,1,,,,,,,,,,,1.0,,,,2020
West Springfield,"2,035",340,,,,3.0,15.0,8.0,6.0,1.0,12.0,,7.0,94,160,48,,1.0,"1,588",7.0,1.0,77,19.0,230,1.0,2.0,66,9.0,259,,1.0,,,27.0,3.0,3.0,283,30,,133,6.0,331,77,23.0,107,89,1.0,,2.0,,,3.0,1.0,,,11.0,,,,2020
Western New England Coll,15,9,,,,,,,,,4.0,,,3,2,,,,5,,,,,2,,1.0,,,,,,1,,,,,,,,,,1,,,1,,1.0,,,,,,,,,,,,,2020
Western New England University,,,,,,,,,,,,,,,,,,,,,,,,,,,,,,,,,,,,,,,,,,,,,,,,,,,,,,,,,,,,2020
Westfield,963,304,,,,,23.0,11.0,12.0,,6.0,,4.0,57,141,73,,,624,3.0,,46,7.0,164,1.0,2.0,28,2.0,55,,,,,3.0,1.0,1.0,26,192,,41,1.0,20,18,13.0,35,20,,,,,,5.0,,,,10.0,,,,2020
Westfield State College,37,10,,,,1.0,,,,,2.0,,,1,4,2,,,18,,,1,1.0,8,,1.0,2,,,,,,,,,,,2,,,,1,,2.0,9,7,2.0,,,,,,,,,,,,,2020
Wilbraham,455,95,,,,,7.0,7.0,,,1.0,,,13,40,34,,,339,1.0,,18,11.0,60,,,27,1.0,30,,,1,1.0,2.0,,,75,6,,22,6.0,62,8,8.0,21,12,,,,,,2.0,,,,6.0,1.0,,,2020
Amherst,386,150,,,,,20.0,20.0,,,4.0,,3.0,38,76,9,,,205,1.0,,19,1.0,51,1.0,,32,,4,,,,,4.0,,,13,2,,5,,55,14,3.0,31,25,,,,,,2.0,,,,3.0,1.0,,,2020
Amherst College,71,14,,,,,3.0,3.0,,,3.0,,,3,5,,,,57,1.0,,4,,35,,,,,,,,,,,,,,5,,1,,10,1,,,,,,,,,,,,,,,,,2020
Belchertown,473,65,,,,,1.0,1.0,,,1.0,1.0,,23,31,8,,,402,,,16,2.0,41,,,30,3.0,240,,,,,,1.0,,5,,,6,,48,10,,6,,,,,,,3.0,,,,3.0,,,,2020
Chesterfield,4,,,,,,,,,,,,,,,,,,4,,,1,,,,,,,2,,,,,,,,,1,,,,,,,,,,,,,,,,,,,,,,2020
Cummington,,,,,,,,,,,,,,,,,,,,,,,,,,,,,,,,,,,,,,,,,,,,,,,,,,,,,,,,,,,,2020
Easthampton,566,86,,,,,11.0,8.0,2.0,1.0,2.0,1.0,6.0,15,42,9,,,461,3.0,,13,5.0,59,1.0,,22,5.0,138,,,1,,,,,10,13,,72,6.0,98,13,2.0,19,11,,,,,,4.0,1.0,,,3.0,,,,2020
Goshen,13,,,,,,,,,,,,,,,,,,13,,,1,1.0,2,,,1,,1,,,4,,,,,,,,,,2,,1.0,,,,,,,,,,,,,,,,2020
Granby,152,26,1.0,,,,2.0,2.0,,,,1.0,3.0,5,13,1,,,121,,,5,4.0,15,,,4,1.0,55,,,1,,,,,6,1,,6,2.0,17,2,2.0,5,2,,,,,,1.0,,,,2.0,,,,2020
Hadley,343,70,,,,,2.0,2.0,,,2.0,,,22,19,25,,,253,1.0,,8,3.0,40,,1.0,12,,28,1,,,,3.0,,1.0,96,5,,11,,34,6,3.0,20,12,,,,,,6.0,,,,2.0,,,,2020
Hampshire College,,,,,,,,,,,,,,,,,,,,,,,,,,,,,,,,,,,,,,,,,,,,,,,,,,,,,,,,,,,,2020
Hampshire College,,,,,,,,,,,,,,,,,,,,,,,,,,,,,,,,,,,,,,,,,,,,,,,,,,,,,,,,,,,,2020
Hampshire State Police,,,,,,,,,,,,,,,,,,,,,,,,,,,,,,,,,,,,,,,,,,,,,,,,,,,,,,,,,,,,2020
Hampshire State Police Northampton,,,,,,,,,,,,,,,,,,,,,,,,,,,,,,,,,,,,,,,,,,,,,,,,,,,,,,,,,,,,2020
Hatfield,89,7,,,,,,,,,,,,1,5,1,,,82,,,3,1.0,12,,,9,,40,,,,,,,,1,,,6,,9,1,,,,,,,,,,,,,,,,,2020
Huntington,,,,,,,,,,,,,,,,,,,,,,,,,,,,,,,,,,,,,,,,,,,,,,,,,,,,,,,,,,,,2020
MBTA - Hampshire County,,,,,,,,,,,,,,,,,,,,,,,,,,,,,,,,,,,,,,,,,,,,,,,,,,,,,,,,,,,,2020
Middlefield,,,,,,,,,,,,,,,,,,,,,,,,,,,,,,,,,,,,,,,,,,,,,,,,,,,,,,,,,,,,2020
Mt. Holyoke College,,,,,,,,,,,,,,,,,,,,,,,,,,,,,,,,,,,,,,,,,,,,,,,,,,,,,,,,,,,,2020
Mt. Holyoke College,20,1,,,,,,,,,,,,,,1,,,16,,,2,,1,,,3,,2,,,,,,,,,4,,,,4,,,3,3,,,,,,,,,,,,,,2020
Northampton,"1,321",308,,,,3.0,13.0,12.0,1.0,,6.0,,4.0,69,185,28,,,953,5.0,,51,10.0,170,1.0,,62,7.0,199,,1.0,3,,10.0,2.0,5.0,115,81,,41,50.0,112,16,12.0,60,37,,,,,,9.0,,,,14.0,,,,2020
Pelham,15,,,,,,,,,,,,,,,,,,15,,,,,,,,,,12,,,1,,,,,,,,1,,1,,,,,,,,,,,,,,,,,,2020
Plainfield,,,,,,,,,,,,,,,,,,,,,,,,,,,,,,,,,,,,,,,,,,,,,,,,,,,,,,,,,,,,2020
Smith College,19,1,,,,,,,,,,,,1,,,,,18,,,1,,4,,,,,,,,,,,,,,4,,,,8,1,,,,,,,,,,,,,,,,,2020
Smith College,,,,,,,,,,,,,,,,,,,,,,,,,,,,,,,,,,,,,,,,,,,,,,,,,,,,,,,,,,,,2020
South Hadley,772,184,,,,1.0,6.0,5.0,1.0,,1.0,,2.0,33,109,32,,,572,4.0,,33,4.0,69,,1.0,25,2.0,213,,,2,,2.0,,,10,5,,50,9.0,106,34,3.0,16,9,,,,,,2.0,,,,5.0,,,,2020
Southampton,219,10,,,,,,,,,,,,5,4,1,,,203,,,5,1.0,16,,,12,,83,,,3,,1.0,,,4,4,,13,,59,2,,6,2,,,,,,2.0,,,,2.0,,,,2020
U-Mass Amherst,144,18,,,,,,,,,1.0,,,1,8,8,,,125,,,9,1.0,33,,1.0,13,,2,,1.0,,,,,,,12,,1,,49,,3.0,1,1,,,,,,,,,,,,,,2020
Ware,218,89,,,,1.0,1.0,1.0,,,1.0,,2.0,32,44,8,,,92,3.0,,4,1.0,43,,,7,1.0,,,,,,3.0,,,15,2,,1,,9,3,,37,33,,,,,,,,,,4.0,,,,2020
Westhampton,,,,,,,,,,,,,,,,,,,,,,,,,,,,,,,,,,,,,,,,,,,,,,,,,,,,,,,,,,,,2020
Williamsburg,42,9,,,,,1.0,,1.0,,,,,2,5,1,,,29,,,3,,8,,,3,2.0,2,,,,,,,,1,1,,,2.0,6,1,,4,2,,,,,,1.0,,,,1.0,,,,2020
Worthington,9,,,,,,,,,,,,,,,,,,9,,,,,2,,,,,2,,,,,,,,,,,1,,2,2,,,,,,,,,,,,,,,,,2020
Acton,819,79,,,,,1.0,1.0,,,,,2.0,14,46,16,,,733,2.0,,17,6.0,61,2.0,8.0,106,25.0,,,2.0,387,,1.0,,,9,23,,14,8.0,56,4,2.0,7,5,,,,,,2.0,,,,,,,,2020
Arlington,435,119,,,,,1.0,1.0,,,6.0,,,23,63,26,,,303,1.0,,23,5.0,62,,,32,,62,,,,,2.0,3.0,,31,9,,25,1.0,30,17,,13,9,,,,,,1.0,,,,3.0,,,,2020
Ashby,88,4,,,,,2.0,2.0,,,,,,2,,,,,82,,,4,,12,,,36,3.0,8,,,,,,,,,,,,1.0,16,2,,2,,,,,,,,,,,2.0,,,,2020
Ashland,276,75,,,,,2.0,1.0,1.0,,,,,15,20,38,,,184,,,15,3.0,36,,,27,3.0,19,,,,,2.0,,,12,12,,17,3.0,11,20,4.0,17,9,,,,,,3.0,,,,5.0,,,,2020
Ayer,184,57,,,,,,,,,,,4.0,7,37,9,,,109,1.0,,6,3.0,33,,3.0,17,,8,,,,,1.0,,,1,3,,5,,24,1,3.0,18,12,,,,,,4.0,,,,2.0,,,,2020
Bedford,133,27,,,,2.0,1.0,1.0,,,1.0,,,9,11,3,,,96,,,12,2.0,17,,,11,,,,,,,1.0,,,4,5,,6,,34,4,,10,6,,,,,,,,,,4.0,,,,2020
Belmont,894,56,,,,,2.0,2.0,,,,,,12,30,12,,,832,1.0,,86,11.0,31,,3.0,523,,74,,,,,3.0,1.0,,2,7,,,,83,7,,6,3,,,,,,,,,,3.0,,,,2020
Bentley College,38,2,,,,,1.0,1.0,,,,,,1,,,,,21,,,2,,3,,,5,,,,,,,,,,,3,2.0,,2.0,4,,,15,15,,,,,,,,,,,,,,2020
Billerica,963,140,1.0,,,1.0,1.0,1.0,,,2.0,,,31,86,18,,,776,1.0,,21,16.0,116,,4.0,19,24.0,1,,46.0,357,6.0,1.0,,,10,24,,37,18.0,48,25,2.0,47,21,8.0,,,,,7.0,,,,8.0,3.0,,,2020
Boston and Maine Railroad Police Dept,,,,,,,,,,,,,,,,,,,,,,,,,,,,,,,,,,,,,,,,,,,,,,,,,,,,,,,,,,,,2020
Boston College,79,10,,,,,1.0,1.0,,,3.0,,,,4,2,,,59,1.0,,9,,14,,,,,,,,,,,,,,9,,,,23,1,2.0,10,8,,,,,,,,,,2.0,,,,2020
Boston College(Old ORI pre-2011),,,,,,,,,,,,,,,,,,,,,,,,,,,,,,,,,,,,,,,,,,,,,,,,,,,,,,,,,,,,2020
Boxborough,65,25,,,,1.0,,,,,,,,6,9,9,,,36,,,1,1.0,12,,,10,,6,,,,,,,,1,1,,1,,3,,,4,3,,,,,,1.0,,,,,,,,2020
Brandeis University,,,,,,,,,,,,,,,,,,,,,,,,,,,,,,,,,,,,,,,,,,,,,,,,,,,,,,,,,,,,2020
Brandeis University,,,,,,,,,,,,,,,,,,,,,,,,,,,,,,,,,,,,,,,,,,,,,,,,,,,,,,,,,,,,2020
Burlington,711,154,,,,2.0,12.0,9.0,3.0,,4.0,,2.0,29,75,30,,,530,,,20,16.0,81,2.0,3.0,71,23.0,68,,1.0,2,,4.0,7.0,5.0,65,10,,21,,112,11,8.0,27,13,,,2.0,,,6.0,1.0,,,4.0,1.0,,,2020
Cambridge,"6,015","1,194",1.0,,,7.0,25.0,25.0,,,1.0,,3.0,262,535,360,,,"4,715",13.0,,204,68.0,421,,19.0,854,18.0,926,,,,,67.0,61.0,,221,196,,325,8.0,"1,200",82,32.0,106,61,,,,,,14.0,,,,31.0,,,,2020
Carlisle,122,14,,,,,,,,,,,,1,13,,,,105,,,1,,10,,,9,,71,,,1,,,,,,1,,2,,10,,,3,,,,,,,2.0,,,,1.0,,,,2020
Chelmsford,"1,165",90,,,,2.0,7.0,5.0,1.0,1.0,7.0,,,24,42,8,,,"1,051",,,20,7.0,80,1.0,,8,28.0,395,,60.0,156,5.0,2.0,1.0,,103,14,,35,8.0,103,22,3.0,24,13,,,,,,5.0,1.0,,1.0,3.0,1.0,,,2020
Concord,550,57,,,,,3.0,2.0,,1.0,1.0,,3.0,10,27,13,,,480,,,10,9.0,44,1.0,,37,6.0,237,,,5,,1.0,1.0,,18,13,,12,,79,1,6.0,13,7,4.0,,,,,1.0,,,,1.0,,,,2020
Dracut,901,167,,,,,1.0,1.0,,,1.0,,,31,122,12,,,713,2.0,,23,7.0,94,1.0,,49,19.0,218,15,1.0,23,,4.0,2.0,,36,25,,85,13.0,58,35,3.0,21,15,,,,,,1.0,,,,3.0,2.0,,,2020
Dunstable,62,12,,,,,2.0,2.0,,,,,,2,7,1,,,43,2.0,,3,,6,,1.0,7,,7,,,,,,,,,1,,3,,12,,1.0,7,6,,,,,,,,,,1.0,,,,2020
Everett,"1,644",397,,,,4.0,26.0,23.0,2.0,1.0,5.0,1.0,,138,126,97,,,"1,154",1.0,,79,6.0,239,1.0,4.0,51,33.0,2,8,8.0,78,1.0,17.0,3.0,2.0,86,30,,171,8.0,227,82,17.0,93,53,18.0,1.0,,1.0,,3.0,,,,17.0,,,,2020
Framingham,"2,515",588,2.0,,,3.0,14.0,9.0,,5.0,4.0,,1.0,230,326,8,,,"1,820",4.0,,112,21.0,379,,1.0,,30.0,402,,,,,20.0,31.0,1.0,61,43,5.0,244,,315,133,18.0,107,72,,,,,,5.0,3.0,,,27.0,,,,2020
Framingham SC,,,,,,,,,,,,,,,,,,,,,,,,,,,,,,,,,,,,,,,,,,,,,,,,,,,,,,,,,,,,2020
Framingham State University,,,,,,,,,,,,,,,,,,,,,,,,,,,,,,,,,,,,,,,,,,,,,,,,,,,,,,,,,,,,2020
Groton,182,51,,,,,1.0,1.0,,,1.0,,,3,10,36,,,127,,,6,2.0,23,,,8,,58,,1.0,,,,,,,9,,1,,18,1,,4,1,,,,,,2.0,,,,1.0,,,,2020
Harvard University,7,,,,,,,,,,,,,,,,,,7,,,1,,1,,,,,,,,,,,,,,2,,,,3,,,,,,,,,,,,,,,,,,2020
Holliston,151,48,,,,,4.0,1.0,3.0,,,,,9,33,2,,,99,,,9,,18,,,8,2.0,14,,,,,,1.0,,2,1,,8,,27,7,2.0,4,3,,,,,,,,,,1.0,,,,2020
Hopkinton,500,33,,,,,,,,,,,,5,28,,,,464,,,,1.0,18,,,17,,,,,398,,,,,4,3,,2,,18,2,1.0,3,3,,,,,,,,,,,,,,2020
Hudson,171,51,,,,,2.0,2.0,,,,2.0,,18,16,12,,1.0,109,1.0,,4,4.0,22,1.0,,4,,5,,,1,,1.0,,1.0,52,7,,,,4,2,,11,8,,,,,,1.0,1.0,,,1.0,,,,2020
Lasell College,29,2,,,,,1.0,1.0,,,,,,,1,,,,27,,,1,,10,,3.0,4,,,,,3,1.0,,,,1,3,,,,1,,,,,,,,,,,,,,,,,,2020
Lexington,280,54,,,,,1.0,1.0,,,3.0,,,10,36,4,,,222,,,24,3.0,45,,,30,11.0,5,,,2,,2.0,,,1,,,25,9.0,58,3,4.0,4,1,,,,,,1.0,1.0,,,1.0,,,,2020
Lincoln,139,15,,,,,,,,,1.0,,,2,11,1,,,116,,,,,4,,1.0,4,4.0,,1,1.0,81,,,,,1,1,,2,1.0,15,,,8,5,,,,,,,,,,3.0,,,,2020
Littleton,142,33,,,,,2.0,1.0,1.0,,1.0,,2.0,4,19,5,,,99,,,3,4.0,19,,,10,,25,,,,,,,,7,7,,2,,18,2,2.0,10,7,,,,,,2.0,,,,1.0,,,,2020
Lowell,"5,169","1,682",6.0,,,10.0,19.0,15.0,4.0,,20.0,,,260,"1,277",90,,,"3,177",12.0,,231,23.0,714,,10.0,146,119.0,363,,14.0,7,,68.0,,,140,18,,300,133.0,617,228,34.0,310,212,,,,,,3.0,2.0,,,88.0,5.0,,,2020
Malden,"1,772",489,2.0,,,6.0,6.0,6.0,,,13.0,,1.0,124,310,27,,,"1,251",4.0,,105,23.0,227,,1.0,64,59.0,,,,43,,34.0,13.0,,56,26,,234,15.0,244,102,1.0,32,10,,,,,,3.0,1.0,1.0,,17.0,,,,2020
Marlborough,"1,476",493,1.0,,,1.0,21.0,15.0,4.0,2.0,16.0,,8.0,123,239,84,,,918,5.0,,30,17.0,197,3.0,3.0,115,7.0,177,,,1,,6.0,,,28,35,,47,3.0,205,29,10.0,65,41,,,,,,10.0,1.0,,,13.0,,,,2020
Maynard,247,53,,,,,5.0,5.0,,,1.0,,2.0,12,17,16,,,180,1.0,,4,2.0,29,1.0,,20,2.0,68,,,,,,,,2,5,,1,,34,8,3.0,14,9,,,,,,2.0,,,,3.0,,,,2020
MBTA - Middlesex County,,,,,,,,,,,,,,,,,,,,,,,,,,,,,,,,,,,,,,,,,,,,,,,,,,,,,,,,,,,,2020
Medford,"1,662",336,,,,5.0,2.0,2.0,,,,,,53,196,80,,,"1,282",3.0,,38,16.0,118,10.0,3.0,17,48.0,1,411,28.0,55,1.0,17.0,5.0,1.0,83,30,,105,72.0,176,40,4.0,44,27,,,,,,3.0,1.0,,,12.0,1.0,,,2020
Melrose,330,80,,,,1.0,1.0,1.0,,,,,1.0,20,44,13,,,241,1.0,,18,3.0,70,,,15,1.0,5,,,,,5.0,,1.0,1,8,,36,2.0,62,8,5.0,9,7,,,,,,1.0,,,,1.0,,,,2020
Middlesex State Police,,,,,,,,,,,,,,,,,,,,,,,,,,,,,,,,,,,,,,,,,,,,,,,,,,,,,,,,,,,,2020
Middlesex State Police Framingham,,,,,,,,,,,,,,,,,,,,,,,,,,,,,,,,,,,,,,,,,,,,,,,,,,,,,,,,,,,,2020
Middlesex State Police Holden,,,,,,,,,,,,,,,,,,,,,,,,,,,,,,,,,,,,,,,,,,,,,,,,,,,,,,,,,,,,2020
Middlesex State Police Weston,,,,,,,,,,,,,,,,,,,,,,,,,,,,,,,,,,,,,,,,,,,,,,,,,,,,,,,,,,,,2020
MIT,167,20,,,,,1.0,1.0,,,,,,,15,4,,,145,,,23,,21,,1.0,4,,,,,,,,1.0,,,6,,1,,88,,,2,1,,,,,,,,,,1.0,,,,2020
Mount IDA College,,,,,,,,,,,,,,,,,,,,,,,,,,,,,,,,,,,,,,,,,,,,,,,,,,,,,,,,,,,,2020
Natick,"1,487",153,,,,,1.0,1.0,,,2.0,,2.0,24,101,23,,,"1,309",1.0,,21,10.0,113,3.0,3.0,61,15.0,659,,,,,9.0,1.0,1.0,69,42,,77,15.0,176,30,3.0,25,11,,,,,,6.0,1.0,,,7.0,,,,2020
Newton,"2,192",226,,,,1.0,4.0,4.0,,,7.0,,,36,148,30,,,"1,954",,,51,31.0,128,4.0,2.0,119,33.0,,,8.0,"1,115",2.0,8.0,1.0,,56,80,,122,11.0,153,15,15.0,12,8,,,,,,1.0,,,,3.0,,,,2020
North Reading,160,33,,,,,1.0,1.0,,,,,,9,13,10,,,118,,,3,12.0,26,,,20,1.0,9,,,,,2.0,,,13,4,,4,,19,3,2.0,9,5,,,1.0,,,2.0,,,,1.0,,,,2020
Pepperell,356,59,,,,,4.0,4.0,,,1.0,1.0,1.0,13,26,13,,,280,2.0,,6,7.0,47,,2.0,27,3.0,136,,,,,1.0,,1.0,2,3,,11,,29,3,,17,9,,,,,,4.0,,,,4.0,,,,2020
Reading,302,40,,,,,2.0,2.0,,,,,,9,20,9,,,233,,,12,2.0,43,,1.0,,27.0,,,,49,,,40.0,8.0,7,17,,16,,,11,,29,15,10.0,,,,,2.0,,,,2.0,,,,2020
Regis College,,,,,,,,,,,,,,,,,,,,,,,,,,,,,,,,,,,,,,,,,,,,,,,,,,,,,,,,,,,,2020
Regis College,,,,,,,,,,,,,,,,,,,,,,,,,,,,,,,,,,,,,,,,,,,,,,,,,,,,,,,,,,,,2020
Regis College,,,,,,,,,,,,,,,,,,,,,,,,,,,,,,,,,,,,,,,,,,,,,,,,,,,,,,,,,,,,2020
Sherborn,52,15,,,,,,,,,,,,7,5,3,,,33,,,3,,7,,,4,,7,,,,,,,,,,,1,,7,1,3.0,4,3,,,,,,1.0,,,,,,,,2020
Shirley,149,49,,,,,4.0,3.0,1.0,,,,4.0,15,15,11,,,84,,,7,1.0,16,,1.0,6,,22,1,,,,2.0,1.0,,,1,,,,21,3,2.0,16,9,1.0,,,,,3.0,,,,3.0,,,,2020
Somerville,"2,050",355,1.0,,,1.0,14.0,14.0,,,11.0,,2.0,126,185,15,,,"1,636",2.0,,120,29.0,203,,2.0,65,312.0,,,,,,17.0,25.0,,63,56,,151,,496,95,,59,24,,,,,,7.0,,,,28.0,,,,2020
Stoneham,663,100,,,,1.0,4.0,4.0,,,6.0,,,15,52,22,,,549,1.0,,39,9.0,50,,1.0,181,2.0,129,,,,,,,,13,9,,,,88,22,5.0,14,8,,,,,,2.0,,,,4.0,,,,2020
Stow,104,19,,,,,1.0,1.0,,,1.0,,,3,6,8,,,78,,,,2.0,9,1.0,1.0,6,1.0,22,,,,,,,,,4,,4,,18,5,5.0,7,5,,,,,,,,,,2.0,,,,2020
Sudbury,592,44,,,,2.0,,,,,1.0,,,14,23,4,,,540,,,7,4.0,24,2.0,2.0,30,2.0,398,,,1,,,,,8,12,,11,1.0,27,7,4.0,8,4,,,,,,3.0,,,,1.0,,,,2020
Tewksbury,"1,118",274,,,,5.0,10.0,9.0,1.0,,2.0,,7.0,56,140,54,,,738,,,27,11.0,88,,3.0,68,4.0,174,,1.0,,,7.0,1.0,2.0,114,31,,21,,143,24,19.0,106,87,,,,,,5.0,1.0,,,13.0,,,,2020
Townsend,251,61,,,,,1.0,1.0,,,2.0,,4.0,18,24,12,,,175,2.0,,7,4.0,25,1.0,1.0,16,2.0,78,,1.0,1,,,,,3,7,,8,,16,1,2.0,15,4,,,,,,6.0,1.0,,,4.0,,,,2020
Tufts University Medford,48,7,,,,,,,,,,,,,5,2,,,41,,,6,,8,,,5,,2,,,,,,,,,3,,,,16,,1.0,,,,,,,,,,,,,,,,2020
Tufts University prior 01/01/2015,,,,,,,,,,,,,,,,,,,,,,,,,,,,,,,,,,,,,,,,,,,,,,,,,,,,,,,,,,,,2020
Tufts University since 01/01/2015,,,,,,,,,,,,,,,,,,,,,,,,,,,,,,,,,,,,,,,,,,,,,,,,,,,,,,,,,,,,2020
Tyngsborough,273,43,,,,,3.0,1.0,2.0,,1.0,,1.0,5,28,5,,,221,,,3,,46,,,11,2.0,126,,,,,,,,,2,,6,1.0,18,5,1.0,9,8,,,,,,1.0,,,,,,,,2020
U-Mass Lowell,,,,,,,,,,,,,,,,,,,,,,,,,,,,,,,,,,,,,,,,,,,,,,,,,,,,,,,,,,,,2020
Wakefield,605,113,,,,1.0,4.0,2.0,2.0,,1.0,,5.0,23,62,17,,,457,1.0,,25,19.0,85,,1.0,61,3.0,111,,,,,2.0,,,9,25,,22,1.0,80,9,3.0,35,22,,,,,,5.0,,,,8.0,,,,2020
Waltham,"1,473",344,1.0,,,1.0,10.0,10.0,,,,,,72,225,35,,,"1,098",3.0,,51,25.0,164,1.0,1.0,493,5.0,,,,,,3.0,7.0,,40,11,,34,7.0,226,27,,31,20,,,,,,2.0,,,,9.0,,,,2020
Watertown,"1,036",190,,,,,5.0,3.0,2.0,,1.0,,4.0,23,118,39,,,827,1.0,,37,11.0,79,1.0,2.0,40,9.0,373,,40.0,,,5.0,,,53,42,,29,10.0,79,11,5.0,19,10,,,,,,,,,,9.0,,,,2020
Wayland,2,2,,,,,,,,,1.0,,,1,,,,,,,,,,,,,,,,,,,,,,,,,,,,,,,,,,,,,,,,,,,,,,2020
Westford,240,34,,,,,,,,,3.0,,1.0,3,19,8,,,164,1.0,1.0,3,11.0,29,1.0,1.0,19,,30,,,,1.0,1.0,,,10,7,,4,,35,5,5.0,42,30,,,,,,4.0,,,,8.0,,,,2020
Weston,106,15,,,,,,,,,1.0,,,2,7,5,,,89,,,5,2.0,17,1.0,,11,4.0,14,,1.0,1,,,,,1,3,,11,,15,2,1.0,2,2,,,,,,,,,,,,,,2020
Wilmington,823,95,,,,,2.0,1.0,,1.0,1.0,,,28,47,17,,,702,,,16,18.0,73,1.0,6.0,83,7.0,335,,,,,1.0,,,13,4,,23,,94,16,12.0,26,17,,,,,,1.0,,,,8.0,,,,2020
Winchester,649,16,,,,,1.0,1.0,,,,,,10,4,1,,,628,1.0,,9,1.0,34,,1.0,6,19.0,37,1,3.0,421,2.0,,,,1,5,,16,,65,4,2.0,5,2,1.0,,,,,1.0,,,,1.0,,,,2020
Woburn,"1,124",173,1.0,,,1.0,10.0,5.0,4.0,1.0,4.0,,1.0,37,93,26,,,825,2.0,,38,31.0,122,1.0,1.0,89,5.0,113,,1.0,3,,7.0,,1.0,57,36,,70,4.0,178,47,19.0,126,114,,,1.0,,,,7.0,1.0,,3.0,,,,2020
MBTA - Nantucket County,,,,,,,,,,,,,,,,,,,,,,,,,,,,,,,,,,,,,,,,,,,,,,,,,,,,,,,,,,,,2020
Nantucket,476,81,,,,,4.0,4.0,,,,,1.0,14,59,3,,,386,,,9,3.0,120,,,22,10.0,5,4,5.0,,,1.0,,,58,14,,16,,113,4,2.0,9,7,,,,,,2.0,,,,,,,,2020
Nantucket State Police,,,,,,,,,,,,,,,,,,,,,,,,,,,,,,,,,,,,,,,,,,,,,,,,,,,,,,,,,,,,2020
Avon,304,30,,,,,2.0,2.0,,,1.0,1.0,,10,11,5,,,267,1.0,,8,4.0,25,,1.0,23,6.0,31,,,,,1.0,,1.0,103,7,,13,2.0,24,8,9.0,7,6,,,,,,1.0,,,,,,,,2020
Babson College,56,5,,,,,,,,,,,,2,3,,,,51,,,1,13.0,19,,1.0,1,1.0,1,,,,,,,,,8,,,,5,,1.0,,,,,,,,,,,,,,,,2020
Bellingham,674,130,,,,1.0,3.0,2.0,1.0,,11.0,,2.0,28,57,28,,,523,1.0,,15,12.0,80,1.0,,26,2.0,152,,,,2.0,6.0,1.0,3.0,67,9,,22,,110,9,5.0,21,16,,,,,,2.0,,,,3.0,,,,2020
Braintree,"1,015",156,1.0,,,3.0,2.0,2.0,,,1.0,,,84,49,16,,,794,,,39,11.0,68,,1.0,52,60.0,11,217,19.0,7,,4.0,1.0,10.0,85,105,,53,4.0,25,20,2.0,65,55,,,,,,3.0,,,,7.0,,,,2020
Brookline,"1,596",162,1.0,,,1.0,2.0,2.0,,,10.0,,,47,90,11,,,"1,423",,,36,11.0,124,1.0,2.0,77,32.0,19,,21.0,416,1.0,14.0,6.0,10.0,113,140,,128,25.0,224,20,3.0,11,8,,,,,,1.0,1.0,,,,1.0,,,2020
Canton,430,114,,,,,2.0,2.0,,,,,2.0,69,19,22,,,296,,,13,5.0,66,5.0,1.0,27,4.0,28,,1.0,,,3.0,4.0,1.0,8,21,,12,,79,15,3.0,20,10,,,,,,,,,,10.0,,,,2020
Cohasset,268,29,,,,,1.0,,1.0,,,,,8,9,11,,,237,,,5,2.0,19,,3.0,8,,168,,,,,,1.0,,,3,,1,1.0,24,,2.0,2,,,,,,,1.0,,,,1.0,,,,2020
Curry College,,,,,,,,,,,,,,,,,,,,,,,,,,,,,,,,,,,,,,,,,,,,,,,,,,,,,,,,,,,,2020
Dean College,5,,,,,,,,,,,,,,,,,,5,,,,,1,,,,,,,,,,,1.0,,2,1,,,,,,,,,,,,,,,,,,,,,,2020
Dedham,455,40,,,,,1.0,,,1.0,,,,4,34,1,,,411,,,14,8.0,84,,,16,19.0,1,,2.0,,,3.0,,2.0,63,7,,37,,114,41,,4,4,,,,,,,,,,,,,,2020
Dover,72,12,1.0,,,,1.0,1.0,,,,,,4,4,2,,,57,,,6,,5,,1.0,7,2.0,8,,1.0,2,,,,,,1,,10,,12,2,,3,2,,,,,,1.0,,,,,,,,2020
Foxborough,653,151,,,,,7.0,7.0,,,,1.0,3.0,16,95,29,,,477,1.0,,21,4.0,73,2.0,5.0,26,7.0,224,,,,,4.0,,,18,15,,11,2.0,43,13,8.0,25,15,,,,,,2.0,,,,8.0,,,,2020
Franklin,129,66,,,,,1.0,1.0,,,4.0,,,5,53,3,,,49,1.0,,7,,7,,,,2.0,,,,2,,,,,9,,,2,2.0,16,1,,14,9,,,,,,1.0,,,,4.0,,,,2020
Holbrook,545,151,,,,4.0,6.0,6.0,,,5.0,,1.0,34,76,25,,,378,1.0,,33,11.0,74,,,28,2.0,100,,,1,1.0,3.0,,,19,5,,14,,68,13,5.0,16,9,,,,,,6.0,,,,1.0,,,,2020
Mass Bay Community College,,,,,,,,,,,,,,,,,,,,,,,,,,,,,,,,,,,,,,,,,,,,,,,,,,,,,,,,,,,,2020
MBTA - Norfolk County,,,,,,,,,,,,,,,,,,,,,,,,,,,,,,,,,,,,,,,,,,,,,,,,,,,,,,,,,,,,2020
Medfield,97,22,,,,1.0,2.0,2.0,,,1.0,,2.0,2,13,1,,,74,,,6,3.0,19,,,14,,2,,,6,,,,,2,7,,3,,11,,1.0,1,,,,,,,1.0,,,,,,,,2020
Medway,20,10,,,,,,,,,,,,4,6,,,,10,,,1,,1,,,,,,,,,,1.0,,,,,,,,7,,,,,,,,,,,,,,,,,,2020
Millis,70,29,,,,,2.0,1.0,1.0,,,,1.0,7,17,2,,,36,,,2,1.0,15,,,6,,,,,1,,1.0,,,,,,3,,5,2,,5,5,,,,,,,,,,,,,,2020
Milton,723,22,,,,,6.0,5.0,1.0,,,,,1,15,,,,698,,,9,2.0,26,,,15,,1,,,547,,1.0,,,7,23,,56,,2,9,,3,3,,,,,,,,,,,,,,2020
Mt. Ida College,,,,,,,,,,,,,,,,,,,,,,,,,,,,,,,,,,,,,,,,,,,,,,,,,,,,,,,,,,,,2020
Needham,"1,266",71,,,,,4.0,4.0,,,2.0,,,18,34,13,,,"1,183",,,13,19.0,52,,,69,7.0,191,719,,,,2.0,,1.0,3,18,,14,,66,8,1.0,12,8,1.0,,,,,2.0,,,,1.0,,,,2020
Norfolk,249,9,,,,,,,,,,,,2,7,,,,228,,,1,2.0,7,1.0,,1,3.0,,,10.0,190,,,,,,2,,1,,9,,1.0,12,11,,,,,,,,,,1.0,,,,2020
Norfolk State Police,,,,,,,,,,,,,,,,,,,,,,,,,,,,,,,,,,,,,,,,,,,,,,,,,,,,,,,,,,,,2020
Norfolk State Police Framingham,,,,,,,,,,,,,,,,,,,,,,,,,,,,,,,,,,,,,,,,,,,,,,,,,,,,,,,,,,,,2020
Norfolk State Police Middleboro,,,,,,,,,,,,,,,,,,,,,,,,,,,,,,,,,,,,,,,,,,,,,,,,,,,,,,,,,,,,2020
Norwood,723,149,,,,3.0,,,,,1.0,1.0,2.0,30,91,21,,,534,,,19,19.0,99,,,88,13.0,58,,,,,5.0,,,42,11,,12,6.0,127,19,16.0,40,31,,,,,,1.0,,,,8.0,,,,2020
Plainville,122,24,,,,,3.0,3.0,,,1.0,,,5,14,1,,,91,,,7,1.0,20,,,,1.0,,,1.0,21,,,,,21,2,,1,,13,2,1.0,7,6,,,,,,1.0,,,,,,,,2020
Quincy,"3,104",918,1.0,1.0,,6.0,28.0,28.0,,,10.0,,4.0,240,386,242,,,"2,027",5.0,1.0,202,58.0,288,3.0,12.0,84,70.0,192,,25.0,11,,37.0,12.0,2.0,125,96,,192,42.0,447,90,33.0,159,120,,,,,,7.0,2.0,,,30.0,,,,2020
Randolph,942,346,,,,,9.0,8.0,1.0,,7.0,,,76,202,52,,,544,2.0,,51,12.0,139,,1.0,18,24.0,,,19.0,,,9.0,,,50,15,,14,6.0,126,58,,52,31,10.0,,,,,4.0,,,,7.0,,,,2020
Sharon,123,33,,,,,1.0,,1.0,,3.0,,1.0,6,13,9,,,81,,,6,3.0,13,,,15,,11,,,,,1.0,,,,5,,4,,19,2,2.0,9,6,,,,,,1.0,,,,2.0,,,,2020
Stoughton,904,269,1.0,,,3.0,14.0,7.0,6.0,1.0,5.0,,1.0,62,150,33,,,597,1.0,,29,16.0,106,6.0,2.0,72,10.0,138,,,,,12.0,6.0,,55,15,,9,1.0,85,22,12.0,38,26,1.0,,,,,3.0,,,,8.0,,,,2020
Walpole,"1,038",174,,,,2.0,7.0,7.0,,,4.0,,2.0,24,103,32,,,812,,,25,8.0,65,,3.0,108,1.0,402,,,,,3.0,,,52,8,,11,,120,3,3.0,52,37,,,1.0,,,4.0,,,,10.0,,,,2020
Wellesley,347,37,,,,,6.0,4.0,2.0,,,,2.0,4,18,7,,,294,,,19,6.0,42,,1.0,22,4.0,87,,1.0,,,,1.0,,8,5,,23,1.0,57,4,13.0,16,11,,,,,,1.0,1.0,,,3.0,,,,2020
Wellesley College,,,,,,,,,,,,,,,,,,,,,,,,,,,,,,,,,,,,,,,,,,,,,,,,,,,,,,,,,,,,2020
Westwood,671,57,,,,,3.0,2.0,1.0,,2.0,,1.0,13,27,11,,,609,,,10,10.0,42,4.0,5.0,44,9.0,321,,2.0,30,,1.0,,3.0,25,27,,10,2.0,60,1,3.0,5,3,,,,,,1.0,,,,1.0,,,,2020
Weymouth,"1,431",336,2.0,,,4.0,10.0,9.0,1.0,,7.0,,2.0,107,143,61,,,972,2.0,,39,29.0,207,4.0,2.0,55,7.0,165,,,,,12.0,3.0,5.0,80,42,,89,2.0,174,37,18.0,123,108,,,1.0,,,6.0,,,,8.0,,,,2020
Wrentham,117,27,,,,1.0,1.0,1.0,,,,,,8,14,3,,,89,,,6,3.0,2,,,2,,,,,10,,,,,43,1,,,,20,1,1.0,1,1,,,,,,,,,,,,,,2020
Abington,385,79,,,,,11.0,9.0,2.0,,2.0,,2.0,23,11,30,,,262,,,11,12.0,36,2.0,,56,2.0,20,,,2,,5.0,,,47,11,,7,1.0,29,18,3.0,44,32,,,,,,7.0,,,,5.0,,,,2020
Bridgewater,294,85,,,,,3.0,3.0,,,2.0,2.0,3.0,21,35,19,,,175,1.0,,14,6.0,40,,1.0,26,1.0,18,,,3,,1.0,,,10,7,,9,2.0,24,7,5.0,34,21,1.0,,,,,3.0,1.0,,,8.0,,,,2020
Bridgewater State University,31,7,,,,,1.0,1.0,,,1.0,,,,3,2,,,20,,,,1.0,4,,,3,,1,,,,,,,,1,4,,1,,4,,1.0,4,2,,,,,,1.0,1.0,,,,,,,2020
Brockton,"5,432","1,969",4.0,,,30.0,63.0,53.0,10.0,,51.0,,8.0,581,"1,035",193,3.0,1.0,"3,096",20.0,2.0,215,29.0,721,6.0,1.0,127,8.0,266,,,,,119.0,27.0,11.0,68,56,,213,3.0,755,395,54.0,367,211,,,3.0,,,11.0,2.0,1.0,,139.0,,,,2020
Carver,311,84,,,,,2.0,2.0,,,1.0,,2.0,10,41,28,,,216,1.0,,13,8.0,32,,,16,1.0,74,,,11,,2.0,,,5,9,,8,1.0,24,9,2.0,11,5,,,1.0,,,1.0,,,,4.0,,,,2020
Duxbury,278,41,,,,,3.0,1.0,2.0,,,,3.0,8,24,3,,,219,1.0,,1,7.0,34,,2.0,26,1.0,109,,,1,,,,,1,4,,3,,23,3,3.0,18,12,,,,,,,,,,6.0,,,,2020
East Bridgewater,328,60,,,,,2.0,1.0,1.0,,2.0,,4.0,10,32,10,,,251,1.0,,6,7.0,36,,,27,,116,,,5,,,1.0,,7,3,,2,,27,6,7.0,17,13,,,,,,1.0,,,,3.0,,,,2020
Halifax,222,40,,,,,2.0,1.0,1.0,,3.0,,,7,20,8,,,174,1.0,,6,5.0,33,1.0,,9,,65,2,,,,1.0,,,14,5,,5,,20,7,,8,3,,,1.0,,,2.0,1.0,,,1.0,,,,2020
Hanover,193,4,,,,,,,,,,,,1,3,,,,189,,,3,1.0,25,,,29,34.0,33,7,3.0,,,1.0,,1.0,13,6,,6,1.0,19,1,6.0,,,,,,,,,,,,,,,,2020
Hanson,224,60,,,,2.0,1.0,1.0,,,1.0,,5.0,8,33,10,,,154,1.0,1.0,6,11.0,36,,,13,1.0,54,,,,,1.0,,,2,3,,3,1.0,16,2,3.0,10,2,,,,,,5.0,,,,3.0,,,,2020
Hingham,778,96,,,,3.0,5.0,4.0,1.0,,,,1.0,44,28,15,,,669,,,25,3.0,55,,1.0,34,2.0,420,,1.0,1,,1.0,2.0,1.0,29,19,,4,,61,8,2.0,13,9,,,,,,,,,,4.0,,,,2020
Hull,392,98,,,,,5.0,4.0,1.0,,,,,39,36,18,,,276,1.0,,11,2.0,96,,,27,3.0,70,,,,,1.0,,,8,17,,2,3.0,30,3,2.0,18,16,,,,,,,,,,1.0,1.0,,,2020
Kingston,343,56,,,,,4.0,2.0,2.0,,1.0,,,17,26,8,,,271,1.0,,9,15.0,29,1.0,,25,,97,,2.0,,,1.0,,1.0,10,7,,15,2.0,49,5,2.0,16,7,,,,,,3.0,,,,6.0,,,,2020
Lakeville,103,41,,,,,3.0,3.0,,,,,,20,16,2,,,45,,,14,,11,1.0,,,,,,,,,1.0,,,2,,,1,3.0,10,2,,17,15,,,,,,,,,,2.0,,,,2020
Marion,146,30,,,,,1.0,,1.0,,1.0,,1.0,4,9,14,,,114,,,6,2.0,22,,,20,,28,,,,,1.0,,,2,5,,,,26,2,,2,1,,,,,,1.0,,,,,,,,2020
Marshfield,228,59,,,,1.0,1.0,1.0,,,,,2.0,15,25,15,,,153,2.0,,12,3.0,47,,1.0,14,,2,,,,,4.0,,,8,10,,15,,27,8,,16,13,,,,,,,,,,3.0,,,,2020
Massasoit Community College,15,4,,,,,,,,,,,,1,1,2,,,10,,,,,6,,,1,,,1,,,,,,,,1,,,,1,,,1,,,,,,,,,,,1.0,,,,2020
Mattapoisett,127,19,,,,,2.0,2.0,,,,1.0,,4,9,3,,,105,,,3,2.0,20,,,19,2.0,27,,,1,,1.0,,,,4,,2,,22,2,,3,3,,,,,,,,,,,,,,2020
MBTA - Plymouth County,,,,,,,,,,,,,,,,,,,,,,,,,,,,,,,,,,,,,,,,,,,,,,,,,,,,,,,,,,,,2020
Middleborough,796,252,2.0,,,2.0,9.0,5.0,4.0,,5.0,1.0,6.0,77,116,34,,,506,1.0,,31,3.0,97,1.0,1.0,52,3.0,127,,1.0,11,,5.0,2.0,2.0,9,27,,33,,75,20,5.0,38,21,,,,,,5.0,1.0,,,11.0,,,,2020
Norwell,203,27,,,,,,,,,,,,8,18,1,,,171,,,3,2.0,20,,,7,1.0,74,1,,23,,1.0,,,8,4,,,1.0,24,1,1.0,5,,,,,,,,,,,5.0,,,,2020
Pembroke,358,53,,,,,1.0,1.0,,,,2.0,1.0,13,26,10,,,276,1.0,,6,5.0,28,,2.0,39,1.0,134,,1.0,3,,1.0,,,8,10,,9,,20,5,3.0,29,22,,,,,,2.0,,,,5.0,,,,2020
Plymouth,"2,677",653,,,,5.0,32.0,25.0,6.0,1.0,3.0,2.0,9.0,139,307,155,,1.0,"1,900",3.0,,78,13.0,339,5.0,14.0,95,10.0,304,334,2.0,5,1.0,11.0,1.0,2.0,296,29,,87,2.0,218,25,26.0,124,84,1.0,,1.0,,,18.0,,1.0,,19.0,,,,2020
Plymouth State Police,,,,,,,,,,,,,,,,,,,,,,,,,,,,,,,,,,,,,,,,,,,,,,,,,,,,,,,,,,,,2020
Plymouth State Police Middleboro,,,,,,,,,,,,,,,,,,,,,,,,,,,,,,,,,,,,,,,,,,,,,,,,,,,,,,,,,,,,2020
Plympton,132,25,,,,,2.0,,2.0,,1.0,,,3,11,8,,,106,,,6,3.0,8,,3.0,30,1.0,27,,,,,,,,1,2,,9,,13,2,1.0,1,,,,,,,1.0,,,,,,,,2020
Rochester,106,26,,,,,1.0,,1.0,,,,,3,12,10,,,67,,,2,2.0,15,,2.0,8,1.0,23,,,1,,,,,,1,,1,,9,1,1.0,13,4,,,1.0,,,4.0,,,,4.0,,,,2020
Rockland,249,129,,,,,10.0,8.0,1.0,1.0,,,,35,61,23,,,106,,,15,6.0,40,1.0,,6,,,,,,,1.0,,,7,2,,5,,15,4,4.0,14,9,,,,,,,,,,5.0,,,,2020
Scituate,388,51,,,,,3.0,1.0,2.0,,,,2.0,7,22,15,2.0,,328,,,4,5.0,30,,1.0,27,1.0,28,,,184,,1.0,,2.0,6,9,,3,,22,5,,9,6,,,,,,3.0,,,,,,,,2020
Wareham,791,259,1.0,,,2.0,13.0,8.0,5.0,,3.0,,4.0,72,129,35,,,483,1.0,,49,7.0,126,1.0,2.0,36,5.0,16,1,,45,,3.0,3.0,1.0,46,16,,4,2.0,98,18,3.0,49,37,,,1.0,,,4.0,1.0,,,6.0,,,,2020
West Bridgewater,215,28,,,,,1.0,1.0,,,1.0,,3.0,5,15,3,,,174,1.0,,9,7.0,14,,1.0,22,1.0,60,,,,,,,,8,4,,4,,34,8,1.0,13,6,,,,,,3.0,,,,4.0,,,,2020
Whitman,360,83,,,,,3.0,1.0,2.0,,1.0,,3.0,14,49,13,,,266,1.0,,13,17.0,47,1.0,2.0,20,,5,90,,,,1.0,1.0,,6,9,,12,,33,7,1.0,11,6,,,,,,1.0,,,,4.0,,,,2020
Berklee College of Music,,,,,,,,,,,,,,,,,,,,,,,,,,,,,,,,,,,,,,,,,,,,,,,,,,,,,,,,,,,,2020
Beth Israel Deaconess Med Ctr,,,,,,,,,,,,,,,,,,,,,,,,,,,,,,,,,,,,,,,,,,,,,,,,,,,,,,,,,,,,2020
Boston,"43,189","15,272",58.0,,,63.0,200.0,185.0,9.0,6.0,138.0,,2.0,"3,292","6,569","4,946",4.0,,"25,460",44.0,1.0,"1,765",270.0,"5,039",49.0,156.0,"1,873",969.0,"1,055","1,104",166.0,102,4.0,926.0,54.0,24.0,"2,139","1,926",1.0,"2,946",486.0,"2,777","1,303",281.0,"2,457","1,645",80.0,,,,,193.0,19.0,9.0,,490.0,21.0,,,2020
Boston College(Old ORI),,,,,,,,,,,,,,,,,,,,,,,,,,,,,,,,,,,,,,,,,,,,,,,,,,,,,,,,,,,,2020
Boston University,355,43,,,,,6.0,6.0,,,5.0,,,3,12,17,,,304,,,15,1.0,38,,3.0,11,3.0,4,,5.0,,,1.0,5.0,,1,171,1.0,6,1.0,32,4,2.0,8,8,,,,,,,,,,,,,,2020
Bunker Hill Community College,,,,,,,,,,,,,,,,,,,,,,,,,,,,,,,,,,,,,,,,,,,,,,,,,,,,,,,,,,,,2020
"Capitol PD, Boston",,,,,,,,,,,,,,,,,,,,,,,,,,,,,,,,,,,,,,,,,,,,,,,,,,,,,,,,,,,,2020
Chelsea,"1,972",745,,2.0,,4.0,18.0,13.0,4.0,1.0,13.0,,16.0,195,369,127,1.0,,"1,165",2.0,,90,19.0,348,,4.0,58,3.0,65,,,,1.0,42.0,8.0,7.0,21,73,,133,2.0,192,72,25.0,62,22,,,5.0,,,6.0,,,,29.0,,,,2020
Emerson College,,,,,,,,,,,,,,,,,,,,,,,,,,,,,,,,,,,,,,,,,,,,,,,,,,,,,,,,,,,,2020
Emerson College,,,,,,,,,,,,,,,,,,,,,,,,,,,,,,,,,,,,,,,,,,,,,,,,,,,,,,,,,,,,2020
Environmental Police,92,13,,,,,,,,,1.0,,,8,1,3,,,52,6.0,,3,,21,,,1,,1,,1.0,,,,,,,,,,,3,8,8.0,27,5,,,,,,,,,,20.0,2.0,,,2020
Fisher College,,,,,,,,,,,,,,,,,,,,,,,,,,,,,,,,,,,,,,,,,,,,,,,,,,,,,,,,,,,,2020
Fisher College,,,,,,,,,,,,,,,,,,,,,,,,,,,,,,,,,,,,,,,,,,,,,,,,,,,,,,,,,,,,2020
Mass College of Art,,,,,,,,,,,,,,,,,,,,,,,,,,,,,,,,,,,,,,,,,,,,,,,,,,,,,,,,,,,,2020
Mass General Hospital,168,114,,,,,,,,,,,,9,97,8,,,42,,,,,8,,,2,1.0,,,,2,,,10.0,1.0,9,6,,1,,2,,,12,10,2.0,,,,,,,,,,,,,2020
MBTA,,,,,,,,,,,,,,,,,,,,,,,,,,,,,,,,,,,,,,,,,,,,,,,,,,,,,,,,,,,,2020
MBTA - Suffolk County,,,,,,,,,,,,,,,,,,,,,,,,,,,,,,,,,,,,,,,,,,,,,,,,,,,,,,,,,,,,2020
MCPHS University,,,,,,,,,,,,,,,,,,,,,,,,,,,,,,,,,,,,,,,,,,,,,,,,,,,,,,,,,,,,2020
Northeastern U,,,,,,,,,,,,,,,,,,,,,,,,,,,,,,,,,,,,,,,,,,,,,,,,,,,,,,,,,,,,2020
Northeastern University,222,23,,,,,2.0,2.0,,,1.0,,,6,13,1,,,189,1.0,,8,,3,,,4,1.0,,,,,,2.0,,,36,58,,3,,64,5,4.0,10,9,,,,,,,,,,1.0,,,,2020
Revere,"1,938",571,1.0,,,6.0,15.0,12.0,2.0,1.0,11.0,,5.0,146,252,134,1.0,,"1,297",,,59,25.0,284,3.0,1.0,77,7.0,154,,,1,,36.0,3.0,7.0,88,60,,126,2.0,247,97,20.0,70,45,1.0,,2.0,,,3.0,,,,18.0,1.0,,,2020
Roxbury Community College,,,,,,,,,,,,,,,,,,,,,,,,,,,,,,,,,,,,,,,,,,,,,,,,,,,,,,,,,,,,2020
Simmons University,,,,,,,,,,,,,,,,,,,,,,,,,,,,,,,,,,,,,,,,,,,,,,,,,,,,,,,,,,,,2020
Suffolk State Police,,,,,,,,,,,,,,,,,,,,,,,,,,,,,,,,,,,,,,,,,,,,,,,,,,,,,,,,,,,,2020
Suffolk State Police Framingham,,,,,,,,,,,,,,,,,,,,,,,,,,,,,,,,,,,,,,,,,,,,,,,,,,,,,,,,,,,,2020
Suffolk State Police Logan Airport,,,,,,,,,,,,,,,,,,,,,,,,,,,,,,,,,,,,,,,,,,,,,,,,,,,,,,,,,,,,2020
Suffolk State Police Weston,,,,,,,,,,,,,,,,,,,,,,,,,,,,,,,,,,,,,,,,,,,,,,,,,,,,,,,,,,,,2020
Tufts University Suffolk,20,3,,,,,,,,,1.0,,,,1,1,,,16,,,,,1,,,1,,,,,,,,,,,5,,,,9,,,1,1,,,,,,,,,,,,,,2020
Tufts University Suffolk prior to 01/01/2017,,,,,,,,,,,,,,,,,,,,,,,,,,,,,,,,,,,,,,,,,,,,,,,,,,,,,,,,,,,,2020
U-Mass Boston,17,3,,,,,,,,,1.0,,,,1,1,,,12,,,,,2,,,1,,,,,,,,,,,,,,,9,,,2,1,,,,,,,,,,1.0,,,,2020
Wentworth Institute,,,,,,,,,,,,,,,,,,,,,,,,,,,,,,,,,,,,,,,,,,,,,,,,,,,,,,,,,,,,2020
Wentworth Institute of Technology,11,,,,,,,,,,,,,,,,,,9,,,,,3,,,,,,,,,,,,,,4,,,,2,,,2,2,,,,,,,,,,,,,,2020
Winthrop,481,73,,,,2.0,,,,,,,,27,29,15,,,387,1.0,,14,7.0,67,,,40,2.0,115,,,,,1.0,,,1,17,,52,,52,10,8.0,21,17,,,,,,,,,,3.0,1.0,,,2020
Ashburnham,130,49,,,,,1.0,1.0,,,,1.0,4.0,7,21,15,,,77,,,8,1.0,29,,,10,1.0,3,,,,,,,,4,,,,,15,4,2.0,4,2,,,,,,1.0,,,,1.0,,,,2020
Assumption College,19,4,,,,,2.0,2.0,,,2.0,,,,,,,,15,,,,1.0,10,,,,,,,,,,,,,,,,,,4,,,,,,,,,,,,,,,,,,2020
Assumption College,,,,,,,,,,,,,,,,,,,,,,,,,,,,,,,,,,,,,,,,,,,,,,,,,,,,,,,,,,,,2020
Athol,332,111,,,,,6.0,5.0,1.0,,1.0,,2.0,39,53,10,,,189,1.0,,14,1.0,45,1.0,,17,,2,,,,,3.0,2.0,,8,19,,6,,62,4,4.0,32,21,,,,,,4.0,,,,6.0,1.0,,,2020
Auburn,696,91,,,,1.0,1.0,1.0,,,1.0,,1.0,23,57,7,,,564,,,22,8.0,60,,1.0,23,3.0,195,,,1,,2.0,,,71,2,,18,,124,24,10.0,41,28,,,,,,1.0,1.0,,,11.0,,,,2020
Barre,75,41,1.0,,,,4.0,3.0,1.0,,1.0,,2.0,11,13,9,,,32,,,2,2.0,17,,,1,,2,,,,,,,,2,1,,2,,1,1,1.0,2,1,,,,,,,,,,1.0,,,,2020
Becker College,,,,,,,,,,,,,,,,,,,,,,,,,,,,,,,,,,,,,,,,,,,,,,,,,,,,,,,,,,,,2020
Berlin,33,8,,,,,,,,,,,,6,1,1,,,24,,,3,,6,,,,,3,,,,,1.0,,,,,,,,9,1,1.0,1,,,,,,,,,,,1.0,,,,2020
Blackstone,58,25,,,,,1.0,,1.0,,,,,6,8,10,,,29,,,1,,11,,,5,1.0,2,,,,,1.0,,,,,,4,,3,1,,4,3,,,,,,,,,,1.0,,,,2020
Bolton,244,27,,,,,,,,,1.0,,1.0,5,12,8,,,210,,,4,4.0,48,,,3,2.0,127,,,1,,,,,1,2,,,,18,,,7,7,,,,,,,,,,,,,,2020
Boylston,,,,,,,,,,,,,,,,,,,,,,,,,,,,,,,,,,,,,,,,,,,,,,,,,,,,,,,,,,,,2020
Brookfield,71,22,,,,,1.0,1.0,,,1.0,,1.0,1,7,11,,,41,,,5,1.0,7,7.0,1.0,3,,5,2,1.0,1,,,,,1,2,,,1.0,1,2,1.0,8,5,,,,,,2.0,,,,,1.0,,,2020
Charlton,189,49,,,,,1.0,1.0,,,,,3.0,6,30,9,,,133,,,12,5.0,19,,,14,1.0,41,,1.0,4,,,,,,6,,8,,12,9,1.0,7,2,,,,,,5.0,,,,,,,,2020
Clark University,20,,,,,,,,,,,,,,,,,,20,,,3,,5,,,1,1.0,,,,,,,,,,2,,2,,6,,,,,,,,,,,,,,,,,,2020
Clark University,,,,,,,,,,,,,,,,,,,,,,,,,,,,,,,,,,,,,,,,,,,,,,,,,,,,,,,,,,,,2020
Clinton,47,27,,,,2.0,,,,,,,,6,18,1,,,17,,,,,3,1.0,,,2.0,,,,1,,,,,5,2,,,1.0,1,,1.0,3,1,,,,,,,,,,1.0,1.0,,,2020
Col of the Holy Cross,,,,,,,,,,,,,,,,,,,,,,,,,,,,,,,,,,,,,,,,,,,,,,,,,,,,,,,,,,,,2020
Douglas,180,82,,,,3.0,4.0,4.0,,,2.0,,4.0,10,36,23,,,84,,,7,2.0,23,,1.0,10,,17,,,1,,,,,1,,,1,,17,3,1.0,14,8,,,,,,2.0,,,,4.0,,,,2020
Dudley,178,84,,,,1.0,6.0,5.0,1.0,,,3.0,3.0,15,50,6,,,64,1.0,,11,,21,,,2,,2,,,,,,,,1,2,,3,,12,8,1.0,30,28,,,,,,,,,,2.0,,,,2020
East Brookfield,54,11,,,,,1.0,,1.0,,,,,3,3,4,,,39,2.0,,,,11,4.0,,2,1.0,17,,,,,,,,1,,,,,,1,,4,3,,,,,,1.0,,,,,,,,2020
Fitchburg,"1,997",522,1.0,,,1.0,20.0,15.0,5.0,,35.0,2.0,4.0,164,241,54,,,"1,393",4.0,,111,23.0,372,1.0,3.0,107,7.0,135,1,,1,,44.0,,2.0,24,34,,159,14.0,257,78,16.0,82,39,,,1.0,,,5.0,2.0,,,35.0,,,,2020
Fitchburg SC,28,7,,,,,2.0,2.0,,,,,,,4,1,,,21,,,1,,8,,,3,,1,,,,,,,,,2,,2,,4,,,,,,,,,,,,,,,,,,2020
Fitchburg State College,,,,,,,,,,,,,,,,,,,,,,,,,,,,,,,,,,,,,,,,,,,,,,,,,,,,,,,,,,,,2020
Gardner,"1,008",363,2.0,,,1.0,12.0,12.0,,,5.0,,9.0,76,231,27,,,586,,,33,6.0,97,,1.0,64,5.0,120,,,1,,4.0,2.0,,62,15,,25,,120,19,12.0,59,38,,,,,,5.0,,,,15.0,1.0,,,2020
Grafton,319,45,,,,1.0,2.0,1.0,,1.0,1.0,,2.0,7,26,6,,,263,,,3,3.0,30,,1.0,12,2.0,79,,1.0,81,,1.0,,1.0,3,15,,7,,19,5,,11,4,,,,,,,1.0,,,4.0,2.0,,,2020
Hardwick,86,26,,,,,,,,,1.0,,,6,16,3,,,53,1.0,,1,1.0,8,4.0,,3,,28,,,,,1.0,,,,1,,,,,3,2.0,7,5,,,,,,,,,,2.0,,,,2020
Harvard,100,13,,,,,,,,,,,,,8,4,1.0,,84,,,8,1.0,22,,,7,,28,,,1,,,,,,1,,,,13,2,1.0,3,1,,,,,,2.0,,,,,,,,2020
Holden,130,40,,,,,2.0,2.0,,,1.0,,4.0,4,24,5,,,68,3.0,1.0,2,6.0,18,,,11,,3,,,1,,,,,1,3,,4,1.0,8,3,3.0,22,16,,,,,,3.0,,,,3.0,,,,2020
Hopedale,67,13,,,,,1.0,1.0,,,,,,4,6,2,,,46,,,2,2.0,13,,,5,1.0,3,,,,,,,,,3,,5,,10,1,1.0,8,7,,,,,,,,,,1.0,,,,2020
Hubbardston,66,18,,,,,2.0,1.0,,1.0,,,,5,7,4,,,46,,,4,,6,,,1,,23,,,,,1.0,,,1,4,,1,,2,3,,2,1,,,,,,1.0,,,,,,,,2020
Lancaster,201,41,,,,2.0,4.0,3.0,1.0,,,,1.0,8,21,5,,,154,,,11,1.0,26,,,21,,69,,,1,,2.0,1.0,,1,3,,1,,13,4,,6,4,,,,,,1.0,,,,1.0,,,,2020
Leicester,335,50,,,,,2.0,1.0,1.0,,4.0,,,16,17,11,,,270,,,14,4.0,23,2.0,,30,1.0,120,,,,,,2.0,1.0,19,6,,5,,32,4,7.0,15,10,1.0,,,,,3.0,,,,1.0,,,,2020
Leominster,"2,515",794,,,,8.0,27.0,20.0,6.0,1.0,11.0,,11.0,151,448,138,,,"1,615",3.0,,72,24.0,284,3.0,7.0,204,19.0,285,,,1,,24.0,4.0,4.0,266,46,,91,1.0,220,44,13.0,106,63,,,3.0,,,16.0,,,,24.0,,,,2020
Lunenburg,384,66,,,,,2.0,1.0,1.0,,,,4.0,22,29,9,,,304,,,11,4.0,59,,,24,8.0,109,,,8,,,,,34,3,,8,,26,8,2.0,14,9,,,,,,1.0,,,,4.0,,,,2020
MBTA - Worcester County,,,,,,,,,,,,,,,,,,,,,,,,,,,,,,,,,,,,,,,,,,,,,,,,,,,,,,,,,,,,2020
Mendon,101,21,,,,,,,,,1.0,,1.0,3,7,9,,,74,,,2,5.0,15,1.0,,6,,25,,,,,,,,3,,,1,,14,,2.0,6,5,,,,,,,,,,1.0,,,,2020
Milford,654,242,,,,,7.0,5.0,2.0,,1.0,1.0,6.0,34,142,51,,,395,2.0,,27,19.0,87,2.0,2.0,35,5.0,40,,,1,,,,,22,9,,17,,92,25,10.0,17,9,,,1.0,,,3.0,,,,4.0,,,,2020
Millbury,248,72,,,,,3.0,3.0,,,1.0,2.0,,17,31,18,,,163,,,8,7.0,28,,,18,1.0,10,,,,,,,1.0,37,2,,7,3.0,28,6,7.0,13,11,,,,,,1.0,,,,,1.0,,,2020
Millville,52,5,,,,,,,,,1.0,,,1,1,2,,,43,,,3,1.0,7,,2.0,3,,17,,,,,,,,1,2,,1,,4,1,1.0,4,3,,,,,,,,,,1.0,,,,2020
Mount Wachusett CC,,,,,,,,,,,,,,,,,,,,,,,,,,,,,,,,,,,,,,,,,,,,,,,,,,,,,,,,,,,,2020
New Braintree,27,4,,,,,,,,,,,,1,2,1,,,20,,,1,,2,3.0,,2,1.0,7,,,1,,,,,,,,1,,1,1,,3,3,,,,,,,,,,,,,,2020
North Brookfield,,,,,,,,,,,,,,,,,,,,,,,,,,,,,,,,,,,,,,,,,,,,,,,,,,,,,,,,,,,,2020
Northborough,412,38,,,,,1.0,1.0,,,,,,6,31,,,,373,,,11,1.0,24,,,6,2.0,,181,1.0,88,,1.0,,,19,10,,1,3.0,17,8,,1,1,,,,,,,,,,,,,,2020
Northbridge,282,80,,,,2.0,2.0,1.0,1.0,,1.0,1.0,2.0,33,30,9,,,179,,,14,2.0,48,,,31,2.0,20,,,,,1.0,1.0,,21,4,,4,,18,9,4.0,23,20,,,,,,2.0,,,,1.0,,,,2020
Oakham,37,13,,,,,1.0,1.0,,,,,2.0,2,5,3,,,21,,,,,2,,,3,,10,,,2,,,,,,1,,,,2,1,,3,2,,,,,,,,,,1.0,,,,2020
Oxford,416,65,,,,,2.0,2.0,,,1.0,,6.0,19,29,8,,,330,1.0,,11,11.0,51,1.0,1.0,46,2.0,21,,,,,1.0,,,87,9,,17,1.0,60,9,1.0,21,12,,,,,,1.0,,,,8.0,,,,2020
Paxton,83,12,,,,,,,,,,,,1,7,4,,,60,,,2,,11,,,1,,28,,,8,,,,,,1,,2,,5,1,1.0,11,10,,,,,,,,,,1.0,,,,2020
Petersham,,,,,,,,,,,,,,,,,,,,,,,,,,,,,,,,,,,,,,,,,,,,,,,,,,,,,,,,,,,,2020
Phillipston,,,,,,,,,,,,,,,,,,,,,,,,,,,,,,,,,,,,,,,,,,,,,,,,,,,,,,,,,,,,2020
Princeton,78,4,,,,,,,,,,,,,3,1,,,74,,,3,,10,,1.0,5,1.0,45,,,,,,,,,1,,,2.0,4,2,,,,,,,,,,,,,,,,,2020
Quinsigamond CC,6,1,,,,,,,,,,,,,,1,,,5,,,1,,3,,,,,,,,,,,,,,,,,,1,,,,,,,,,,,,,,,,,,2020
Royalston,6,,,,,,,,,,,,,,,,,,5,,,,,,,,,,1,,,,,,,,,,,1,,2,,1.0,1,1,,,,,,,,,,,,,,2020
Rutland,278,98,,,,4.0,3.0,1.0,2.0,,3.0,1.0,3.0,27,38,19,,,164,,,2,,45,1.0,1.0,16,2.0,84,,,,,1.0,,,1,2,,3,,4,2,,16,12,,,,,,1.0,,,,3.0,,,,2020
Shrewsbury,924,72,,,,,2.0,2.0,,,,,1.0,3,40,26,,,838,,,7,13.0,35,,,7,6.0,1,,,611,2.0,,,1.0,47,17,,30,3.0,29,25,4.0,14,11,1.0,,,,,,,,,2.0,,,,2020
Southborough,186,34,,,,,8.0,6.0,2.0,,,,1.0,11,8,6,,,145,1.0,,8,3.0,14,,,15,1.0,57,,1.0,1,,4.0,,,1,2,,14,,12,9,2.0,7,3,1.0,,,,,,1.0,,,2.0,,,,2020
Southbridge,840,214,,,,1.0,26.0,22.0,4.0,,2.0,2.0,7.0,67,79,29,1.0,,502,3.0,,45,10.0,122,,,40,3.0,93,,,9,,1.0,,,28,27,,23,1.0,74,20,3.0,124,104,,,,,,9.0,,,,11.0,,,,2020
Spencer,426,35,,,,,1.0,1.0,,,2.0,,,19,10,3,,,363,,,15,2.0,36,,,7,9.0,66,78,79.0,3,,,,,10,2,,6,2.0,29,18,1.0,28,19,6.0,,,,,,,,,2.0,1.0,,,2020
Sterling,108,26,,,,,1.0,1.0,,,1.0,,2.0,4,16,2,,,78,1.0,,5,2.0,12,2.0,,12,,15,,2.0,1,,,,,1,7,,2,1.0,12,2,1.0,4,2,,,,,,1.0,,,,1.0,,,,2020
Sturbridge,358,100,,,,,4.0,3.0,1.0,,3.0,1.0,4.0,21,51,16,,,230,2.0,,15,12.0,59,1.0,1.0,25,,13,,,,,,,,14,11,,6,,47,17,7.0,28,22,,,,,,2.0,,,,4.0,,,,2020
Sutton,305,43,,,,,,,,,,,,8,19,16,,,238,,,19,5.0,27,,1.0,13,1.0,92,,,38,,,1.0,,3,4,,3,1.0,18,6,6.0,24,16,,,,,,3.0,,1.0,,4.0,,,,2020
Templeton,111,40,,,,,1.0,1.0,,,,,2.0,5,30,2,,,65,1.0,,8,,23,,,12,,7,,,,,1.0,,,,2,,1,,9,1,,6,4,,,,,,2.0,,,,,,,,2020
Tufts University Worcester,9,1,,,,,,,,,,,,,,1,,,8,,,,,,,,,,7,,,,,,,,,1,,,,,,,,,,,,,,,,,,,,,,2020
Tufts University Worcester,,,,,,,,,,,,,,,,,,,,,,,,,,,,,,,,,,,,,,,,,,,,,,,,,,,,,,,,,,,,2020
U-Mass Worcester,131,89,,,,1.0,3.0,,3.0,,,,,9,70,6,,,38,,,1,,7,,,2,,,,,,,1.0,,1.0,,4,,2,,18,2,,4,4,,,,,,,,,,,,,,2020
U-Mass Worcester MA014UM00,,,,,,,,,,,,,,,,,,,,,,,,,,,,,,,,,,,,,,,,,,,,,,,,,,,,,,,,,,,,2020
Upton,233,29,,,,,1.0,1.0,,,1.0,,,6,12,9,,,198,3.0,,2,2.0,14,,1.0,13,,141,,,2,,,,,,3,,2,1.0,7,6,1.0,6,3,,,,,,2.0,,,,1.0,,,,2020
Uxbridge,344,88,,,,,,,,,,,2.0,35,30,21,,,244,,,21,1.0,50,2.0,,38,4.0,84,,,3,,1.0,,,8,9,,5,,9,6,3.0,12,9,,,,,,2.0,,,,1.0,,,,2020
Warren,131,54,,,,,2.0,1.0,1.0,,,,3.0,17,19,13,,,69,,,8,,23,,,7,,10,,,2,,,,,1,3,,1,,6,6,2.0,8,6,1.0,,,,,,,,,1.0,,,,2020
Webster,"1,026",436,,,,3.0,15.0,6.0,9.0,,4.0,,8.0,97,263,46,,,482,3.0,,38,17.0,118,,2.0,32,2.0,81,,,1,,7.0,1.0,1.0,16,29,,12,2.0,91,17,12.0,108,90,,,,,,6.0,1.0,,,11.0,,,,2020
West Boylston,117,30,,,,,2.0,2.0,,,1.0,,2.0,9,12,4,,,82,,,5,1.0,17,,1.0,9,2.0,7,,1.0,,,,2.0,1.0,4,1,,5,,19,6,1.0,5,1,,,,,,1.0,,,,3.0,,,,2020
West Brookfield,,,,,,,,,,,,,,,,,,,,,,,,,,,,,,,,,,,,,,,,,,,,,,,,,,,,,,,,,,,,2020
Westborough,574,159,,,,1.0,6.0,2.0,3.0,1.0,3.0,1.0,4.0,26,93,25,,,391,,,17,15.0,63,,5.0,49,5.0,78,,1.0,4,,1.0,1.0,,24,12,,14,4.0,80,12,6.0,24,16,,,,,,3.0,,,,4.0,1.0,,,2020
Westminster,242,45,,,,,1.0,,1.0,,,,4.0,13,20,7,,,187,2.0,,4,2.0,26,,,11,4.0,93,,,,,,,,2,2,,5,,29,3,4.0,10,6,,,,,,1.0,,,,3.0,,,,2020
Winchendon,375,117,,,,1.0,8.0,6.0,2.0,,5.0,,6.0,19,55,22,1.0,,238,1.0,,38,6.0,76,1.0,,18,2.0,29,,1.0,,,1.0,,,4,5,,6,,42,5,3.0,20,8,,,,,,7.0,,,,5.0,,,,2020
Worcester,"10,963","3,037",10.0,,,49.0,50.0,48.0,2.0,,34.0,,3.0,908,"1,488",493,2.0,,"7,541",13.0,,689,137.0,"1,500",23.0,24.0,342,322.0,18,5,153.0,871,30.0,210.0,,,430,371,1.0,"1,002",273.0,610,454,63.0,385,250,,,,,,8.0,15.0,,,107.0,5.0,,,2020
Worcester Polytechnic In,53,4,,,,,1.0,1.0,,,,,,,3,,,,49,,,2,,17,,1.0,4,,,,,,,,,,,6,,4,,13,,2.0,,,,,,,,,,,,,,,,2020
Worcester State,26,3,,,,,1.0,1.0,,,,,,,,2,,,22,,,,,8,,,6,,2,,,,,,,,,2,,1,,3,,,1,1,,,,,,,,,,,,,,2020
Worcester State Police,,,,,,,,,,,,,,,,,,,,,,,,,,,,,,,,,,,,,,,,,,,,,,,,,,,,,,,,,,,,2020
Worcester State Police Holden,,,,,,,,,,,,,,,,,,,,,,,,,,,,,,,,,,,,,,,,,,,,,,,,,,,,,,,,,,,,2020
Worcester State Police Weston,,,,,,,,,,,,,,,,,,,,,,,,,,,,,,,,,,,,,,,,,,,,,,,,,,,,,,,,,,,,2020
Worcester State University,,,,,,,,,,,,,,,,,,,,,,,,,,,,,,,,,,,,,,,,,,,,,,,,,,,,,,,,,,,,2020
Missing,,,,,,,,,,,,,,,,,,,,,,,,,,,,,,,,,,,,,,,,,,,,,,,,,,,,,,,,,,,,2020
MSCPA Police,,,,,,,,,,,,,,,,,,,,,,,,,,,,,,,,,,,,,,,,,,,,,,,,,,,,,,,,,,,,2020
Suffolk University,,,,,,,,,,,,,,,,,,,,,,,,,,,,,,,,,,,,,,,,,,,,,,,,,,,,,,,,,,,,2020
Jurisdiction by Geography,,,,,,,,,,,,,,,,,,,,,,,,,,,,,,,,,,,,,,,,,,,,,,,,,,,,,,,,,,,,2019
Barnstable,"1,607",635,2.0,1.0,,5.0,23.0,15.0,6.0,2.0,30.0,2.0,5.0,142.0,357,68,,,834,7.0,,62.0,25.0,200,13.0,4.0,44.0,34.0,1.0,,40.0,11.0,,14.0,3.0,3.0,107.0,78.0,,48.0,13.0,101.0,15.0,11.0,138.0,108.0,,,,,,6.0,,,,22.0,2.0,,,2019
Barnstable State Police,,,,,,,,,,,,,,,,,,,,,,,,,,,,,,,,,,,,,,,,,,,,,,,,,,,,,,,,,,,,2019
Barnstable State Police Middleboro,,,,,,,,,,,,,,,,,,,,,,,,,,,,,,,,,,,,,,,,,,,,,,,,,,,,,,,,,,,,2019
Bourne,749,251,,,,2.0,13.0,13.0,,,3.0,,3.0,39.0,135,56,,,440,,,44.0,20.0,86,1.0,1.0,52.0,5.0,30.0,,2.0,2.0,1.0,2.0,1.0,1.0,49.0,15.0,,10.0,,98.0,13.0,7.0,58.0,45.0,1.0,,,,,5.0,,1.0,,5.0,1.0,,,2019
Brewster,171,75,,,,1.0,4.0,4.0,,,2.0,,1.0,21.0,34,12,,,87,,,9.0,1.0,20,,,21.0,1.0,4.0,,,,,,,,1.0,6.0,,1.0,,21.0,1.0,1.0,9.0,6.0,,,,,,,,,,3.0,,,,2019
Cape Cod Community College,,,,,,,,,,,,,,,,,,,,,,,,,,,,,,,,,,,,,,,,,,,,,,,,,,,,,,,,,,,,2019
Chatham,172,41,,,,,2.0,2.0,,,,,,5.0,28,6,,,129,,,12.0,,36,3.0,,17.0,2.0,9.0,,,,,1.0,,,9.0,6.0,,4.0,,29.0,,1.0,2.0,1.0,,,,,,,,,,1.0,,,,2019
Dennis,613,232,,,,,17.0,10.0,7.0,,5.0,,3.0,70.0,120,17,,,349,,,45.0,10.0,70,,,29.0,10.0,14.0,,,,,1.0,1.0,2.0,17.0,25.0,,15.0,,101.0,5.0,4.0,32.0,28.0,,,,,,,,,,4.0,,,,2019
Eastham,119,27,,,,,2.0,2.0,,,1.0,,1.0,3.0,14,6,,,82,,,2.0,7.0,18,,,13.0,,4.0,,,1.0,,,,,1.0,4.0,,3.0,,28.0,1.0,,10.0,8.0,1.0,,,,,,,,,1.0,,,,2019
Falmouth,"1,294",503,,,,7.0,16.0,14.0,2.0,,8.0,,2.0,88.0,273,109,,,720,3.0,,116.0,16.0,210,2.0,2.0,55.0,2.0,42.0,,,,,5.0,5.0,1.0,32.0,49.0,,,,154.0,16.0,10.0,71.0,50.0,,,1.0,,,10.0,1.0,1.0,,8.0,,,,2019
Harwich,327,93,,,,,2.0,2.0,,,,,4.0,19.0,56,12,,,219,1.0,,26.0,4.0,64,1.0,1.0,17.0,6.0,15.0,,,2.0,,1.0,,,12.0,7.0,,1.0,,56.0,5.0,,15.0,6.0,,,,,,1.0,,,,8.0,,,,2019
Mashpee,415,113,,,,,6.0,5.0,1.0,,3.0,,4.0,34.0,46,20,,,263,,,17.0,5.0,62,,1.0,35.0,2.0,10.0,,,1.0,,,1.0,1.0,28.0,11.0,,10.0,,60.0,12.0,7.0,39.0,32.0,,,,,,1.0,,,,6.0,,,,2019
MBTA - Barnstable County,,,,,,,,,,,,,,,,,,,,,,,,,,,,,,,,,,,,,,,,,,,,,,,,,,,,,,,,,,,,2019
Orleans,143,27,,,,,1.0,1.0,,,1.0,,,4.0,15,6,,,106,,,6.0,4.0,22,1.0,,18.0,,8.0,,1.0,1.0,,,,,7.0,3.0,,3.0,,32.0,,,10.0,7.0,,,,,,3.0,,,,,,,,2019
Provincetown,208,73,,,,2.0,2.0,1.0,1.0,,,,,13.0,43,13,,,114,,,8.0,,40,,,11.0,1.0,6.0,,,,,1.0,,,10.0,7.0,,2.0,1.0,24.0,2.0,1.0,21.0,17.0,1.0,,,,,,,,,3.0,,,,2019
Sandwich,443,143,,,,,5.0,5.0,,,4.0,,4.0,34.0,72,24,,,266,2.0,,16.0,9.0,84,2.0,1.0,35.0,4.0,26.0,,,,,1.0,,,9.0,20.0,,10.0,,45.0,2.0,,34.0,31.0,,,,,,2.0,,,,1.0,,,,2019
Truro,43,19,,,,,1.0,,1.0,,,,,4.0,11,3,,,16,,,,1.0,4,,,4.0,1.0,1.0,,,,,,,,,1.0,,,,4.0,,,8.0,5.0,,,,,,,,,,3.0,,,,2019
Wellfleet,76,12,,,,,,,,,,,1.0,,10,1,,,58,,,6.0,3.0,21,1.0,,6.0,,,,,1.0,,,1.0,,3.0,4.0,,,,11.0,,1.0,6.0,4.0,,,,,,,,,,2.0,,,,2019
Yarmouth,838,296,,,,2.0,19.0,15.0,4.0,,5.0,1.0,12.0,74.0,137,40,3.0,3.0,448,,,38.0,20.0,88,1.0,1.0,59.0,6.0,21.0,,,,,3.0,1.0,,19.0,39.0,,28.0,,113.0,5.0,6.0,94.0,79.0,,,2.0,,,,1.0,,,12.0,,,,2019
Adams,298,102,,,,,10.0,9.0,1.0,,2.0,1.0,12.0,15.0,60,2,,,176,2.0,,35.0,4.0,45,2.0,,12.0,1.0,2.0,,,,,3.0,1.0,,5.0,19.0,,5.0,3.0,33.0,1.0,3.0,20.0,9.0,,,,,,5.0,,,,6.0,,,,2019
Alford,,,,,,,,,,,,,,,,,,,,,,,,,,,,,,,,,,,,,,,,,,,,,,,,,,,,,,,,,,,,2019
Becket,32,14,,,,,,,,,,,,3.0,11,,,,14,,,1.0,,5,1.0,,1.0,1.0,2.0,,,,,,,,1.0,,,1.0,,1.0,,,4.0,2.0,,,,,,,,,,2.0,,,,2019
Berkshire State Police,,,,,,,,,,,,,,,,,,,,,,,,,,,,,,,,,,,,,,,,,,,,,,,,,,,,,,,,,,,,2019
Berkshire State Police Northampton,,,,,,,,,,,,,,,,,,,,,,,,,,,,,,,,,,,,,,,,,,,,,,,,,,,,,,,,,,,,2019
Berkshire State Police Weston,,,,,,,,,,,,,,,,,,,,,,,,,,,,,,,,,,,,,,,,,,,,,,,,,,,,,,,,,,,,2019
Cheshire,19,10,,,,,,,,,,,1.0,2.0,6,1,,,5,,,1.0,,1,,,,,,,,,,,,,1.0,,,,,1.0,1.0,,4.0,1.0,1.0,,,,,1.0,,,,1.0,,,,2019
Clarksburg,,,,,,,,,,,,,,,,,,,,,,,,,,,,,,,,,,,,,,,,,,,,,,,,,,,,,,,,,,,,2019
Dalton,104,34,,,,,1.0,1.0,,,,,2.0,5.0,14,12,,,61,1.0,,8.0,4.0,12,,,10.0,6.0,3.0,,,1.0,,,,1.0,,2.0,,1.0,,9.0,2.0,1.0,9.0,7.0,,,,,,1.0,,,,1.0,,,,2019
Egremont,,,,,,,,,,,,,,,,,,,,,,,,,,,,,,,,,,,,,,,,,,,,,,,,,,,,,,,,,,,,2019
Florida,,,,,,,,,,,,,,,,,,,,,,,,,,,,,,,,,,,,,,,,,,,,,,,,,,,,,,,,,,,,2019
Great Barrington,104,38,,,,1.0,2.0,1.0,1.0,,1.0,,,8.0,24,2,,,55,2.0,,6.0,,14,1.0,,4.0,,2.0,,,,,1.0,1.0,1.0,4.0,5.0,,1.0,,12.0,,1.0,11.0,9.0,,,,,,1.0,,,,1.0,,,,2019
Hancock,,,,,,,,,,,,,,,,,,,,,,,,,,,,,,,,,,,,,,,,,,,,,,,,,,,,,,,,,,,,2019
Hinsdale,,,,,,,,,,,,,,,,,,,,,,,,,,,,,,,,,,,,,,,,,,,,,,,,,,,,,,,,,,,,2019
Lanesboro,,,,,,,,,,,,,,,,,,,,,,,,,,,,,,,,,,,,,,,,,,,,,,,,,,,,,,,,,,,,2019
Lee,163,48,,,,1.0,3.0,2.0,,1.0,1.0,,5.0,7.0,26,5,,,109,,,6.0,3.0,14,4.0,1.0,8.0,2.0,5.0,,,,,,2.0,,31.0,9.0,,6.0,,16.0,2.0,,6.0,2.0,,,,,,1.0,,,,3.0,,,,2019
Lenox,135,29,,,,1.0,2.0,2.0,,,2.0,,1.0,5.0,16,2,,,106,,1.0,11.0,3.0,12,2.0,,6.0,1.0,5.0,,,,,,,2.0,22.0,5.0,,2.0,1.0,31.0,1.0,1.0,,,,,,,,,,,,,,,,2019
MA College of Liberal Arts,29,3,,,,,2.0,2.0,,,,,,,,1,,,24,,,,,12,,,2.0,,,,,1.0,,,,1.0,,3.0,,,,5.0,,,2.0,1.0,,,,,,,,,,1.0,,,,2019
MBTA - Berkshire County,,,,,,,,,,,,,,,,,,,,,,,,,,,,,,,,,,,,,,,,,,,,,,,,,,,,,,,,,,,,2019
Monterey,9,1,,,,,,,,,,,,,1,,,,6,,,2.0,,,,,1.0,,1.0,,,,,,,,,1.0,,,,,1.0,,2.0,1.0,,,,,,,,,,1.0,,,,2019
Mount Washington,,,,,,,,,,,,,,,,,,,,,,,,,,,,,,,,,,,,,,,,,,,,,,,,,,,,,,,,,,,,2019
New Ashford,,,,,,,,,,,,,,,,,,,,,,,,,,,,,,,,,,,,,,,,,,,,,,,,,,,,,,,,,,,,2019
New Marlboro,,,,,,,,,,,,,,,,,,,,,,,,,,,,,,,,,,,,,,,,,,,,,,,,,,,,,,,,,,,,2019
North Adams,961,225,,,,,13.0,5.0,8.0,,1.0,,11.0,51.0,111,38,,,650,,,90.0,17.0,149,4.0,1.0,47.0,4.0,5.0,,,1.0,,9.0,8.0,3.0,126.0,44.0,,1.0,,122.0,12.0,7.0,86.0,64.0,,,1.0,,,9.0,,,,11.0,1.0,,,2019
Otis,,,,,,,,,,,,,,,,,,,,,,,,,,,,,,,,,,,,,,,,,,,,,,,,,,,,,,,,,,,,2019
Peru,,,,,,,,,,,,,,,,,,,,,,,,,,,,,,,,,,,,,,,,,,,,,,,,,,,,,,,,,,,,2019
Pittsfield,"2,502",901,2.0,,,9.0,36.0,28.0,8.0,,24.0,1.0,17.0,232.0,518,62,,,"1,466",6.0,,271.0,33.0,404,9.0,2.0,101.0,1.0,31.0,,,,,31.0,28.0,5.0,113.0,59.0,,58.0,4.0,243.0,43.0,24.0,135.0,83.0,1.0,,,,,6.0,,,,41.0,4.0,,,2019
Richmond,,,,,,,,,,,,,,,,,,,,,,,,,,,,,,,,,,,,,,,,,,,,,,,,,,,,,,,,,,,,2019
Sandisfield,,,,,,,,,,,,,,,,,,,,,,,,,,,,,,,,,,,,,,,,,,,,,,,,,,,,,,,,,,,,2019
Savoy,,,,,,,,,,,,,,,,,,,,,,,,,,,,,,,,,,,,,,,,,,,,,,,,,,,,,,,,,,,,2019
Sheffield,,,,,,,,,,,,,,,,,,,,,,,,,,,,,,,,,,,,,,,,,,,,,,,,,,,,,,,,,,,,2019
Stockbridge,64,6,,,,,,,,,,,,1.0,5,,,,57,,,4.0,1.0,17,1.0,,8.0,,3.0,,,,,,,,,4.0,,,1.0,16.0,1.0,1.0,1.0,,,,,,,1.0,,,,,,,,2019
Tyringham,,,,,,,,,,,,,,,,,,,,,,,,,,,,,,,,,,,,,,,,,,,,,,,,,,,,,,,,,,,,2019
Washington,,,,,,,,,,,,,,,,,,,,,,,,,,,,,,,,,,,,,,,,,,,,,,,,,,,,,,,,,,,,2019
West Stockbridge,,,,,,,,,,,,,,,,,,,,,,,,,,,,,,,,,,,,,,,,,,,,,,,,,,,,,,,,,,,,2019
Williamstown,145,24,,,,,4.0,3.0,1.0,,1.0,,,2.0,15,2,,,117,,,3.0,,28,,,8.0,1.0,,,,,,,,,2.0,4.0,,9.0,,58.0,2.0,2.0,4.0,3.0,,,,,,,,,,1.0,,,,2019
Windsor,,,,,,,,,,,,,,,,,,,,,,,,,,,,,,,,,,,,,,,,,,,,,,,,,,,,,,,,,,,,2019
Acushnet,175,61,,,,,5.0,3.0,2.0,,2.0,,3.0,7.0,25,19,,,105,,,14.0,,28,,,18.0,5.0,9.0,,,1.0,,,,,,5.0,,4.0,,14.0,7.0,,9.0,2.0,,,,,,3.0,,,,4.0,,,,2019
Attleboro,"1,653",437,,,,6.0,28.0,20.0,4.0,4.0,21.0,,2.0,84.0,244,51,1.0,,"1,125",1.0,,69.0,46.0,206,13.0,13.0,126.0,54.0,33.0,,29.0,27.0,7.0,14.0,1.0,,113.0,113.0,,104.0,38.0,70.0,26.0,22.0,91.0,50.0,6.0,,,,,12.0,,,4.0,17.0,2.0,,,2019
Berkley,74,22,,,,,2.0,2.0,,,,,,6.0,9,4,1.0,,44,,,9.0,,11,,,5.0,,4.0,,,,,,1.0,,1.0,2.0,,1.0,,7.0,2.0,1.0,8.0,6.0,,,,,,,,,,1.0,1.0,,,2019
Bristol Comm College,,,,,,,,,,,,,,,,,,,,,,,,,,,,,,,,,,,,,,,,,,,,,,,,,,,,,,,,,,,,2019
Bristol State Police,,,,,,,,,,,,,,,,,,,,,,,,,,,,,,,,,,,,,,,,,,,,,,,,,,,,,,,,,,,,2019
Bristol State Police Framingham,,,,,,,,,,,,,,,,,,,,,,,,,,,,,,,,,,,,,,,,,,,,,,,,,,,,,,,,,,,,2019
Bristol State Police Middleboro,,,,,,,,,,,,,,,,,,,,,,,,,,,,,,,,,,,,,,,,,,,,,,,,,,,,,,,,,,,,2019
Dartmouth,"1,342",349,,,,6.0,4.0,2.0,1.0,1.0,10.0,,3.0,60.0,179,87,,,930,1.0,,42.0,22.0,163,1.0,1.0,86.0,2.0,33.0,,1.0,2.0,,16.0,1.0,1.0,219.0,29.0,,84.0,18.0,172.0,21.0,15.0,63.0,43.0,,,,,,4.0,,,,13.0,3.0,,,2019
Dighton,116,37,,,,,1.0,1.0,,,1.0,1.0,2.0,9.0,18,5,,,69,,,5.0,2.0,22,1.0,,7.0,1.0,2.0,,1.0,,,,,,,4.0,,,,10.0,13.0,1.0,10.0,4.0,,,,,,,,,,6.0,,,,2019
Easton,444,123,,1.0,,1.0,9.0,6.0,3.0,,4.0,1.0,5.0,32.0,61,9,,,294,2.0,,24.0,12.0,47,1.0,,37.0,4.0,29.0,,,1.0,,3.0,4.0,6.0,13.0,6.0,,19.0,,69.0,11.0,6.0,27.0,19.0,1.0,,,,,2.0,1.0,,,4.0,,,,2019
Fairhaven,705,246,,,,2.0,11.0,7.0,4.0,,,1.0,3.0,38.0,108,83,,,430,,,29.0,10.0,118,2.0,,44.0,4.0,14.0,,,,,2.0,3.0,1.0,61.0,32.0,,15.0,,81.0,8.0,6.0,29.0,16.0,,,,,,5.0,,,,6.0,2.0,,,2019
Fall River,"4,645","2,076",5.0,,,32.0,51.0,50.0,1.0,,63.0,,23.0,613.0,"1,094",195,,,"2,083",23.0,,437.0,50.0,492,4.0,4.0,120.0,12.0,72.0,,,1.0,,113.0,21.0,10.0,187.0,118.0,,10.0,5.0,185.0,174.0,45.0,486.0,322.0,2.0,,9.0,,,24.0,25.0,2.0,,102.0,,,,2019
Freetown,226,93,,,,,5.0,5.0,,,3.0,,4.0,8.0,45,28,,,119,1.0,,16.0,3.0,31,1.0,1.0,8.0,,14.0,,,,,2.0,1.0,1.0,,7.0,,1.0,,19.0,12.0,1.0,14.0,11.0,,,,,,1.0,,,,1.0,1.0,,,2019
Mansfield,624,209,,,,,11.0,3.0,8.0,,4.0,,6.0,49.0,126,13,,,386,,,15.0,17.0,79,1.0,2.0,42.0,15.0,33.0,,1.0,8.0,,5.0,,1.0,34.0,40.0,,19.0,7.0,51.0,8.0,8.0,29.0,19.0,1.0,,,,,2.0,,,1.0,5.0,1.0,,,2019
MBTA - Bristol County,,,,,,,,,,,,,,,,,,,,,,,,,,,,,,,,,,,,,,,,,,,,,,,,,,,,,,,,,,,,2019
New Bedford,"7,913","3,076",3.0,,,35.0,68.0,52.0,16.0,,62.0,,18.0,390.0,"1,891",609,,,"3,900",5.0,1.0,374.0,66.0,960,17.0,8.0,304.0,15.0,154.0,,,2.0,,176.0,4.0,2.0,309.0,181.0,,380.0,95.0,606.0,159.0,82.0,937.0,755.0,,,7.0,,,23.0,37.0,,,111.0,4.0,,,2019
North Attleborough,664,115,3.0,,,,6.0,6.0,,,1.0,,,16.0,81,8,,,541,2.0,,22.0,7.0,41,7.0,,1.0,38.0,,1.0,14.0,3.0,,1.0,,,213.0,3.0,,69.0,,111.0,7.0,1.0,8.0,8.0,,,,,,,,,,,,,,2019
Norton,63,31,,,,,3.0,3.0,,,,,,20.0,3,5,,,29,1.0,,7.0,,,,,13.0,2.0,,,,,,,,,,2.0,,,1.0,2.0,1.0,,3.0,1.0,,,,,,,2.0,,,,,,,2019
Raynham,400,76,,,,,4.0,1.0,3.0,,2.0,,1.0,20.0,40,9,,,303,,,12.0,10.0,21,2.0,1.0,36.0,3.0,6.0,,,,,4.0,6.0,,110.0,6.0,,9.0,,59.0,16.0,2.0,21.0,15.0,,,,,,,,,,6.0,,,,2019
Rehoboth,169,44,,,,,,,,,,2.0,2.0,7.0,21,12,,,114,,,16.0,6.0,22,,,8.0,3.0,19.0,,,,,1.0,,1.0,1.0,2.0,,9.0,,14.0,10.0,2.0,11.0,5.0,,,,,,,1.0,1.0,,4.0,,,,2019
Seekonk,568,62,,1.0,,,1.0,1.0,,,,,1.0,23.0,27,9,,,427,1.0,,27.0,16.0,62,,,38.0,16.0,27.0,,,,,3.0,,,61.0,10.0,,10.0,,136.0,13.0,7.0,79.0,64.0,,,1.0,,,3.0,4.0,,,7.0,,,,2019
Somerset,561,212,,,,2.0,3.0,2.0,1.0,,5.0,1.0,9.0,36.0,89,67,,,319,,,8.0,15.0,68,2.0,,48.0,4.0,27.0,,,,,4.0,2.0,3.0,21.0,40.0,,18.0,1.0,45.0,8.0,5.0,30.0,23.0,,,,,,3.0,,,,4.0,,,,2019
Stonehill College,,,,,,,,,,,,,,,,,,,,,,,,,,,,,,,,,,,,,,,,,,,,,,,,,,,,,,,,,,,,2019
Swansea,425,155,,,,,5.0,5.0,,,4.0,2.0,3.0,28.0,77,36,,,252,,,17.0,7.0,61,,1.0,37.0,3.0,15.0,,1.0,2.0,,1.0,,,31.0,10.0,,8.0,6.0,42.0,6.0,4.0,18.0,11.0,,,,,,,,,,7.0,,,,2019
Taunton,"1,421",617,2.0,,,5.0,15.0,14.0,1.0,,7.0,,16.0,184.0,325,63,,,628,3.0,,88.0,20.0,163,1.0,,38.0,3.0,5.0,,,,,18.0,2.0,2.0,69.0,45.0,,10.0,,122.0,24.0,15.0,176.0,152.0,,,1.0,,,5.0,1.0,,,17.0,,,,2019
U-Mass Dartmouth,,,,,,,,,,,,,,,,,,,,,,,,,,,,,,,,,,,,,,,,,,,,,,,,,,,,,,,,,,,,2019
Uncategorized,,,,,,,,,,,,,,,,,,,,,,,,,,,,,,,,,,,,,,,,,,,,,,,,,,,,,,,,,,,,2019
Westport,388,91,,,,,4.0,2.0,2.0,,1.0,,3.0,19.0,48,16,,,277,1.0,,27.0,10.0,70,5.0,1.0,30.0,2.0,10.0,,,1.0,,,,,7.0,10.0,,28.0,1.0,53.0,12.0,9.0,20.0,13.0,,,1.0,,,1.0,1.0,,,4.0,,,,2019
Wheaton College,155,13,,,,,,,,,,,,,3,10,,,92,,,2.0,,60,,,,1.0,,,,2.0,,,,,,23.0,,1.0,,3.0,,,50.0,49.0,,,,,,,,,,1.0,,,,2019
Aquinnah,5,2,,,,,,,,,,,,2.0,,,,,2,,,,,2,,,,,,,,,,,,,,,,,,,,,1.0,,,,,,,,,,,1.0,,,,2019
Chilmark,16,4,,,,,,,,,,,,3.0,1,,,,12,,,,1.0,4,,,1.0,,,,,,,,,,,,,,,6.0,,,,,,,,,,,,,,,,,,2019
Dukes State Police,,,,,,,,,,,,,,,,,,,,,,,,,,,,,,,,,,,,,,,,,,,,,,,,,,,,,,,,,,,,2019
Dukes State Police Middleboro,,,,,,,,,,,,,,,,,,,,,,,,,,,,,,,,,,,,,,,,,,,,,,,,,,,,,,,,,,,,2019
Edgartown,158,50,,,,,3.0,3.0,,,,,,17.0,29,1,,,105,,,9.0,2.0,28,,,11.0,,,,,,,1.0,3.0,,6.0,3.0,,,,38.0,4.0,,3.0,3.0,,,,,,,,,,,,,,2019
Gosnold,,,,,,,,,,,,,,,,,,,,,,,,,,,,,,,,,,,,,,,,,,,,,,,,,,,,,,,,,,,,2019
MBTA - Dukes County,,,,,,,,,,,,,,,,,,,,,,,,,,,,,,,,,,,,,,,,,,,,,,,,,,,,,,,,,,,,2019
Oak Bluffs,169,64,,,,,1.0,1.0,,,,,1.0,25.0,30,7,,,100,,,11.0,3.0,20,,,8.0,,,,,,,1.0,,,18.0,2.0,,,,31.0,6.0,,5.0,2.0,,,1.0,,,1.0,,,,1.0,,,,2019
Tisbury,145,71,,,,1.0,3.0,3.0,,,,,2.0,28.0,24,13,,,63,1.0,,6.0,2.0,21,,,7.0,,,,,,,,,,7.0,2.0,,,,15.0,2.0,,11.0,6.0,,,,,,2.0,,,,3.0,,,,2019
West Tisbury,51,13,,,,,1.0,1.0,,,,,1.0,6.0,2,3,,,35,,,2.0,1.0,12,,,5.0,,,,,,,,,,2.0,1.0,,,,8.0,4.0,,3.0,1.0,,,,,,,,,,2.0,,,,2019
Amesbury,388,106,,,,1.0,3.0,1.0,2.0,,,,4.0,19.0,67,12,,,260,,,18.0,8.0,62,1.0,,22.0,5.0,13.0,,,,,3.0,5.0,1.0,3.0,15.0,,21.0,1.0,68.0,7.0,7.0,22.0,15.0,,,,,,1.0,1.0,,,5.0,,,,2019
Andover,567,92,,,,1.0,6.0,6.0,,,5.0,,,1.0,74,5,,,439,,,29.0,9.0,80,2.0,1.0,37.0,35.0,1.0,,13.0,36.0,9.0,,,,4.0,12.0,,64.0,11.0,88.0,7.0,1.0,36.0,33.0,,,,,,1.0,,,,2.0,,,,2019
Beverly,530,112,,,,,6.0,6.0,,,6.0,,,41.0,43,15,1.0,,390,1.0,,19.0,8.0,101,,,21.0,23.0,16.0,,12.0,,,2.0,1.0,1.0,19.0,17.0,,48.0,5.0,86.0,10.0,,28.0,16.0,10.0,,,,,,1.0,,,1.0,,,,2019
Boxford,96,2,,,,,,,,,,,,,2,,,,94,,,2.0,2.0,43,,,18.0,15.0,,,,,3.0,,,,,3.0,,,,8.0,,,,,,,,,,,,,,,,,,2019
Danvers,962,308,,,,,2.0,2.0,,,19.0,,2.0,34.0,203,47,,1.0,618,3.0,,26.0,24.0,89,14.0,2.0,45.0,40.0,25.0,,2.0,,,4.0,8.0,,166.0,61.0,,31.0,10.0,44.0,16.0,8.0,36.0,24.0,,,,,,3.0,1.0,,,8.0,,,,2019
Endicott College,,,,,,,,,,,,,,,,,,,,,,,,,,,,,,,,,,,,,,,,,,,,,,,,,,,,,,,,,,,,2019
Essex,,,,,,,,,,,,,,,,,,,,,,,,,,,,,,,,,,,,,,,,,,,,,,,,,,,,,,,,,,,,2019
Essex State Police,,,,,,,,,,,,,,,,,,,,,,,,,,,,,,,,,,,,,,,,,,,,,,,,,,,,,,,,,,,,2019
Essex State Police Framingham,,,,,,,,,,,,,,,,,,,,,,,,,,,,,,,,,,,,,,,,,,,,,,,,,,,,,,,,,,,,2019
Georgetown,136,31,,,,,,,,,,,,2.0,22,7,,,91,,,5.0,2.0,21,,,18.0,5.0,9.0,,,1.0,,,,,,9.0,,3.0,,15.0,1.0,2.0,14.0,14.0,,,,,,,,,,,,,,2019
Gloucester,645,246,,,,2.0,8.0,8.0,,,5.0,,3.0,50.0,150,28,,,337,,,22.0,19.0,73,1.0,,52.0,2.0,12.0,,,,,1.0,3.0,1.0,31.0,37.0,,10.0,,56.0,13.0,4.0,62.0,54.0,,,3.0,,,,1.0,,,4.0,,,,2019
Gordon College,,,,,,,,,,,,,,,,,,,,,,,,,,,,,,,,,,,,,,,,,,,,,,,,,,,,,,,,,,,,2019
Groveland,38,8,1.0,,,,,,,,,,,1.0,5,1,,,28,,,1.0,,5,,,2.0,11.0,,,1.0,,,,,,,,,3.0,,3.0,2.0,,2.0,1.0,,,,,,,,,,1.0,,,,2019
Hamilton,93,7,,,,,,,,,,,,1.0,1,5,,,85,,,4.0,,32,1.0,1.0,11.0,1.0,5.0,,6.0,,,,1.0,,1.0,4.0,,1.0,,12.0,3.0,2.0,1.0,1.0,,,,,,,,,,,,,,2019
Haverhill,"2,966","1,231",1.0,,,12.0,15.0,15.0,,,,,5.0,323.0,633,242,,,"1,552",7.0,,181.0,35.0,384,1.0,3.0,107.0,48.0,2.0,,,,,15.0,9.0,,67.0,18.0,,163.0,1.0,404.0,107.0,,183.0,119.0,,,,,,11.0,,,,53.0,,,,2019
Ipswich,158,49,,,,,8.0,1.0,7.0,,,,1.0,9.0,22,9,,,97,,,6.0,5.0,20,,,13.0,2.0,5.0,,2.0,,,2.0,3.0,,1.0,10.0,,5.0,,14.0,7.0,2.0,12.0,7.0,,,,,,,,,,5.0,,,,2019
Lawrence,,,,,,,,,,,,,,,,,,,,,,,,,,,,,,,,,,,,,,,,,,,,,,,,,,,,,,,,,,,,2019
Lynn,"3,739","1,290",8.0,,,11.0,33.0,32.0,,1.0,20.0,,8.0,332.0,781,97,,,"2,198",1.0,,210.0,31.0,497,,4.0,130.0,83.0,45.0,,,,,103.0,46.0,,88.0,60.0,,193.0,5.0,565.0,137.0,,251.0,165.0,,,,,,5.0,7.0,2.0,,72.0,,,,2019
Lynnfield,174,38,,,,,,,,,,,,2.0,21,15,,,133,,,8.0,3.0,25,,,11.0,2.0,10.0,,,1.0,,,2.0,1.0,11.0,7.0,,3.0,,46.0,1.0,2.0,3.0,2.0,,,,,,,,,,1.0,,,,2019
Manchester-by-the-sea,72,8,,,,,,,,,,,,2.0,4,2,,,62,,,4.0,2.0,11,,,6.0,9.0,,,6.0,,,,,,,2.0,,7.0,1.0,9.0,1.0,4.0,2.0,1.0,,,,,,1.0,,,,,,,,2019
Marblehead,309,61,,,,1.0,7.0,3.0,4.0,,,,1.0,15.0,25,12,,,240,,,10.0,10.0,65,5.0,,25.0,3.0,1.0,,,1.0,,,1.0,,5.0,23.0,,12.0,,70.0,5.0,4.0,8.0,3.0,,,,,,,,,,5.0,,,,2019
MBTA - Essex County,,,,,,,,,,,,,,,,,,,,,,,,,,,,,,,,,,,,,,,,,,,,,,,,,,,,,,,,,,,,2019
Merrimac,67,24,,,,,,,,,1.0,3.0,,2.0,15,3,,,37,,,6.0,2.0,7,,1.0,5.0,2.0,4.0,,,,,,,,,4.0,,,,5.0,1.0,,6.0,4.0,,,,,,1.0,,,,1.0,,,,2019
Merrimack College,,,,,,,,,,,,,,,,,,,,,,,,,,,,,,,,,,,,,,,,,,,,,,,,,,,,,,,,,,,,2019
Methuen,"1,321",369,1.0,1.0,,1.0,1.0,1.0,,,2.0,,,82.0,257,24,,,856,,,59.0,11.0,162,,,40.0,32.0,18.0,,,19.0,3.0,11.0,,,129.0,4.0,,84.0,28.0,204.0,48.0,4.0,96.0,76.0,1.0,,,,,9.0,,,,10.0,,,,2019
Middleton,121,22,,,,1.0,,,,,,,,5.0,11,5,,,95,,1.0,3.0,13.0,15,,,14.0,1.0,8.0,,,,,,,,2.0,5.0,,7.0,,21.0,3.0,2.0,4.0,2.0,1.0,,,,,1.0,,,,,,,,2019
Nahant,50,16,,,,,1.0,1.0,,,,,,11.0,4,,,,33,,,2.0,,12,1.0,,3.0,,4.0,,,1.0,,,,,,2.0,,,,7.0,1.0,,1.0,1.0,,,,,,,,,,,,,,2019
Newbury,137,38,,,,,1.0,1.0,,,,,,10.0,18,9,,,71,,,4.0,2.0,10,,,17.0,,10.0,,1.0,1.0,,,1.0,,,5.0,,,,17.0,,3.0,28.0,6.0,,,,,,19.0,,,,3.0,,,,2019
Newburyport,380,119,,,,,5.0,1.0,4.0,,2.0,1.0,3.0,18.0,62,28,,,248,,,14.0,8.0,50,3.0,,32.0,4.0,19.0,,,,,,,,38.0,16.0,,14.0,2.0,45.0,2.0,1.0,13.0,9.0,,,,,,1.0,,,,3.0,,,,2019
North Andover,406,83,,,,1.0,5.0,2.0,3.0,,4.0,,5.0,10.0,43,15,,,286,,,14.0,16.0,33,1.0,1.0,35.0,7.0,21.0,,2.0,1.0,,3.0,,1.0,58.0,16.0,,17.0,,48.0,10.0,2.0,37.0,23.0,,,,,,3.0,,1.0,,8.0,2.0,,,2019
North Shore CC,,,,,,,,,,,,,,,,,,,,,,,,,,,,,,,,,,,,,,,,,,,,,,,,,,,,,,,,,,,,2019
North Shore CC,,,,,,,,,,,,,,,,,,,,,,,,,,,,,,,,,,,,,,,,,,,,,,,,,,,,,,,,,,,,2019
North Shore Community College,,,,,,,,,,,,,,,,,,,,,,,,,,,,,,,,,,,,,,,,,,,,,,,,,,,,,,,,,,,,2019
Northern Essex Community College,,,,,,,,,,,,,,,,,,,,,,,,,,,,,,,,,,,,,,,,,,,,,,,,,,,,,,,,,,,,2019
Peabody,"1,319",386,,,,2.0,21.0,16.0,4.0,1.0,4.0,,5.0,94.0,191,69,,,853,2.0,,57.0,25.0,186,3.0,1.0,107.0,7.0,49.0,,,1.0,,8.0,4.0,5.0,60.0,43.0,,57.0,1.0,201.0,30.0,6.0,80.0,65.0,,,1.0,,,2.0,,,,12.0,,,,2019
Rockport,83,35,,,,,2.0,2.0,,,,,,4.0,21,8,,,41,,,4.0,2.0,16,,,5.0,1.0,,,,,,1.0,1.0,,1.0,2.0,,2.0,1.0,4.0,1.0,,7.0,4.0,,,,,,,,,,3.0,,,,2019
Rowley,64,17,,,,,1.0,1.0,,,,,,5.0,6,5,,,41,,,4.0,3.0,2,,,5.0,,1.0,,,,,,,,,2.0,,1.0,,19.0,1.0,3.0,6.0,3.0,,,,,,2.0,,,,1.0,,,,2019
Salem,"2,381",810,,,,3.0,14.0,11.0,2.0,1.0,16.0,,1.0,73.0,523,180,,,"1,403",6.0,,87.0,18.0,339,,2.0,148.0,44.0,9.0,1.0,15.0,39.0,,21.0,,,158.0,33.0,,90.0,4.0,337.0,47.0,5.0,168.0,125.0,17.0,,,,,2.0,1.0,,,19.0,4.0,,,2019
Salem State College,,,,,,,,,,,,,,,,,,,,,,,,,,,,,,,,,,,,,,,,,,,,,,,,,,,,,,,,,,,,2019
Salem State University,60,6,,,,,,,,,1.0,,,1.0,3,1,,,54,1.0,,2.0,,25,,,,,,,,,,,,,,,,2.0,,24.0,,,,,,,,,,,,,,,,,,2019
Salisbury,351,114,,,,1.0,5.0,4.0,1.0,,3.0,1.0,1.0,12.0,74,17,,,199,1.0,,25.0,8.0,65,,,23.0,6.0,14.0,,,,,,,,2.0,7.0,,6.0,1.0,32.0,5.0,4.0,38.0,34.0,,,,,,2.0,,,,1.0,1.0,,,2019
Saugus,960,192,,,,1.0,9.0,6.0,3.0,,1.0,,3.0,54.0,79,45,,,723,1.0,,29.0,19.0,136,,5.0,85.0,19.0,46.0,,2.0,4.0,,10.0,2.0,1.0,113.0,17.0,,51.0,5.0,132.0,28.0,18.0,45.0,31.0,,,,,,1.0,,,,13.0,,,,2019
Swampscott,251,43,,,,1.0,1.0,1.0,,,,,,6.0,31,4,,,203,,,12.0,7.0,38,,,23.0,10.0,,,,,,1.0,3.0,,15.0,3.0,,11.0,1.0,77.0,2.0,,5.0,4.0,,,,,,,,,,1.0,,,,2019
Topsfield,57,14,,,,,1.0,1.0,,,,,,4.0,7,2,,,35,,,2.0,,13,,,9.0,1.0,,,,,,,,,,2.0,,2.0,,3.0,1.0,2.0,8.0,5.0,,,,,,1.0,,,,2.0,,,,2019
Wenham,49,10,,,,,,,,,,,,,5,5,,,38,,,1.0,2.0,13,1.0,,5.0,1.0,6.0,,1.0,,,,,,,1.0,,2.0,,3.0,1.0,1.0,1.0,1.0,,,,,,,,,,,,,,2019
West Newbury,63,16,,,,,2.0,,1.0,1.0,,,,6.0,5,3,,,44,,,2.0,5.0,8,,,5.0,3.0,4.0,,,1.0,,,1.0,,1.0,4.0,,3.0,,4.0,,3.0,3.0,2.0,,,,,,1.0,,,,,,,,2019
Ashfield,5,,,,,,,,,,,,,,,,,,5,,,,,,,,1.0,,2.0,,,,,,,,,,,,,1.0,,1.0,,,,,,,,,,,,,,,,2019
Bernardston,46,13,,,,,3.0,2.0,1.0,,,,,2.0,5,3,,,30,,,3.0,,8,,,3.0,,5.0,,,,,,,,,7.0,,2.0,,2.0,,,3.0,1.0,,,,,,1.0,,,,1.0,,,,2019
Buckland,,,,,,,,,,,,,,,,,,,,,,,,,,,,,,,,,,,,,,,,,,,,,,,,,,,,,,,,,,,,2019
Charlemont,,,,,,,,,,,,,,,,,,,,,,,,,,,,,,,,,,,,,,,,,,,,,,,,,,,,,,,,,,,,2019
Colrain,,,,,,,,,,,,,,,,,,,,,,,,,,,,,,,,,,,,,,,,,,,,,,,,,,,,,,,,,,,,2019
Conway,,,,,,,,,,,,,,,,,,,,,,,,,,,,,,,,,,,,,,,,,,,,,,,,,,,,,,,,,,,,2019
Deerfield,127,25,,,,,2.0,2.0,,,1.0,,,3.0,15,4,,,88,1.0,,15.0,3.0,21,,,13.0,,5.0,,,,,,,,3.0,3.0,,5.0,,16.0,1.0,2.0,14.0,10.0,,,,,,,,,1.0,3.0,,,,2019
Erving,74,16,,,,,,,,,,2.0,,,7,7,,,35,,,5.0,2.0,8,,,3.0,2.0,5.0,,,,,,,,,4.0,,2.0,,3.0,1.0,,23.0,20.0,,,,,,,,,,3.0,,,,2019
Franklin State Police,,,,,,,,,,,,,,,,,,,,,,,,,,,,,,,,,,,,,,,,,,,,,,,,,,,,,,,,,,,,2019
Franklin State Police Holden,,,,,,,,,,,,,,,,,,,,,,,,,,,,,,,,,,,,,,,,,,,,,,,,,,,,,,,,,,,,2019
Franklin State Police Northampton,,,,,,,,,,,,,,,,,,,,,,,,,,,,,,,,,,,,,,,,,,,,,,,,,,,,,,,,,,,,2019
Gill,35,2,,,,,,,,,,,1.0,,1,,,,30,,,1.0,,10,,,5.0,,4.0,,,,,,,,2.0,4.0,,1.0,1.0,2.0,,,3.0,2.0,,,,,,,,,,1.0,,,,2019
Greenfield,819,229,,,,4.0,11.0,7.0,4.0,,4.0,,15.0,64.0,114,17,,,533,,,63.0,6.0,101,8.0,,39.0,3.0,8.0,,,,,10.0,3.0,1.0,40.0,55.0,,33.0,,148.0,11.0,4.0,57.0,41.0,1.0,,,,,6.0,,,,8.0,1.0,,,2019
Greenfield CC,,,,,,,,,,,,,,,,,,,,,,,,,,,,,,,,,,,,,,,,,,,,,,,,,,,,,,,,,,,,2019
Hawley,,,,,,,,,,,,,,,,,,,,,,,,,,,,,,,,,,,,,,,,,,,,,,,,,,,,,,,,,,,,2019
Heath,,,,,,,,,,,,,,,,,,,,,,,,,,,,,,,,,,,,,,,,,,,,,,,,,,,,,,,,,,,,2019
Leverett,9,1,,,,,,,,,,,,1.0,,,,,8,,,3.0,,,,,2.0,,1.0,,,,,,,,,,,,,1.0,1.0,,,,,,,,,,,,,,,,,2019
Leyden,,,,,,,,,,,,,,,,,,,,,,,,,,,,,,,,,,,,,,,,,,,,,,,,,,,,,,,,,,,,2019
MBTA - Franklin County,,,,,,,,,,,,,,,,,,,,,,,,,,,,,,,,,,,,,,,,,,,,,,,,,,,,,,,,,,,,2019
Monroe,,,,,,,,,,,,,,,,,,,,,,,,,,,,,,,,,,,,,,,,,,,,,,,,,,,,,,,,,,,,2019
Montague,266,88,,,,,4.0,3.0,1.0,,,,1.0,41.0,35,7,,,151,,,18.0,1.0,47,,1.0,6.0,2.0,3.0,,,,,4.0,1.0,,13.0,9.0,,2.0,1.0,40.0,2.0,1.0,27.0,21.0,,,,,,2.0,,,,4.0,,,,2019
New Salem,,,,,,,,,,,,,,,,,,,,,,,,,,,,,,,,,,,,,,,,,,,,,,,,,,,,,,,,,,,,2019
Northfield,34,12,,,,,,,,,1.0,,,,8,3,,,20,,,1.0,,6,,,1.0,,2.0,,,1.0,,,,,1.0,1.0,,,,7.0,,,2.0,1.0,,,,,,,,,,1.0,,,,2019
Orange,247,69,,,,1.0,4.0,2.0,2.0,,1.0,6.0,5.0,17.0,27,8,,,151,1.0,,17.0,4.0,26,,,14.0,2.0,1.0,,,,,2.0,,,55.0,2.0,,3.0,1.0,12.0,4.0,7.0,27.0,16.0,1.0,,1.0,,,2.0,,,,7.0,,,,2019
Rowe,,,,,,,,,,,,,,,,,,,,,,,,,,,,,,,,,,,,,,,,,,,,,,,,,,,,,,,,,,,,2019
Shelburne,28,9,,,,,,,,,,,,2.0,7,,,,19,,,3.0,1.0,6,,,1.0,,1.0,,,,,,,,4.0,1.0,,,,2.0,,,,,,,,,,,,,,,,,,2019
Shutesbury,6,3,,,,,,,,,,,,2.0,1,,,,3,,,,,1,,,,,1.0,,,,,,,,,1.0,,,,,,,,,,,,,,,,,,,,,,2019
Sunderland,70,24,,,,1.0,2.0,2.0,,,,,,2.0,11,8,,,37,,,5.0,,9,,,5.0,,2.0,,,,,,,,1.0,,,2.0,,10.0,3.0,,9.0,5.0,1.0,,,,,,,,,3.0,,,,2019
Warwick,,,,,,,,,,,,,,,,,,,,,,,,,,,,,,,,,,,,,,,,,,,,,,,,,,,,,,,,,,,,2019
Wendell,,,,,,,,,,,,,,,,,,,,,,,,,,,,,,,,,,,,,,,,,,,,,,,,,,,,,,,,,,,,2019
Whately,36,4,,,,,,,,,,,,1.0,3,,,,32,,,2.0,2.0,9,,,2.0,1.0,,,,,,,,,,5.0,,1.0,1.0,3.0,5.0,1.0,,,,,,,,,,,,,,,,2019
Agawam,"1,128",349,,,,1.0,13.0,10.0,3.0,,2.0,2.0,6.0,63.0,222,40,,,729,1.0,,136.0,20.0,159,2.0,2.0,64.0,4.0,55.0,,,2.0,,8.0,1.0,,14.0,23.0,,7.0,5.0,195.0,22.0,9.0,50.0,31.0,1.0,,,,,3.0,,,,15.0,,,,2019
Blandford,,,,,,,,,,,,,,,,,,,,,,,,,,,,,,,,,,,,,,,,,,,,,,,,,,,,,,,,,,,,2019
Brimfield,,,,,,,,,,,,,,,,,,,,,,,,,,,,,,,,,,,,,,,,,,,,,,,,,,,,,,,,,,,,2019
Chester,,,,,,,,,,,,,,,,,,,,,,,,,,,,,,,,,,,,,,,,,,,,,,,,,,,,,,,,,,,,2019
Chicopee,"3,642","1,286",2.0,,,11.0,35.0,23.0,12.0,,7.0,2.0,29.0,248.0,675,277,,,"2,198",4.0,1.0,249.0,54.0,401,4.0,6.0,113.0,8.0,165.0,,,,,57.0,5.0,14.0,232.0,79.0,,9.0,5.0,652.0,111.0,29.0,158.0,92.0,1.0,,,,,15.0,,,,50.0,,,,2019
East Longmeadow,497,119,1.0,,,1.0,6.0,3.0,3.0,,2.0,,8.0,12.0,57,32,,,348,2.0,,28.0,11.0,54,3.0,3.0,42.0,7.0,25.0,,,,,6.0,1.0,2.0,40.0,13.0,,26.0,,69.0,12.0,4.0,30.0,18.0,,,,,,7.0,,,,5.0,,,,2019
Granville,,,,,,,,,,,,,,,,,,,,,,,,,,,,,,,,,,,,,,,,,,,,,,,,,,,,,,,,,,,,2019
Hampden,54,9,,,,,,,,,,,,1.0,7,1,,,42,,,7.0,2.0,9,,,4.0,,1.0,,,1.0,,,,,,3.0,,5.0,,8.0,1.0,1.0,3.0,1.0,,,,,,,,,,2.0,,,,2019
Hampden State Police,,,,,,,,,,,,,,,,,,,,,,,,,,,,,,,,,,,,,,,,,,,,,,,,,,,,,,,,,,,,2019
Hampden State Police Northampton,,,,,,,,,,,,,,,,,,,,,,,,,,,,,,,,,,,,,,,,,,,,,,,,,,,,,,,,,,,,2019
Hampden State Police Weston,,,,,,,,,,,,,,,,,,,,,,,,,,,,,,,,,,,,,,,,,,,,,,,,,,,,,,,,,,,,2019
Holland,32,9,,,,,2.0,2.0,,,,,2.0,,5,,,,23,,,1.0,1.0,2,2.0,,4.0,1.0,1.0,,,,,,1.0,,,1.0,,2.0,,2.0,3.0,2.0,,,,,,,,,,,,,,,,2019
Holyoke,"4,121","1,184",4.0,,,2.0,36.0,31.0,5.0,,5.0,8.0,16.0,254.0,562,297,,,"2,431",4.0,,216.0,29.0,606,,1.0,53.0,38.0,4.0,,2.0,33.0,,54.0,6.0,9.0,460.0,27.0,,99.0,1.0,644.0,101.0,44.0,506.0,394.0,,,1.0,,,12.0,2.0,1.0,,95.0,1.0,,,2019
Holyoke Community College,45,11,,,,,1.0,,1.0,,,,,1.0,4,5,,,31,,,,,9,,,1.0,,2.0,,,,,,,,2.0,4.0,,,1.0,12.0,,,3.0,1.0,2.0,,,,,,,,,,,,,2019
Longmeadow,337,51,,,,,3.0,2.0,1.0,,,,4.0,7.0,18,19,,,276,1.0,,29.0,3.0,37,,1.0,35.0,1.0,41.0,,,2.0,,,,,6.0,20.0,,39.0,1.0,46.0,12.0,2.0,10.0,3.0,,,,,,2.0,,,,3.0,2.0,,,2019
Ludlow,635,188,,,,,5.0,,5.0,,3.0,,,54.0,94,32,,,420,1.0,,37.0,13.0,109,,,32.0,3.0,26.0,,,,,4.0,4.0,,27.0,12.0,,30.0,3.0,95.0,22.0,2.0,27.0,23.0,,,1.0,,,1.0,,,,2.0,,,,2019
MBTA - Hampden County,,,,,,,,,,,,,,,,,,,,,,,,,,,,,,,,,,,,,,,,,,,,,,,,,,,,,,,,,,,,2019
Monson,255,109,,,,2.0,4.0,3.0,1.0,,,,5.0,23.0,48,27,,,103,,,13.0,4.0,23,,1.0,10.0,,14.0,,,1.0,,,1.0,,2.0,4.0,,1.0,1.0,17.0,9.0,2.0,43.0,27.0,,,,,,4.0,,,,12.0,,,,2019
Montgomery,,,,,,,,,,,,,,,,,,,,,,,,,,,,,,,,,,,,,,,,,,,,,,,,,,,,,,,,,,,,2019
Palmer,520,195,,,,1.0,2.0,2.0,,,,,2.0,45.0,126,19,,,240,3.0,,36.0,8.0,63,,2.0,12.0,7.0,14.0,,,3.0,,3.0,,,17.0,3.0,,4.0,,49.0,10.0,6.0,85.0,67.0,,,,,,6.0,,,,11.0,1.0,,,2019
Russell,,,,,,,,,,,,,,,,,,,,,,,,,,,,,,,,,,,,,,,,,,,,,,,,,,,,,,,,,,,,2019
Southwick,210,46,,,,1.0,3.0,2.0,1.0,,,,1.0,7.0,27,7,,,149,,,21.0,1.0,42,,1.0,19.0,,13.0,,,1.0,,,,,2.0,4.0,,3.0,,33.0,8.0,1.0,15.0,9.0,,,,,,2.0,,,,4.0,,,,2019
Springfield,"13,802","5,542",20.0,,,81.0,82.0,59.0,12.0,11.0,95.0,,8.0,942.0,"3,023","1,290",1.0,,"7,295",31.0,1.0,756.0,168.0,"1,675",26.0,25.0,213.0,244.0,197.0,,71.0,57.0,,361.0,31.0,8.0,372.0,650.0,1.0,856.0,315.0,645.0,501.0,91.0,965.0,428.0,,6.0,4.0,3.0,,41.0,19.0,3.0,19.0,433.0,9.0,,,2019
Springfield College,,,,,,,,,,,,,,,,,,,,,,,,,,,,,,,,,,,,,,,,,,,,,,,,,,,,,,,,,,,,2019
Springfield Technical Community College,28,7,,,,,,,,,,,,,5,2,,,21,,,,,3,,,2.0,,,,,,,,,,,7.0,,3.0,,6.0,,,,,,,,,,,,,,,,,,2019
Tolland,,,,,,,,,,,,,,,,,,,,,,,,,,,,,,,,,,,,,,,,,,,,,,,,,,,,,,,,,,,,2019
Wales,20,6,,,,,1.0,1.0,,,,,1.0,1.0,,3,,,13,1.0,,3.0,,4,,,1.0,,,,,,,,,,,2.0,,,,1.0,,1.0,1.0,,,,,,,,,,,1.0,,,,2019
West Springfield,"2,030",391,,1.0,,6.0,18.0,12.0,6.0,,9.0,,6.0,105.0,185,61,,,"1,467",3.0,,102.0,33.0,198,1.0,,93.0,10.0,50.0,,,1.0,,16.0,11.0,8.0,379.0,56.0,,102.0,2.0,328.0,60.0,14.0,172.0,151.0,3.0,,,,,6.0,,,,11.0,1.0,,,2019
Western New England Coll,,,,,,,,,,,,,,,,,,,,,,,,,,,,,,,,,,,,,,,,,,,,,,,,,,,,,,,,,,,,2019
Western New England University,,,,,,,,,,,,,,,,,,,,,,,,,,,,,,,,,,,,,,,,,,,,,,,,,,,,,,,,,,,,2019
Westfield,"1,060",299,3.0,,,1.0,15.0,12.0,3.0,,6.0,,3.0,58.0,193,20,,,705,1.0,,56.0,18.0,134,7.0,,45.0,9.0,51.0,,,1.0,,7.0,2.0,,61.0,179.0,,44.0,1.0,53.0,25.0,11.0,56.0,37.0,,,2.0,,,7.0,,,,10.0,,,,2019
Westfield State College,79,33,,,,,4.0,4.0,,,1.0,,,1.0,24,3,,,35,,,3.0,,14,,2.0,,,,,,,,,1.0,,,5.0,,,,6.0,,4.0,11.0,9.0,1.0,,,,,,,,,1.0,,,,2019
Wilbraham,435,112,,,,,1.0,1.0,,,9.0,,4.0,20.0,46,32,,,302,,,22.0,9.0,47,,2.0,16.0,6.0,23.0,,,1.0,,,,,89.0,3.0,,13.0,,56.0,7.0,8.0,21.0,15.0,,,,,,5.0,,,,1.0,,,,2019
Amherst,531,215,,2.0,,,30.0,29.0,1.0,,6.0,,3.0,69.0,88,17,,,293,2.0,,56.0,8.0,45,,1.0,31.0,1.0,6.0,,,,,2.0,2.0,1.0,28.0,22.0,,13.0,,53.0,15.0,7.0,23.0,17.0,,,,,,5.0,,,,1.0,,,,2019
Amherst College,37,6,,,,,2.0,2.0,,,,,,,4,,,,31,,,8.0,,,,,,,,,,,,,,,,3.0,,,,16.0,4.0,,,,,,,,,,,,,,,,,2019
Belchertown,209,67,,,,,1.0,1.0,,,3.0,,3.0,14.0,38,8,,,127,,,14.0,4.0,33,,,13.0,2.0,13.0,,,,,1.0,1.0,,2.0,7.0,,3.0,1.0,28.0,5.0,,15.0,7.0,,,,,,5.0,1.0,,,2.0,,,,2019
Chesterfield,4,,,,,,,,,,,,,,,,,,4,,,1.0,,2,,,,,1.0,,,,,,,,,,,,,,,,,,,,,,,,,,,,,,,2019
Cummington,,,,,,,,,,,,,,,,,,,,,,,,,,,,,,,,,,,,,,,,,,,,,,,,,,,,,,,,,,,,2019
Easthampton,395,108,,,,,7.0,7.0,,,10.0,1.0,1.0,28.0,44,17,,,267,,,25.0,8.0,46,,,25.0,4.0,9.0,,,1.0,,2.0,,,10.0,17.0,,31.0,,72.0,10.0,7.0,20.0,17.0,,,,,,1.0,,,,2.0,,,,2019
Goshen,8,,,,,,,,,,,,,,,,,,8,,,2.0,1.0,1,,,,,1.0,,,,,,,,,,,,,2.0,,1.0,,,,,,,,,,,,,,,,2019
Granby,83,26,,,,,1.0,1.0,,,,,,8.0,15,2,,,55,,,3.0,2.0,9,,,13.0,2.0,3.0,,,,,,1.0,,1.0,4.0,,6.0,,8.0,3.0,,2.0,1.0,,,,,,,,,,1.0,,,,2019
Hadley,340,65,,,,,7.0,3.0,4.0,,3.0,,,19.0,24,12,,,264,,,6.0,7.0,32,,,26.0,1.0,16.0,,,,,,,5.0,84.0,13.0,,5.0,2.0,57.0,7.0,3.0,11.0,5.0,1.0,,,,,2.0,,,,2.0,1.0,,,2019
Hampshire College,,,,,,,,,,,,,,,,,,,,,,,,,,,,,,,,,,,,,,,,,,,,,,,,,,,,,,,,,,,,2019
Hampshire College,,,,,,,,,,,,,,,,,,,,,,,,,,,,,,,,,,,,,,,,,,,,,,,,,,,,,,,,,,,,2019
Hampshire State Police,,,,,,,,,,,,,,,,,,,,,,,,,,,,,,,,,,,,,,,,,,,,,,,,,,,,,,,,,,,,2019
Hampshire State Police Northampton,,,,,,,,,,,,,,,,,,,,,,,,,,,,,,,,,,,,,,,,,,,,,,,,,,,,,,,,,,,,2019
Hatfield,76,8,,,,,,,,,,,,2.0,5,1,,,67,,,12.0,,14,,,6.0,2.0,1.0,,1.0,,,,,,,2.0,,11.0,,18.0,,,1.0,,,,,,,1.0,,,,,,,,2019
Huntington,,,,,,,,,,,,,,,,,,,,,,,,,,,,,,,,,,,,,,,,,,,,,,,,,,,,,,,,,,,,2019
MBTA - Hampshire County,,,,,,,,,,,,,,,,,,,,,,,,,,,,,,,,,,,,,,,,,,,,,,,,,,,,,,,,,,,,2019
Middlefield,,,,,,,,,,,,,,,,,,,,,,,,,,,,,,,,,,,,,,,,,,,,,,,,,,,,,,,,,,,,2019
Mt. Holyoke College,,,,,,,,,,,,,,,,,,,,,,,,,,,,,,,,,,,,,,,,,,,,,,,,,,,,,,,,,,,,2019
Mt. Holyoke College,46,5,,,,,1.0,1.0,,,2.0,,,1.0,,1,,,41,,,3.0,,4,,,4.0,,1.0,,,1.0,,1.0,,,,13.0,,,,14.0,,,,,,,,,,,,,,,,,,2019
Northampton,"1,233",431,1.0,,,7.0,25.0,16.0,9.0,,14.0,,4.0,83.0,262,35,,,728,8.0,,54.0,16.0,133,,,73.0,6.0,19.0,,,,,9.0,4.0,4.0,139.0,103.0,,41.0,14.0,77.0,20.0,8.0,74.0,54.0,,,,,,8.0,,,,12.0,,,,2019
Pelham,11,1,,,,,,,,,,,,,1,,,,9,,,2.0,,2,,,2.0,,2.0,,,,,,,,,1.0,,,,,,,1.0,1.0,,,,,,,,,,,,,,2019
Plainfield,,,,,,,,,,,,,,,,,,,,,,,,,,,,,,,,,,,,,,,,,,,,,,,,,,,,,,,,,,,,2019
Smith College,65,6,,,,,2.0,1.0,1.0,,,,,,1,3,,,59,,,6.0,2.0,7,,,2.0,,,,,,,,,,,26.0,,,,16.0,,,,,,,,,,,,,,,,,,2019
Smith College,,,,,,,,,,,,,,,,,,,,,,,,,,,,,,,,,,,,,,,,,,,,,,,,,,,,,,,,,,,,2019
South Hadley,458,150,,,,3.0,4.0,4.0,,,,1.0,4.0,23.0,89,26,,,283,3.0,,28.0,5.0,47,,,25.0,3.0,18.0,,,,,,2.0,,18.0,6.0,,23.0,3.0,93.0,9.0,,25.0,12.0,,,,,,8.0,,,,5.0,,,,2019
Southampton,107,26,,,,,1.0,,1.0,,,,,8.0,12,5,,,78,,,12.0,1.0,15,2.0,,9.0,2.0,3.0,,1.0,2.0,,,,,2.0,4.0,,10.0,,9.0,5.0,1.0,3.0,2.0,,,,,,,,,,1.0,,,,2019
U-Mass Amherst,344,44,,,,,6.0,3.0,3.0,,1.0,,,4.0,26,7,,,291,3.0,,7.0,4.0,74,,,37.0,,4.0,,,,,2.0,1.0,,,15.0,,5.0,,136.0,,3.0,9.0,6.0,,,,,,1.0,,,,2.0,,,,2019
Ware,351,149,,,,,1.0,1.0,,,,,2.0,42.0,94,10,,,154,,,9.0,2.0,45,,1.0,9.0,,5.0,,1.0,,,6.0,1.0,1.0,27.0,,,3.0,,32.0,10.0,2.0,48.0,41.0,,,,,,1.0,,,,6.0,,,,2019
Westhampton,,,,,,,,,,,,,,,,,,,,,,,,,,,,,,,,,,,,,,,,,,,,,,,,,,,,,,,,,,,,2019
Williamsburg,35,7,,,,,1.0,1.0,,,1.0,,,1.0,4,,,,24,,,4.0,,3,1.0,,1.0,,1.0,,,,,,,,,5.0,,1.0,,8.0,,,4.0,4.0,,,,,,,,,,,,,,2019
Worthington,1,,,,,,,,,,,,,,,,,,1,,,,,,1.0,,,,,,,,,,,,,,,,,,,,,,,,,,,,,,,,,,,2019
Acton,515,109,,,,1.0,6.0,6.0,,,,,,24.0,61,17,,,394,3.0,,22.0,15.0,61,7.0,2.0,90.0,18.0,,,,46.0,,2.0,1.0,,16.0,25.0,,21.0,5.0,56.0,3.0,1.0,12.0,8.0,,,,,,2.0,1.0,,,1.0,,,,2019
Arlington,502,139,,,,,5.0,5.0,,,8.0,,,21.0,75,30,,,350,3.0,,17.0,7.0,74,,1.0,32.0,6.0,49.0,,,,,8.0,1.0,,32.0,29.0,,25.0,1.0,52.0,12.0,1.0,13.0,10.0,,,,,,2.0,,,,1.0,,,,2019
Ashby,17,1,,,,,1.0,1.0,,,,,,,,,,,14,,,4.0,1.0,2,,,,,1.0,,,,,,,,,,,,,6.0,,,2.0,2.0,,,,,,,,,,,,,,2019
Ashland,266,67,,,,,4.0,2.0,2.0,,1.0,,2.0,16.0,23,21,,,181,,,9.0,5.0,41,,,21.0,6.0,20.0,,1.0,2.0,,1.0,,,20.0,8.0,,9.0,1.0,26.0,8.0,3.0,18.0,11.0,,,1.0,,,1.0,1.0,1.0,,2.0,1.0,,,2019
Ayer,221,84,,,,1.0,1.0,,1.0,,1.0,,,12.0,48,21,,,131,,,14.0,4.0,32,,1.0,16.0,,17.0,,,,,1.0,1.0,,2.0,2.0,,4.0,1.0,31.0,3.0,2.0,6.0,4.0,,,,,,1.0,,,,1.0,,,,2019
Bedford,91,15,,,,1.0,,,,,,,1.0,6.0,7,,,,63,,,3.0,1.0,10,,,6.0,,,,,,,1.0,,,6.0,11.0,,3.0,,19.0,1.0,2.0,13.0,12.0,,,,,,,,,,1.0,,,,2019
Belmont,373,52,,,,,1.0,1.0,,,,,2.0,5.0,38,6,,,315,2.0,,76.0,16.0,32,,1.0,42.0,,37.0,,,,,,,,6.0,10.0,,,,88.0,5.0,,6.0,4.0,,,,,,,,,,2.0,,,,2019
Bentley College,93,22,,,,,3.0,3.0,,,,,,5.0,7,7,,,48,,,3.0,,13,,,3.0,2.0,,,,,,,,,,14.0,2.0,2.0,,9.0,,,23.0,17.0,6.0,,,,,,,,,,,,,2019
Billerica,608,137,,,,,2.0,2.0,,,3.0,,1.0,18.0,81,32,,,402,,,21.0,15.0,80,2.0,2.0,16.0,32.0,,,44.0,35.0,1.0,2.0,,1.0,19.0,20.0,,36.0,16.0,45.0,14.0,1.0,69.0,40.0,17.0,,,,,5.0,,,,4.0,3.0,,,2019
Boston and Maine Railroad Police Dept,,,,,,,,,,,,,,,,,,,,,,,,,,,,,,,,,,,,,,,,,,,,,,,,,,,,,,,,,,,,2019
Boston College,196,18,,,,,1.0,1.0,,,,,,1.0,16,,,,157,,,3.0,,47,,,1.0,4.0,,,,2.0,,,,,2.0,48.0,1.0,,,43.0,,6.0,21.0,19.0,,,,,,,,,,2.0,,,,2019
Boston College(Old ORI pre-2011),,,,,,,,,,,,,,,,,,,,,,,,,,,,,,,,,,,,,,,,,,,,,,,,,,,,,,,,,,,,2019
Boxborough,68,12,,,,,,,,,,,,4.0,6,2,,,51,,,1.0,2.0,2,,,4.0,4.0,11.0,,,,,,,,1.0,2.0,,1.0,,18.0,4.0,1.0,5.0,2.0,,,,,,1.0,,,,2.0,,,,2019
Brandeis University,,,,,,,,,,,,,,,,,,,,,,,,,,,,,,,,,,,,,,,,,,,,,,,,,,,,,,,,,,,,2019
Brandeis University,,,,,,,,,,,,,,,,,,,,,,,,,,,,,,,,,,,,,,,,,,,,,,,,,,,,,,,,,,,,2019
Burlington,917,157,,,,,12.0,8.0,3.0,1.0,8.0,,7.0,30.0,55,44,,1.0,737,,,15.0,18.0,94,3.0,3.0,75.0,11.0,48.0,,,3.0,,3.0,3.0,9.0,201.0,14.0,,19.0,1.0,193.0,12.0,12.0,23.0,15.0,,,1.0,,,4.0,1.0,,,2.0,,,,2019
Cambridge,"4,616","1,254",1.0,,,10.0,26.0,25.0,1.0,,1.0,,2.0,254.0,633,326,1.0,,"3,209",8.0,,162.0,58.0,421,,12.0,298.0,34.0,206.0,,,,,67.0,102.0,,272.0,179.0,,220.0,17.0,999.0,104.0,50.0,153.0,99.0,,,,,,9.0,1.0,3.0,,41.0,,,,2019
Carlisle,69,8,,,,,1.0,1.0,,,,1.0,,,4,2,,,56,,,4.0,2.0,8,,,7.0,1.0,14.0,,,,,,1.0,,,2.0,,3.0,,13.0,,1.0,5.0,3.0,,,,,,1.0,,,,1.0,,,,2019
Chelmsford,767,98,,,,,4.0,4.0,,,6.0,,,29.0,42,17,,,644,2.0,,17.0,5.0,72,1.0,1.0,11.0,30.0,43.0,,73.0,,,1.0,,1.0,226.0,12.0,,33.0,4.0,94.0,16.0,2.0,25.0,13.0,,,,,,5.0,,,,7.0,,,,2019
Concord,305,68,,,,1.0,5.0,5.0,,,4.0,,2.0,13.0,33,10,,,210,1.0,,8.0,6.0,28,,,30.0,6.0,36.0,,,2.0,,1.0,,,3.0,20.0,,10.0,,54.0,1.0,4.0,27.0,12.0,,,,,,3.0,11.0,,,1.0,,,,2019
Dracut,625,162,,,,,2.0,2.0,,,8.0,,1.0,24.0,113,14,,,433,1.0,,33.0,4.0,91,1.0,,60.0,16.0,30.0,,,6.0,,4.0,,1.0,36.0,22.0,,54.0,8.0,46.0,16.0,4.0,30.0,23.0,,,,,,1.0,,,,6.0,,,,2019
Dunstable,38,11,,,,,,,,,,,,3.0,7,1,,,21,,,3.0,2.0,6,,,2.0,1.0,3.0,,,,,,,,,,,,,3.0,1.0,,6.0,3.0,,,,,,,,,,3.0,,,,2019
Everett,"1,620",463,3.0,1.0,,4.0,19.0,18.0,,1.0,12.0,,1.0,204.0,129,90,,,"1,059",1.0,,111.0,8.0,214,1.0,,38.0,65.0,2.0,,3.0,41.0,3.0,25.0,3.0,5.0,106.0,44.0,,80.0,3.0,216.0,76.0,14.0,98.0,51.0,18.0,1.0,,1.0,,2.0,1.0,,,24.0,,,,2019
Framingham,"2,052",627,1.0,,,4.0,21.0,7.0,,14.0,1.0,,3.0,246.0,340,11,,,"1,321",2.0,,168.0,34.0,279,,,1.0,42.0,58.0,,,,,29.0,26.0,4.0,82.0,35.0,,176.0,2.0,339.0,34.0,10.0,104.0,74.0,,,,,,7.0,1.0,,,22.0,,,,2019
Framingham SC,,,,,,,,,,,,,,,,,,,,,,,,,,,,,,,,,,,,,,,,,,,,,,,,,,,,,,,,,,,,2019
Framingham State University,,,,,,,,,,,,,,,,,,,,,,,,,,,,,,,,,,,,,,,,,,,,,,,,,,,,,,,,,,,,2019
Groton,111,39,1.0,,,,5.0,4.0,1.0,,1.0,,2.0,2.0,11,17,,,67,,,4.0,1.0,17,,1.0,7.0,3.0,13.0,,,,,,,,2.0,5.0,,3.0,,10.0,,1.0,5.0,3.0,,,,,,,,,,2.0,,,,2019
Harvard University,6,,,,,,,,,,,,,,,,,,6,,,2.0,,2,,,,,,,,,,,,,,,,,,2.0,,,,,,,,,,,,,,,,,,2019
Holliston,130,49,,,,,1.0,1.0,,,,,,12.0,31,5,,,76,,,8.0,7.0,13,,,1.0,2.0,4.0,,,1.0,,1.0,,,2.0,3.0,,3.0,,26.0,2.0,3.0,5.0,4.0,,,,,,,,,,1.0,,,,2019
Hopkinton,104,33,,,,,,,,,,,,,33,,,,66,,,1.0,,12,,,15.0,,,,,8.0,,,,,5.0,4.0,,,,19.0,1.0,1.0,5.0,4.0,,,,,,,,,,,1.0,,,2019
Hudson,212,85,,,,1.0,12.0,4.0,8.0,,3.0,,2.0,27.0,29,11,,,119,,,5.0,4.0,17,2.0,,10.0,2.0,1.0,,,,,1.0,1.0,,58.0,5.0,,,,10.0,2.0,1.0,8.0,4.0,,,1.0,,,3.0,,,,,,,,2019
Lasell College,21,7,,,,,3.0,3.0,,,1.0,,,1.0,1,1,,,13,,,1.0,,4,,1.0,1.0,,,,,,,,,,,,,,,6.0,,,1.0,1.0,,,,,,,,,,,,,,2019
Lexington,257,51,1.0,,,,4.0,4.0,,,,,1.0,14.0,18,13,,,196,,,8.0,4.0,35,,1.0,33.0,17.0,3.0,,,,,,,,1.0,,,10.0,,78.0,,6.0,10.0,7.0,,,,,,,1.0,,,2.0,,,,2019
Lincoln,53,11,,,,,1.0,1.0,,,,,,3.0,6,1,,,35,,,2.0,,5,,,9.0,5.0,,,,,,,,,,1.0,,2.0,1.0,10.0,,,7.0,7.0,,,,,,,,,,,,,,2019
Littleton,150,55,,,,,5.0,5.0,,,5.0,,1.0,6.0,30,8,,,85,,,5.0,8.0,12,1.0,,7.0,1.0,5.0,,,,,,2.0,2.0,9.0,3.0,,1.0,1.0,26.0,,2.0,10.0,7.0,,,,,,,,,,3.0,,,,2019
Lowell,"5,117","1,852",4.0,,,19.0,21.0,21.0,,,33.0,,1.0,283.0,"1,309",182,,,"2,921",10.0,,300.0,47.0,690,14.0,2.0,85.0,113.0,91.0,,30.0,1.0,,100.0,3.0,5.0,181.0,106.0,,380.0,77.0,472.0,181.0,33.0,344.0,234.0,,,1.0,,,8.0,,1.0,,97.0,3.0,,,2019
Malden,"1,699",553,1.0,,,15.0,9.0,9.0,,,9.0,,,134.0,344,41,,,"1,092",,,106.0,14.0,223,,2.0,59.0,14.0,,,,,,26.0,8.0,,69.0,33.0,,171.0,2.0,266.0,99.0,,54.0,26.0,,,,,,2.0,7.0,1.0,,18.0,,,,2019
Marlborough,"1,666",544,,1.0,,5.0,17.0,13.0,4.0,,12.0,2.0,12.0,121.0,276,97,,1.0,"1,076",1.0,,71.0,36.0,220,4.0,4.0,116.0,16.0,65.0,,,1.0,,15.0,7.0,2.0,72.0,57.0,,63.0,1.0,280.0,28.0,17.0,46.0,31.0,1.0,,,,,7.0,,1.0,,5.0,1.0,,,2019
Maynard,203,64,,,,1.0,3.0,2.0,,1.0,1.0,,1.0,19.0,24,15,,,117,,,7.0,7.0,29,,2.0,16.0,,15.0,,,,,2.0,,1.0,2.0,7.0,,1.0,,19.0,3.0,6.0,22.0,15.0,,,,,,2.0,,,,5.0,,,,2019
MBTA - Middlesex County,,,,,,,,,,,,,,,,,,,,,,,,,,,,,,,,,,,,,,,,,,,,,,,,,,,,,,,,,,,,2019
Medford,"1,298",362,,,,9.0,7.0,7.0,,,,,1.0,99.0,189,57,,,871,1.0,,52.0,44.0,129,2.0,2.0,46.0,26.0,3.0,,23.0,12.0,,17.0,9.0,,93.0,35.0,,126.0,16.0,198.0,35.0,2.0,65.0,51.0,,,,,,2.0,1.0,,,10.0,1.0,,,2019
Melrose,416,107,,,,,,,,,1.0,,1.0,29.0,67,9,,,295,,,25.0,4.0,85,,,20.0,2.0,4.0,,,1.0,,3.0,1.0,,2.0,14.0,,40.0,2.0,75.0,16.0,1.0,14.0,8.0,2.0,,1.0,,,,,,,3.0,,,,2019
Middlesex State Police,,,,,,,,,,,,,,,,,,,,,,,,,,,,,,,,,,,,,,,,,,,,,,,,,,,,,,,,,,,,2019
Middlesex State Police Framingham,,,,,,,,,,,,,,,,,,,,,,,,,,,,,,,,,,,,,,,,,,,,,,,,,,,,,,,,,,,,2019
Middlesex State Police Holden,,,,,,,,,,,,,,,,,,,,,,,,,,,,,,,,,,,,,,,,,,,,,,,,,,,,,,,,,,,,2019
Middlesex State Police Weston,,,,,,,,,,,,,,,,,,,,,,,,,,,,,,,,,,,,,,,,,,,,,,,,,,,,,,,,,,,,2019
MIT,386,32,,,,,,,,,,,,2.0,15,15,,,352,,,13.0,,38,,2.0,24.0,1.0,,,,,,,2.0,,,12.0,,,1.0,258.0,1.0,,2.0,1.0,,,,,,,,,,1.0,,,,2019
Mount IDA College,,,,,,,,,,,,,,,,,,,,,,,,,,,,,,,,,,,,,,,,,,,,,,,,,,,,,,,,,,,,2019
Natick,815,128,,1.0,,,7.0,5.0,2.0,,2.0,,3.0,27.0,73,15,,,667,2.0,,22.0,19.0,110,5.0,,45.0,11.0,35.0,,,,,4.0,2.0,2.0,116.0,51.0,,57.0,3.0,165.0,11.0,7.0,20.0,16.0,,,,,,1.0,,,,3.0,,,,2019
Newton,"1,170",237,,,,3.0,4.0,4.0,,,9.0,,,36.0,139,46,,,911,1.0,,75.0,24.0,124,5.0,,118.0,37.0,5.0,,9.0,51.0,2.0,10.0,5.0,,87.0,102.0,,108.0,7.0,119.0,11.0,11.0,22.0,17.0,,,,,,,2.0,,,3.0,,,,2019
North Reading,206,49,,,,,3.0,1.0,2.0,,1.0,,,12.0,27,6,,,137,,,10.0,13.0,22,1.0,,27.0,,5.0,,,,,1.0,,1.0,5.0,4.0,,4.0,,31.0,9.0,4.0,20.0,7.0,,,,,,4.0,1.0,,,8.0,,,,2019
Pepperell,240,57,,,,,5.0,5.0,,,1.0,,1.0,9.0,30,11,,,177,,,5.0,2.0,47,,1.0,31.0,5.0,25.0,,,,,1.0,,,2.0,12.0,,16.0,1.0,25.0,3.0,1.0,6.0,5.0,,,,,,1.0,,,,,,,,2019
Reading,275,33,,,,,,,,,,,,3.0,15,15,,,219,,,15.0,4.0,57,1.0,,,30.0,,,,,,2.0,38.0,8.0,11.0,25.0,5.0,16.0,,,7.0,,23.0,15.0,6.0,,,,,,,,,2.0,,,,2019
Regis College,,,,,,,,,,,,,,,,,,,,,,,,,,,,,,,,,,,,,,,,,,,,,,,,,,,,,,,,,,,,2019
Regis College,,,,,,,,,,,,,,,,,,,,,,,,,,,,,,,,,,,,,,,,,,,,,,,,,,,,,,,,,,,,2019
Regis College,,,,,,,,,,,,,,,,,,,,,,,,,,,,,,,,,,,,,,,,,,,,,,,,,,,,,,,,,,,,2019
Sherborn,,,,,,,,,,,,,,,,,,,,,,,,,,,,,,,,,,,,,,,,,,,,,,,,,,,,,,,,,,,,2019
Shirley,136,44,,,,,1.0,1.0,,,,,2.0,18.0,11,12,,,86,,,10.0,1.0,19,,,5.0,2.0,11.0,,,,,,1.0,,,5.0,,1.0,,24.0,4.0,3.0,6.0,4.0,,,,,,,,,,2.0,,,,2019
Somerville,"2,182",510,,,,7.0,16.0,16.0,,,38.0,,7.0,127.0,280,35,,,"1,559",4.0,,141.0,34.0,235,,7.0,105.0,65.0,,,,,,39.0,31.0,,125.0,73.0,,170.0,,441.0,89.0,,113.0,54.0,,,,,,10.0,,1.0,,48.0,,,,2019
Stoneham,485,112,,,,3.0,9.0,9.0,,,5.0,,,20.0,65,10,,,335,,,45.0,15.0,44,,1.0,35.0,2.0,37.0,,,,,5.0,,,23.0,13.0,,,2.0,91.0,17.0,5.0,38.0,30.0,1.0,,,,,,,,,7.0,,,,2019
Stow,67,24,,,,,,,,,,2.0,,4.0,16,2,,,41,1.0,,4.0,1.0,7,,,5.0,4.0,6.0,,,2.0,,,,,1.0,1.0,,,,6.0,1.0,2.0,2.0,,,,,,,1.0,,,,,1.0,,,2019
Sudbury,214,42,,,,,6.0,5.0,1.0,,2.0,,1.0,8.0,15,10,,,166,,,7.0,12.0,21,1.0,,28.0,4.0,18.0,,,,,1.0,,2.0,12.0,15.0,,5.0,,32.0,3.0,5.0,6.0,1.0,,,,,,4.0,,,,1.0,,,,2019
Tewksbury,"1,034",292,1.0,,,4.0,23.0,17.0,6.0,,2.0,1.0,2.0,51.0,164,43,1.0,,629,1.0,,21.0,24.0,83,2.0,,69.0,4.0,49.0,,1.0,1.0,,7.0,2.0,3.0,118.0,26.0,,33.0,1.0,149.0,18.0,17.0,113.0,99.0,,,,,,2.0,2.0,2.0,,8.0,,,,2019
Townsend,138,56,,,,,2.0,2.0,,,4.0,,3.0,8.0,28,11,,,65,,,4.0,4.0,10,1.0,2.0,10.0,,5.0,,,,,,,,3.0,3.0,,1.0,,15.0,7.0,,17.0,11.0,,,,,,3.0,,,,3.0,,,,2019
Tufts University Medford,66,14,,,,,,,,,1.0,,,3.0,4,6,,,52,1.0,,3.0,,14,,1.0,2.0,,,,,,,,,,,21.0,,,,10.0,,,,,,,,,,,,,,,,,,2019
Tufts University prior 01/01/2015,,,,,,,,,,,,,,,,,,,,,,,,,,,,,,,,,,,,,,,,,,,,,,,,,,,,,,,,,,,,2019
Tufts University since 01/01/2015,,,,,,,,,,,,,,,,,,,,,,,,,,,,,,,,,,,,,,,,,,,,,,,,,,,,,,,,,,,,2019
Tyngsborough,248,59,,,,1.0,4.0,1.0,3.0,,,,3.0,13.0,32,6,,,134,,,5.0,5.0,48,,,19.0,4.0,5.0,,,1.0,,3.0,,,,4.0,,5.0,,23.0,11.0,1.0,55.0,52.0,,,,,,1.0,,,,2.0,,,,2019
U-Mass Lowell,,,,,,,,,,,,,,,,,,,,,,,,,,,,,,,,,,,,,,,,,,,,,,,,,,,,,,,,,,,,2019
Wakefield,550,129,,,,,3.0,2.0,1.0,,,,10.0,31.0,74,11,,,383,,,25.0,18.0,58,1.0,3.0,45.0,5.0,58.0,,,3.0,,3.0,,1.0,4.0,23.0,,30.0,3.0,85.0,12.0,6.0,38.0,35.0,,,,,,,,,,3.0,,,,2019
Waltham,"1,357",407,,,,3.0,13.0,13.0,,,,,,84.0,252,55,,,880,5.0,,72.0,30.0,166,,2.0,129.0,9.0,,,,,,7.0,4.0,,71.0,15.0,,45.0,2.0,301.0,22.0,,70.0,51.0,,,,,,6.0,,,,13.0,,,,2019
Watertown,775,170,,,,,10.0,6.0,4.0,,3.0,,3.0,17.0,105,32,,,560,,,36.0,15.0,59,2.0,6.0,53.0,12.0,42.0,,36.0,,,2.0,3.0,2.0,79.0,39.0,,62.0,6.0,88.0,15.0,3.0,45.0,33.0,,,,,,3.0,4.0,1.0,,4.0,,,,2019
Wayland,1,,,,,,,,,,,,,,,,,,1,,,1.0,,,,,,,,,,,,,,,,,,,,,,,,,,,,,,,,,,,,,,2019
Westford,220,38,,,,,,,,,1.0,,1.0,9.0,21,6,,,139,,,5.0,13.0,23,1.0,,24.0,,16.0,,,,,1.0,,1.0,3.0,9.0,,1.0,,32.0,4.0,6.0,43.0,37.0,,,,,,3.0,,,,3.0,,,,2019
Weston,116,29,,,,,2.0,2.0,,,1.0,,1.0,7.0,8,10,,,81,,,4.0,8.0,10,,,12.0,4.0,13.0,,,1.0,1.0,,2.0,,,5.0,,5.0,,13.0,2.0,1.0,6.0,4.0,,,,,,2.0,,,,,,,,2019
Wilmington,438,103,,,,,5.0,5.0,,,1.0,,2.0,26.0,50,19,,,309,,,15.0,15.0,66,2.0,1.0,37.0,3.0,17.0,,,,,1.0,1.0,,12.0,16.0,,10.0,3.0,90.0,16.0,4.0,26.0,18.0,,,,,,1.0,,,,7.0,,,,2019
Winchester,150,17,,,,,,,,,,,,7.0,9,1,,,131,1.0,,10.0,1.0,33,,,,,,,,,,,,,4.0,6.0,,27.0,4.0,37.0,4.0,4.0,2.0,,,,,,,,,,,2.0,,,,2019
Woburn,"1,106",195,,,,,2.0,2.0,,,6.0,,3.0,58.0,106,17,3.0,,809,1.0,,46.0,20.0,134,2.0,1.0,120.0,15.0,68.0,,2.0,,,11.0,3.0,3.0,108.0,39.0,,55.0,7.0,116.0,45.0,13.0,102.0,71.0,1.0,,1.0,,,6.0,10.0,4.0,,9.0,,,,2019
MBTA - Nantucket County,,,,,,,,,,,,,,,,,,,,,,,,,,,,,,,,,,,,,,,,,,,,,,,,,,,,,,,,,,,,2019
Nantucket,431,116,,,,1.0,2.0,2.0,,,3.0,,2.0,25.0,79,4,,,301,1.0,,17.0,3.0,120,,,4.0,3.0,5.0,,2.0,,,,,,15.0,29.0,,25.0,,72.0,4.0,1.0,14.0,10.0,1.0,,,,,1.0,,,,2.0,,,,2019
Nantucket State Police,,,,,,,,,,,,,,,,,,,,,,,,,,,,,,,,,,,,,,,,,,,,,,,,,,,,,,,,,,,,2019
Avon,162,30,,,,,1.0,,1.0,,2.0,,,7.0,11,9,,,129,2.0,,9.0,4.0,12,,,14.0,4.0,1.0,,1.0,,,2.0,2.0,,46.0,3.0,,8.0,2.0,16.0,3.0,,3.0,,,,,,,,,,,3.0,,,,2019
Babson College,49,6,,,,,,,,,,,,2.0,4,,,,42,,,,7.0,13,,,4.0,,,,,,,,,,,13.0,,1.0,,4.0,,,1.0,1.0,,,,,,,,,,,,,,2019
Bellingham,556,120,,,,,3.0,,3.0,,4.0,,,20.0,67,26,,,395,2.0,,16.0,19.0,78,3.0,,34.0,5.0,18.0,,,,,2.0,1.0,3.0,69.0,27.0,,14.0,,88.0,8.0,8.0,41.0,35.0,,,,,,2.0,1.0,,,3.0,,,,2019
Braintree,"1,090",258,,,,3.0,3.0,3.0,,,1.0,,,40.0,184,27,,,733,1.0,,53.0,12.0,32,,,,54.0,12.0,1.0,121.0,2.0,,4.0,2.0,5.0,241.0,110.0,,42.0,14.0,10.0,17.0,,99.0,86.0,1.0,,,,,3.0,,,,9.0,,,,2019
Brookline,906,148,1.0,,,5.0,2.0,2.0,,,9.0,,1.0,40.0,86,4,,,756,,,47.0,14.0,92,,,58.0,22.0,4.0,,25.0,,,14.0,7.0,5.0,118.0,123.0,1.0,57.0,11.0,152.0,6.0,,2.0,,,,,,,1.0,,,,1.0,,,,2019
Canton,441,113,,,,2.0,,,,,,,2.0,80.0,13,16,,,318,1.0,,18.0,4.0,60,6.0,3.0,33.0,12.0,22.0,,,,,5.0,2.0,1.0,20.0,14.0,,17.0,1.0,87.0,7.0,5.0,10.0,5.0,,,,,,2.0,,,,3.0,,,,2019
Cohasset,133,23,,,,,,,,,,,,3.0,15,5,,,110,,,10.0,5.0,29,,1.0,7.0,2.0,10.0,,,2.0,,,,,2.0,4.0,,2.0,,33.0,3.0,,,,,,,,,,,,,,,,,2019
Curry College,,,,,,,,,,,,,,,,,,,,,,,,,,,,,,,,,,,,,,,,,,,,,,,,,,,,,,,,,,,,2019
Dean College,31,4,,,,,,,,,,,,,4,,,,27,,,5.0,,8,,,,,,,,,,,,,,13.0,,,,1.0,,,,,,,,,,,,,,,,,,2019
Dedham,515,47,,,,,5.0,4.0,,1.0,,,,1.0,41,,,,464,,,8.0,8.0,79,5.0,,17.0,27.0,,,,,,1.0,,2.0,126.0,13.0,,45.0,,111.0,22.0,,4.0,4.0,,,,,,,,,,,,,,2019
Dover,59,10,,,,,,,,,,,,1.0,7,2,,,47,,,3.0,2.0,7,,,9.0,3.0,9.0,,2.0,2.0,,,,,,2.0,,1.0,,7.0,,,2.0,1.0,1.0,,,,,,,,,,,,,2019
Foxborough,616,198,,,,1.0,5.0,5.0,,,6.0,1.0,,26.0,131,28,,,381,1.0,,19.0,21.0,85,,,63.0,4.0,21.0,,,,,4.0,3.0,2.0,15.0,20.0,,26.0,1.0,66.0,20.0,10.0,37.0,24.0,,,,,,3.0,,,,10.0,,,,2019
Franklin,212,81,,,,,,,,,8.0,,,1.0,69,3,,,125,,,16.0,5.0,10,2.0,,,1.0,,,3.0,,,1.0,,,5.0,2.0,,15.0,2.0,57.0,6.0,,6.0,3.0,,,,,,,,,,3.0,,,,2019
Holbrook,372,123,,,,,4.0,4.0,,,3.0,1.0,10.0,25.0,62,18,,,232,,,26.0,1.0,52,,2.0,16.0,1.0,17.0,,,1.0,,4.0,,,16.0,7.0,,16.0,,59.0,10.0,4.0,17.0,10.0,,,,,,3.0,,,,4.0,,,,2019
Mass Bay Community College,,,,,,,,,,,,,,,,,,,,,,,,,,,,,,,,,,,,,,,,,,,,,,,,,,,,,,,,,,,,2019
MBTA - Norfolk County,,,,,,,,,,,,,,,,,,,,,,,,,,,,,,,,,,,,,,,,,,,,,,,,,,,,,,,,,,,,2019
Medfield,,,,,,,,,,,,,,,,,,,,,,,,,,,,,,,,,,,,,,,,,,,,,,,,,,,,,,,,,,,,2019
Medway,53,22,,,,,,,,,,,,6.0,16,,,,30,,,8.0,,1,,,,,,,,,,,,,2.0,,,,,19.0,,,1.0,,,,,,,1.0,,,,,,,,2019
Millis,75,32,,,,,2.0,2.0,,,,,1.0,4.0,16,9,,,40,,,6.0,4.0,9,,,6.0,1.0,,,,1.0,,,,,2.0,2.0,,,1.0,5.0,2.0,1.0,3.0,1.0,,,1.0,,,,,,,1.0,,,,2019
Milton,180,28,,,,,2.0,2.0,,,,,,4.0,20,2,,,145,,,13.0,3.0,33,,,7.0,,,,4.0,31.0,,5.0,,,3.0,14.0,,15.0,,8.0,8.0,1.0,7.0,7.0,,,,,,,,,,,,,,2019
Mt. Ida College,,,,,,,,,,,,,,,,,,,,,,,,,,,,,,,,,,,,,,,,,,,,,,,,,,,,,,,,,,,,2019
Needham,421,73,,,,,3.0,3.0,,,8.0,,,8.0,39,15,,,327,1.0,,22.0,19.0,33,3.0,1.0,62.0,3.0,61.0,,,1.0,,,,5.0,5.0,18.0,,21.0,1.0,66.0,2.0,3.0,21.0,18.0,,,,,,,,,,3.0,,,,2019
Norfolk,79,13,,,,,,,,,1.0,,,1.0,11,,,,63,,,3.0,3.0,5,,,2.0,5.0,,,4.0,20.0,,,,,,4.0,,6.0,,10.0,,1.0,3.0,2.0,,,,,,,,,,1.0,,,,2019
Norfolk State Police,,,,,,,,,,,,,,,,,,,,,,,,,,,,,,,,,,,,,,,,,,,,,,,,,,,,,,,,,,,,2019
Norfolk State Police Framingham,,,,,,,,,,,,,,,,,,,,,,,,,,,,,,,,,,,,,,,,,,,,,,,,,,,,,,,,,,,,2019
Norfolk State Police Middleboro,,,,,,,,,,,,,,,,,,,,,,,,,,,,,,,,,,,,,,,,,,,,,,,,,,,,,,,,,,,,2019
Norwood,780,204,,,,2.0,9.0,4.0,3.0,2.0,6.0,1.0,,30.0,132,24,,,502,2.0,,34.0,22.0,99,1.0,,62.0,15.0,38.0,,,3.0,,8.0,,2.0,16.0,18.0,,29.0,,129.0,10.0,14.0,74.0,61.0,,,,,,5.0,1.0,1.0,,6.0,,,,2019
Plainville,145,19,1.0,,,,,,,,,,,5.0,12,1,,,124,,,10.0,5.0,24,2.0,1.0,1.0,22.0,1.0,,3.0,,,,,,16.0,16.0,,9.0,2.0,9.0,3.0,,2.0,2.0,,,,,,,,,,,,,,2019
Quincy,"3,118","1,020",1.0,,,6.0,31.0,28.0,4.0,,8.0,,1.0,285.0,426,262,,,"1,911",2.0,,219.0,55.0,268,2.0,3.0,66.0,67.0,142.0,,,,,61.0,36.0,,130.0,123.0,,150.0,27.0,489.0,61.0,10.0,187.0,153.0,,,,,,5.0,1.0,,,28.0,,,,2019
Randolph,"1,105",389,1.0,,,2.0,6.0,5.0,1.0,,10.0,,,65.0,232,73,,,640,1.0,,69.0,15.0,141,,,16.0,30.0,,,17.0,,,10.0,,1.0,81.0,10.0,,29.0,6.0,180.0,34.0,,76.0,40.0,14.0,,,,,4.0,3.0,1.0,,14.0,,,,2019
Sharon,136,29,,,,,4.0,3.0,1.0,,1.0,,1.0,5.0,16,2,,,99,1.0,,10.0,3.0,18,,,18.0,1.0,5.0,,,1.0,,,1.0,,2.0,5.0,,5.0,,23.0,4.0,2.0,8.0,6.0,,,1.0,,,1.0,,,,,,,,2019
Stoughton,946,286,1.0,,,1.0,9.0,4.0,5.0,,6.0,2.0,2.0,41.0,173,51,,,584,1.0,,33.0,14.0,107,1.0,,78.0,8.0,52.0,,,,,7.0,10.0,,77.0,16.0,,27.0,,118.0,22.0,13.0,76.0,52.0,,,,,,3.0,1.0,,,20.0,,,,2019
Walpole,741,206,,,,5.0,11.0,5.0,6.0,,7.0,,4.0,38.0,113,28,,,464,,,25.0,22.0,51,,1.0,58.0,5.0,46.0,,,,,1.0,2.0,1.0,66.0,8.0,,32.0,2.0,129.0,12.0,3.0,71.0,56.0,,,,,,3.0,,1.0,,11.0,,,,2019
Wellesley,330,51,,,,,,,,,3.0,,,7.0,33,8,,,258,,,15.0,24.0,30,,1.0,30.0,4.0,30.0,,,,,,1.0,,4.0,10.0,,11.0,1.0,85.0,1.0,11.0,21.0,11.0,1.0,,,,,5.0,,,,4.0,,,,2019
Wellesley College,,,,,,,,,,,,,,,,,,,,,,,,,,,,,,,,,,,,,,,,,,,,,,,,,,,,,,,,,,,,2019
Westwood,376,49,,,,,1.0,,1.0,,,,2.0,6.0,31,9,,,306,,,14.0,15.0,29,2.0,1.0,38.0,5.0,33.0,,,,,3.0,,1.0,60.0,18.0,,17.0,4.0,57.0,4.0,5.0,21.0,13.0,,,,,,4.0,,,,3.0,1.0,,,2019
Weymouth,"1,411",433,,,,3.0,21.0,15.0,5.0,1.0,10.0,,11.0,141.0,181,66,,,834,,,48.0,27.0,164,5.0,,78.0,8.0,29.0,,,1.0,,9.0,3.0,6.0,126.0,67.0,,63.0,,143.0,33.0,24.0,144.0,119.0,,,2.0,,,4.0,1.0,,,17.0,1.0,,,2019
Wrentham,251,23,,,,,2.0,2.0,,,,,,2.0,17,2,,,225,,,18.0,14.0,2,,,4.0,9.0,2.0,,1.0,8.0,,,,,83.0,3.0,,20.0,1.0,50.0,7.0,3.0,3.0,3.0,,,,,,,,,,,,,,2019
Abington,472,111,4.0,,,,5.0,5.0,,,1.0,1.0,3.0,11.0,65,21,,,298,1.0,,24.0,12.0,55,4.0,,33.0,5.0,27.0,,,,,3.0,,1.0,46.0,5.0,,1.0,1.0,71.0,8.0,1.0,63.0,50.0,,,,,,5.0,1.0,,,7.0,,,,2019
Bridgewater,416,142,,,,,4.0,4.0,,,,,6.0,53.0,59,20,,,248,,,25.0,20.0,59,2.0,1.0,30.0,2.0,26.0,,,,,3.0,2.0,1.0,9.0,21.0,,6.0,,28.0,10.0,3.0,26.0,16.0,,,,,,2.0,,,,8.0,,,,2019
Bridgewater State University,73,26,,,,,4.0,4.0,,,2.0,,,5.0,4,11,,,39,,,,1.0,13,,,2.0,,,,,1.0,,,,,1.0,10.0,,,,10.0,1.0,,8.0,7.0,,,,,,,1.0,,,,,,,2019
Brockton,"5,890","2,231",5.0,,,28.0,64.0,55.0,9.0,,57.0,,37.0,570.0,"1,223",245,,2.0,"3,222",16.0,,262.0,44.0,763,9.0,2.0,112.0,15.0,123.0,,,,,149.0,26.0,16.0,119.0,97.0,,286.0,10.0,834.0,289.0,50.0,437.0,280.0,,,1.0,,,15.0,6.0,,,135.0,,,,2019
Carver,257,92,,,,,6.0,6.0,,,1.0,,2.0,17.0,45,21,,,150,,,13.0,4.0,29,,,20.0,3.0,16.0,,,,,3.0,,,5.0,4.0,,7.0,,36.0,9.0,1.0,15.0,7.0,,,1.0,,,4.0,1.0,,,2.0,,,,2019
Duxbury,204,53,,,,,2.0,1.0,,1.0,,,2.0,7.0,29,13,,,146,1.0,,9.0,6.0,34,,2.0,26.0,3.0,12.0,,,,,,,,,20.0,,11.0,,18.0,3.0,1.0,5.0,5.0,,,,,,,,,,,,,,2019
East Bridgewater,302,98,,,,1.0,3.0,3.0,,,2.0,1.0,1.0,22.0,56,12,,,189,2.0,,12.0,4.0,59,2.0,1.0,36.0,,9.0,,,1.0,,2.0,2.0,,6.0,9.0,,10.0,1.0,19.0,6.0,8.0,15.0,5.0,,,,,,3.0,,,,7.0,,,,2019
Halifax,161,38,,,,,1.0,,1.0,,3.0,3.0,,7.0,14,10,,,119,1.0,,9.0,6.0,32,,,9.0,3.0,8.0,,,1.0,,,2.0,,11.0,12.0,,,,13.0,12.0,,4.0,2.0,,,,,,1.0,,,,1.0,,,,2019
Hanover,243,6,,,,,,,,,,,,3.0,3,,,,236,,,4.0,,34,,,21.0,30.0,6.0,,2.0,,,,2.0,,57.0,11.0,,6.0,3.0,38.0,1.0,21.0,1.0,1.0,,,,,,,,,,,,,,2019
Hanson,213,89,,,,,1.0,1.0,,,2.0,,1.0,14.0,42,29,,,118,,,9.0,3.0,41,,,6.0,1.0,9.0,,,,,2.0,,,,7.0,,8.0,1.0,27.0,2.0,2.0,6.0,1.0,,,,,,2.0,,,,3.0,,,,2019
Hingham,420,83,,,,,6.0,3.0,3.0,,,,1.0,24.0,37,15,,,322,,,45.0,5.0,61,1.0,,31.0,4.0,29.0,,,1.0,,,1.0,4.0,43.0,26.0,,6.0,,56.0,4.0,5.0,15.0,12.0,,,,,,,,,,3.0,,,,2019
Hull,382,117,,,,,4.0,1.0,3.0,,1.0,,,42.0,53,17,,,229,,,8.0,5.0,82,,,30.0,2.0,20.0,,,,,1.0,1.0,2.0,6.0,19.0,,6.0,,40.0,4.0,3.0,36.0,28.0,,,,,,1.0,,,,7.0,,,,2019
Kingston,319,84,,,,1.0,5.0,4.0,1.0,,1.0,1.0,3.0,14.0,50,9,,,222,1.0,,8.0,8.0,48,1.0,,26.0,5.0,6.0,,,,,3.0,,,26.0,14.0,,10.0,1.0,53.0,4.0,8.0,13.0,8.0,,,,,,3.0,,,,1.0,1.0,,,2019
Lakeville,181,45,,,,,4.0,3.0,1.0,,,,,12.0,29,,,,112,,,20.0,,25,,,,,,,1.0,,,1.0,,,,,,10.0,2.0,50.0,3.0,,24.0,18.0,,,,,,,,,,6.0,,,,2019
Marion,128,36,,,,1.0,2.0,2.0,,,,,1.0,3.0,13,16,,,87,,,4.0,1.0,25,,,15.0,,6.0,,,,,,,,3.0,7.0,,2.0,,18.0,6.0,,5.0,1.0,,,,,,1.0,,,,3.0,,,,2019
Marshfield,231,79,,,,,2.0,1.0,1.0,,,,4.0,27.0,28,18,,,142,,,10.0,2.0,45,2.0,,11.0,,5.0,,,,,3.0,,1.0,6.0,9.0,,11.0,,30.0,6.0,1.0,10.0,7.0,,,,,,1.0,,,,2.0,,,,2019
Massasoit Community College,24,7,,,,,,,,,3.0,,,,2,2,,,16,,,,,8,,,1.0,,,,,,,1.0,,1.0,,2.0,,,1.0,2.0,,,1.0,1.0,,,,,,,,,,,,,,2019
Mattapoisett,122,37,,,,,1.0,1.0,,,1.0,,,11.0,19,5,,,76,,,5.0,,21,,,8.0,,3.0,,,,,,,,,6.0,,2.0,,26.0,2.0,3.0,9.0,5.0,,,,,,1.0,,,,3.0,,,,2019
MBTA - Plymouth County,,,,,,,,,,,,,,,,,,,,,,,,,,,,,,,,,,,,,,,,,,,,,,,,,,,,,,,,,,,,2019
Middleborough,853,383,,,,9.0,17.0,10.0,7.0,,8.0,1.0,10.0,103.0,182,53,,,415,5.0,,15.0,13.0,100,2.0,,36.0,7.0,21.0,,2.0,2.0,,9.0,4.0,,16.0,25.0,,35.0,1.0,88.0,24.0,10.0,55.0,38.0,1.0,,,,,8.0,,,,8.0,,,,2019
Norwell,123,24,,,,,,,,,,,,11.0,9,4,,,90,,,8.0,1.0,18,,,9.0,4.0,6.0,,,1.0,,,,1.0,7.0,5.0,,,1.0,24.0,5.0,,9.0,4.0,,,,,,1.0,1.0,1.0,,2.0,,,,2019
Pembroke,269,55,,1.0,,,2.0,2.0,,,,,,8.0,36,8,,,188,1.0,,12.0,4.0,39,,,24.0,2.0,23.0,,2.0,1.0,,3.0,,1.0,20.0,14.0,,8.0,,19.0,8.0,7.0,26.0,21.0,,,,,,1.0,,,,4.0,,,,2019
Plymouth,"1,884",666,,,,1.0,38.0,25.0,10.0,3.0,9.0,10.0,12.0,151.0,337,108,,,"1,098",5.0,,73.0,22.0,248,4.0,3.0,106.0,15.0,36.0,,2.0,1.0,,11.0,1.0,1.0,227.0,50.0,,49.0,5.0,177.0,33.0,29.0,120.0,83.0,1.0,,,,,18.0,,,,18.0,,,,2019
Plymouth State Police,,,,,,,,,,,,,,,,,,,,,,,,,,,,,,,,,,,,,,,,,,,,,,,,,,,,,,,,,,,,2019
Plymouth State Police Middleboro,,,,,,,,,,,,,,,,,,,,,,,,,,,,,,,,,,,,,,,,,,,,,,,,,,,,,,,,,,,,2019
Plympton,63,31,,,,,,,,,,,,3.0,11,17,,,32,,,5.0,1.0,6,,,5.0,1.0,2.0,,,,,1.0,,,2.0,1.0,,,,7.0,1.0,,,,,,,,,,,,,,,,,2019
Rochester,129,38,,,,,5.0,5.0,,,1.0,,2.0,3.0,18,9,,,76,,,10.0,2.0,29,,3.0,9.0,1.0,1.0,,,,,,,,3.0,3.0,,3.0,,7.0,2.0,3.0,15.0,8.0,,,,,,2.0,,,,4.0,1.0,,,2019
Rockland,297,140,,,,2.0,8.0,5.0,3.0,,1.0,,3.0,41.0,68,17,,,137,3.0,,17.0,12.0,35,,,16.0,,2.0,,,,,4.0,,1.0,5.0,6.0,,3.0,,25.0,4.0,4.0,20.0,17.0,,,,,,,,,,3.0,,,,2019
Scituate,192,50,,,,,2.0,1.0,1.0,,1.0,,2.0,12.0,27,5,1.0,,128,1.0,,7.0,,25,,,18.0,1.0,17.0,,,1.0,,,1.0,,3.0,14.0,,13.0,,20.0,5.0,2.0,14.0,11.0,,,,,,1.0,,,,2.0,,,,2019
Wareham,"1,056",366,1.0,,,3.0,23.0,13.0,9.0,1.0,3.0,,6.0,128.0,164,38,,,629,,,51.0,31.0,160,1.0,,56.0,4.0,16.0,,,4.0,,9.0,4.0,3.0,86.0,24.0,,6.0,2.0,132.0,21.0,19.0,61.0,46.0,1.0,,,,,1.0,,,,12.0,1.0,,,2019
West Bridgewater,189,27,,,,,1.0,1.0,,,,,1.0,8.0,13,4,,,151,1.0,,16.0,13.0,16,,,38.0,1.0,5.0,,,1.0,,,,,20.0,1.0,,14.0,,14.0,8.0,3.0,11.0,7.0,,,,,,1.0,,,,3.0,,,,2019
Whitman,341,111,,,,,3.0,3.0,,,1.0,,5.0,27.0,66,9,,,209,2.0,,22.0,10.0,41,1.0,,24.0,3.0,11.0,,,1.0,,3.0,3.0,2.0,12.0,11.0,,10.0,2.0,38.0,7.0,6.0,21.0,15.0,,,,,,2.0,,,,4.0,,,,2019
Berklee College of Music,,,,,,,,,,,,,,,,,,,,,,,,,,,,,,,,,,,,,,,,,,,,,,,,,,,,,,,,,,,,2019
Beth Israel Deaconess Med Ctr,,,,,,,,,,,,,,,,,,,,,,,,,,,,,,,,,,,,,,,,,,,,,,,,,,,,,,,,,,,,2019
Boston,"11,123","4,452",9.0,,,22.0,55.0,51.0,4.0,,43.0,1.0,,778.0,"1,875","1,669",,,"5,920",4.0,1.0,497.0,115.0,"1,157",26.0,21.0,365.0,324.0,150.0,4.0,57.0,7.0,,263.0,18.0,7.0,626.0,731.0,1.0,584.0,135.0,691.0,79.0,57.0,751.0,564.0,25.0,,,,,35.0,11.0,2.0,,108.0,6.0,,,2019
Boston College(Old ORI),,,,,,,,,,,,,,,,,,,,,,,,,,,,,,,,,,,,,,,,,,,,,,,,,,,,,,,,,,,,2019
Boston University,638,78,,,,,8.0,8.0,,,7.0,,,2.0,28,33,,,552,1.0,,17.0,1.0,66,,6.0,25.0,23.0,12.0,,14.0,,,1.0,2.0,,8.0,234.0,2.0,1.0,,122.0,7.0,10.0,8.0,6.0,,,,,,,,,,2.0,,,,2019
Bunker Hill Community College,,,,,,,,,,,,,,,,,,,,,,,,,,,,,,,,,,,,,,,,,,,,,,,,,,,,,,,,,,,,2019
"Capitol PD, Boston",,,,,,,,,,,,,,,,,,,,,,,,,,,,,,,,,,,,,,,,,,,,,,,,,,,,,,,,,,,,2019
Chelsea,"2,199",945,,,,9.0,25.0,19.0,6.0,,13.0,1.0,32.0,183.0,512,170,,,"1,142",2.0,,107.0,16.0,304,1.0,5.0,65.0,15.0,44.0,,,1.0,,66.0,3.0,6.0,64.0,108.0,,119.0,20.0,94.0,85.0,17.0,112.0,49.0,1.0,,,,,12.0,1.0,,,49.0,,,,2019
Emerson College,,,,,,,,,,,,,,,,,,,,,,,,,,,,,,,,,,,,,,,,,,,,,,,,,,,,,,,,,,,,2019
Emerson College,,,,,,,,,,,,,,,,,,,,,,,,,,,,,,,,,,,,,,,,,,,,,,,,,,,,,,,,,,,,2019
Environmental Police,69,24,,2.0,,,,,,,,,,9.0,3,10,,,29,,,2.0,,15,,,1.0,,,,,,,,,,,3.0,,,,3.0,2.0,3.0,16.0,3.0,,,,,,,,,,10.0,3.0,,,2019
Fisher College,,,,,,,,,,,,,,,,,,,,,,,,,,,,,,,,,,,,,,,,,,,,,,,,,,,,,,,,,,,,2019
Fisher College,,,,,,,,,,,,,,,,,,,,,,,,,,,,,,,,,,,,,,,,,,,,,,,,,,,,,,,,,,,,2019
Mass College of Art,,,,,,,,,,,,,,,,,,,,,,,,,,,,,,,,,,,,,,,,,,,,,,,,,,,,,,,,,,,,2019
Mass General Hospital,,,,,,,,,,,,,,,,,,,,,,,,,,,,,,,,,,,,,,,,,,,,,,,,,,,,,,,,,,,,2019
MBTA,,,,,,,,,,,,,,,,,,,,,,,,,,,,,,,,,,,,,,,,,,,,,,,,,,,,,,,,,,,,2019
MBTA - Suffolk County,,,,,,,,,,,,,,,,,,,,,,,,,,,,,,,,,,,,,,,,,,,,,,,,,,,,,,,,,,,,2019
MCPHS University,,,,,,,,,,,,,,,,,,,,,,,,,,,,,,,,,,,,,,,,,,,,,,,,,,,,,,,,,,,,2019
Northeastern U,,,,,,,,,,,,,,,,,,,,,,,,,,,,,,,,,,,,,,,,,,,,,,,,,,,,,,,,,,,,2019
Northeastern University,,,,,,,,,,,,,,,,,,,,,,,,,,,,,,,,,,,,,,,,,,,,,,,,,,,,,,,,,,,,2019
Revere,"1,890",602,2.0,,,2.0,13.0,10.0,3.0,,19.0,1.0,3.0,126.0,274,162,,,"1,197",1.0,,71.0,16.0,252,2.0,1.0,118.0,8.0,60.0,,1.0,,,39.0,17.0,3.0,201.0,68.0,,84.0,6.0,170.0,62.0,17.0,91.0,47.0,,,2.0,,,4.0,14.0,3.0,,21.0,,,,2019
Roxbury Community College,,,,,,,,,,,,,,,,,,,,,,,,,,,,,,,,,,,,,,,,,,,,,,,,,,,,,,,,,,,,2019
Simmons University,,,,,,,,,,,,,,,,,,,,,,,,,,,,,,,,,,,,,,,,,,,,,,,,,,,,,,,,,,,,2019
Suffolk State Police,,,,,,,,,,,,,,,,,,,,,,,,,,,,,,,,,,,,,,,,,,,,,,,,,,,,,,,,,,,,2019
Suffolk State Police Framingham,,,,,,,,,,,,,,,,,,,,,,,,,,,,,,,,,,,,,,,,,,,,,,,,,,,,,,,,,,,,2019
Suffolk State Police Logan Airport,,,,,,,,,,,,,,,,,,,,,,,,,,,,,,,,,,,,,,,,,,,,,,,,,,,,,,,,,,,,2019
Suffolk State Police Weston,,,,,,,,,,,,,,,,,,,,,,,,,,,,,,,,,,,,,,,,,,,,,,,,,,,,,,,,,,,,2019
Tufts University Suffolk,25,3,,,,,2.0,2.0,,,,,,,,1,,,22,,,,,3,,,,,,,,,,,,,1.0,9.0,,1.0,,8.0,,,,,,,,,,,,,,,,,,2019
Tufts University Suffolk prior to 01/01/2017,,,,,,,,,,,,,,,,,,,,,,,,,,,,,,,,,,,,,,,,,,,,,,,,,,,,,,,,,,,,2019
U-Mass Boston,53,8,,,,,,,,,,,,,7,1,,,39,,,1.0,,6,,,1.0,,,,,,,,,,,3.0,,,,28.0,,,6.0,4.0,,,,,,,,,,2.0,,,,2019
Wentworth Institute,,,,,,,,,,,,,,,,,,,,,,,,,,,,,,,,,,,,,,,,,,,,,,,,,,,,,,,,,,,,2019
Wentworth Institute of Technology,,,,,,,,,,,,,,,,,,,,,,,,,,,,,,,,,,,,,,,,,,,,,,,,,,,,,,,,,,,,2019
Winthrop,361,93,,,,1.0,2.0,2.0,,,1.0,,2.0,29.0,36,22,,,250,,,10.0,1.0,58,,3.0,27.0,3.0,17.0,,,,,6.0,,,7.0,19.0,,43.0,,35.0,16.0,5.0,18.0,14.0,,,,,,,,1.0,,3.0,,,,2019
Ashburnham,106,30,,,,,2.0,2.0,,,3.0,,1.0,6.0,14,4,,,67,,,7.0,2.0,22,,,13.0,1.0,,,,,,,1.0,1.0,5.0,1.0,,2.0,,8.0,3.0,1.0,9.0,2.0,,,,,,5.0,,,,2.0,,,,2019
Assumption College,60,9,,,,,5.0,4.0,1.0,,1.0,,,,1,2,,,49,,,5.0,,23,,1.0,1.0,,1.0,,,,,,,,,7.0,,,,10.0,1.0,,2.0,1.0,,,,,,1.0,,,,,,,,2019
Assumption College,,,,,,,,,,,,,,,,,,,,,,,,,,,,,,,,,,,,,,,,,,,,,,,,,,,,,,,,,,,,2019
Athol,398,150,1.0,,,1.0,8.0,5.0,3.0,,,,5.0,39.0,85,11,,,218,1.0,,13.0,6.0,60,2.0,,17.0,1.0,5.0,,1.0,,,2.0,3.0,1.0,10.0,24.0,,5.0,,58.0,4.0,5.0,30.0,21.0,,,,,,1.0,,,,7.0,1.0,,,2019
Auburn,609,91,,1.0,,,,,,,3.0,,,27.0,48,12,,,467,3.0,,29.0,13.0,58,,1.0,29.0,4.0,27.0,,,,,1.0,,1.0,95.0,4.0,,9.0,,164.0,13.0,16.0,51.0,32.0,,,,,,3.0,3.0,,,12.0,1.0,,,2019
Barre,118,41,,,,,1.0,,1.0,,,,1.0,14.0,16,9,,,61,,,1.0,2.0,28,,,4.0,1.0,4.0,,,,,1.0,,,3.0,1.0,,1.0,,6.0,8.0,1.0,16.0,11.0,,,,,,2.0,,,,3.0,,,,2019
Becker College,,,,,,,,,,,,,,,,,,,,,,,,,,,,,,,,,,,,,,,,,,,,,,,,,,,,,,,,,,,,2019
Berlin,61,5,,,,,2.0,1.0,1.0,,,,,1.0,1,1,,,52,,,3.0,4.0,5,,,6.0,1.0,4.0,,,,,1.0,,2.0,2.0,3.0,,,,20.0,1.0,,4.0,3.0,,,,,,,,,,1.0,,,,2019
Blackstone,111,55,,,,,1.0,1.0,,,,,,11.0,40,3,,,49,,,5.0,2.0,15,,,6.0,1.0,2.0,,,,,2.0,,,1.0,2.0,,3.0,,6.0,4.0,,7.0,6.0,,,,,,,,,,1.0,,,,2019
Bolton,139,23,,,,,,,,,4.0,,,2.0,12,5,,,104,,,2.0,5.0,44,,1.0,7.0,,21.0,,,,,,,,,8.0,,3.0,,13.0,,,12.0,8.0,,,1.0,,,1.0,,,,2.0,,,,2019
Boylston,21,8,,,,,,,,,,,,4.0,,4,,,5,,,,,1,,,,,,,,,,,,,2.0,,,,,,,2.0,8.0,7.0,1.0,,,,,,,,,,,,,2019
Brookfield,80,22,,,,1.0,2.0,2.0,,,,,,3.0,14,2,,,54,,,5.0,,18,1.0,,4.0,,2.0,,,,,1.0,,,,8.0,,4.0,,9.0,2.0,,4.0,3.0,,,,,,1.0,,,,,,,,2019
Charlton,231,72,,,,,2.0,2.0,,,,,1.0,6.0,46,17,,,150,1.0,,17.0,5.0,30,,,21.0,4.0,20.0,,1.0,1.0,,,1.0,,,8.0,,5.0,,24.0,6.0,6.0,9.0,3.0,,,,,,2.0,,,,4.0,,,,2019
Clark University,,,,,,,,,,,,,,,,,,,,,,,,,,,,,,,,,,,,,,,,,,,,,,,,,,,,,,,,,,,,2019
Clark University,,,,,,,,,,,,,,,,,,,,,,,,,,,,,,,,,,,,,,,,,,,,,,,,,,,,,,,,,,,,2019
Clinton,44,22,1.0,,,,,,,,,,,3.0,16,2,,,22,,,1.0,2.0,4,,,,1.0,,,,,,,,,6.0,1.0,,,,5.0,2.0,,,,,,,,,,,,,,,,,2019
Col of the Holy Cross,,,,,,,,,,,,,,,,,,,,,,,,,,,,,,,,,,,,,,,,,,,,,,,,,,,,,,,,,,,,2019
Douglas,117,41,,,,,2.0,2.0,,,,,4.0,5.0,26,4,,,66,,,6.0,4.0,22,1.0,,6.0,,5.0,,,,,1.0,2.0,,,2.0,,2.0,,11.0,4.0,,10.0,7.0,,,,,,1.0,,,,2.0,,,,2019
Dudley,265,135,,,,1.0,7.0,7.0,,,2.0,1.0,5.0,23.0,85,11,,,106,1.0,,9.0,5.0,23,,,9.0,1.0,4.0,,,1.0,,2.0,,,9.0,10.0,,,,20.0,5.0,7.0,24.0,17.0,,,,,,3.0,,,,4.0,,,,2019
East Brookfield,43,20,,,,,,,,,1.0,1.0,,4.0,9,5,,,20,,,,1.0,4,1.0,,5.0,,1.0,,,,,,,,1.0,,,1.0,,1.0,4.0,1.0,3.0,2.0,,,,,,,,,,1.0,,,,2019
Fitchburg,"1,855",611,1.0,,,8.0,27.0,18.0,8.0,1.0,37.0,,9.0,159.0,316,53,,1.0,"1,123",3.0,,97.0,19.0,312,1.0,1.0,87.0,7.0,38.0,,1.0,,,36.0,2.0,3.0,41.0,49.0,,100.0,12.0,249.0,46.0,19.0,121.0,67.0,,,2.0,,,7.0,3.0,3.0,,39.0,,,,2019
Fitchburg SC,42,11,,,,,3.0,3.0,,,,,,,8,,,,29,,,1.0,,15,,,2.0,,,,,,,,,,,,,2.0,,9.0,,,2.0,2.0,,,,,,,,,,,,,,2019
Fitchburg State College,,,,,,,,,,,,,,,,,,,,,,,,,,,,,,,,,,,,,,,,,,,,,,,,,,,,,,,,,,,,2019
Gardner,938,292,,,,3.0,13.0,13.0,,,2.0,3.0,11.0,49.0,197,14,,,591,2.0,,61.0,10.0,146,,1.0,50.0,3.0,17.0,,1.0,1.0,,8.0,1.0,,65.0,34.0,,25.0,2.0,124.0,25.0,15.0,55.0,44.0,,,,,,1.0,1.0,,,9.0,,,,2019
Grafton,173,48,,,,,4.0,2.0,2.0,,1.0,,2.0,11.0,25,5,,,106,,,10.0,3.0,23,,,18.0,4.0,9.0,,,1.0,,1.0,1.0,2.0,1.0,7.0,,4.0,,20.0,2.0,,19.0,14.0,,,,,,3.0,,,,2.0,,,,2019
Hardwick,111,41,,,,,2.0,1.0,,1.0,2.0,,1.0,12.0,15,9,,,59,,,5.0,2.0,28,1.0,,7.0,1.0,4.0,,,,,,,,,3.0,,1.0,,7.0,,,11.0,7.0,,,,,,1.0,,,,3.0,,,,2019
Harvard,76,9,,,,,3.0,3.0,,,,,,2.0,1,3,,,64,,,6.0,,10,,,4.0,4.0,18.0,,1.0,,,,,,,2.0,,,,19.0,,,3.0,1.0,,,,,,2.0,,,,,,,,2019
Holden,154,36,,,,,,,,,,1.0,6.0,5.0,19,5,,,104,1.0,,2.0,7.0,18,,1.0,11.0,1.0,16.0,,,3.0,,1.0,,1.0,1.0,6.0,,4.0,,19.0,10.0,2.0,14.0,7.0,,,,,,3.0,,,,1.0,3.0,,,2019
Hopedale,80,34,,,,,1.0,1.0,,,,,,10.0,19,4,,,39,,,2.0,,10,,,8.0,1.0,5.0,,,,,1.0,,,1.0,,,2.0,,8.0,,1.0,7.0,7.0,,,,,,,,,,,,,,2019
Hubbardston,46,15,,,,,3.0,1.0,2.0,,1.0,,2.0,2.0,5,2,,,26,,,6.0,1.0,8,,,1.0,,1.0,,,,,1.0,,,,2.0,,,,3.0,2.0,1.0,5.0,4.0,,,,,,,,,,1.0,,,,2019
Lancaster,128,18,,,,,1.0,1.0,,,3.0,,1.0,5.0,5,3,,,108,,,7.0,2.0,28,1.0,1.0,21.0,2.0,8.0,,,,,,1.0,,2.0,1.0,,3.0,2.0,25.0,4.0,,2.0,1.0,,,,,,1.0,,,,,,,,2019
Leicester,464,74,,,,,2.0,2.0,,,4.0,1.0,3.0,20.0,30,14,,,357,1.0,,9.0,12.0,30,2.0,,49.0,1.0,11.0,,,,,1.0,1.0,,184.0,14.0,,7.0,,31.0,2.0,2.0,33.0,20.0,1.0,,,,,5.0,,,,7.0,,,,2019
Leominster,"2,171",907,,,,8.0,32.0,17.0,15.0,,8.0,,12.0,191.0,488,168,,,"1,168",2.0,,69.0,39.0,254,5.0,2.0,129.0,22.0,48.0,,1.0,,,21.0,4.0,4.0,271.0,48.0,,36.0,,156.0,40.0,17.0,96.0,65.0,,,2.0,,,10.0,1.0,,,16.0,2.0,,,2019
Lunenburg,319,52,,,,,5.0,5.0,,,,,4.0,15.0,19,9,,,242,,,13.0,2.0,32,,,52.0,5.0,9.0,,,2.0,,4.0,,1.0,84.0,3.0,,16.0,,11.0,,8.0,25.0,15.0,,,,,,5.0,,,,5.0,,,,2019
MBTA - Worcester County,,,,,,,,,,,,,,,,,,,,,,,,,,,,,,,,,,,,,,,,,,,,,,,,,,,,,,,,,,,,2019
Mendon,79,24,,,,,,,,,1.0,,2.0,3.0,14,4,,,43,,,2.0,2.0,9,,,10.0,,2.0,,,,,,1.0,1.0,3.0,1.0,,,,5.0,5.0,2.0,12.0,10.0,,,,,,,,,,1.0,1.0,,,2019
Milford,663,246,,,,2.0,11.0,8.0,3.0,,,,3.0,33.0,163,34,,,377,2.0,,37.0,16.0,81,1.0,1.0,28.0,5.0,32.0,,2.0,2.0,,4.0,3.0,1.0,39.0,19.0,,8.0,4.0,71.0,14.0,7.0,40.0,31.0,,,,,,2.0,,,,6.0,1.0,,,2019
Millbury,352,77,,,,,2.0,2.0,,,1.0,,2.0,21.0,33,18,,,243,1.0,,13.0,11.0,35,,,27.0,5.0,16.0,,,,,1.0,,2.0,69.0,6.0,,5.0,,34.0,12.0,6.0,32.0,22.0,,,,,,1.0,2.0,,,7.0,,,,2019
Millville,41,9,,,,,3.0,3.0,,,1.0,,,2.0,3,,,,32,,,1.0,,7,1.0,,2.0,1.0,5.0,,1.0,1.0,,,,,1.0,2.0,,4.0,,6.0,,,,,,,,,,,,,,,,,,2019
Mount Wachusett CC,,,,,,,,,,,,,,,,,,,,,,,,,,,,,,,,,,,,,,,,,,,,,,,,,,,,,,,,,,,,2019
New Braintree,23,4,,,,,,,,,,,,3.0,,1,,,16,,,2.0,,2,5.0,,3.0,,1.0,,,,,,,,,1.0,,,,,1.0,1.0,3.0,3.0,,,,,,,,,,,,,,2019
North Brookfield,,,,,,,,,,,,,,,,,,,,,,,,,,,,,,,,,,,,,,,,,,,,,,,,,,,,,,,,,,,,2019
Northborough,163,44,,,,,2.0,2.0,,,,,,3.0,36,3,,,111,1.0,,12.0,2.0,14,,,,2.0,,,,,,,,,50.0,15.0,,8.0,,7.0,,,8.0,6.0,,,,,,1.0,,,,1.0,,,,2019
Northbridge,405,104,,,,1.0,2.0,2.0,,,3.0,,4.0,29.0,51,14,,,280,1.0,,22.0,8.0,71,,,37.0,1.0,13.0,,,,,,1.0,,50.0,11.0,,3.0,,54.0,6.0,2.0,21.0,17.0,,,,,,1.0,,,,3.0,,,,2019
Oakham,22,5,,,,,,,,,,,,,3,2,,,12,,,,,5,,,2.0,,,,,1.0,,,,,,,,1.0,,2.0,1.0,,5.0,5.0,,,,,,,,,,,,,,2019
Oxford,409,107,,,,1.0,11.0,7.0,3.0,1.0,2.0,1.0,4.0,19.0,57,12,,,276,,,12.0,8.0,52,1.0,,32.0,2.0,9.0,,1.0,,,1.0,2.0,1.0,80.0,11.0,,18.0,,38.0,6.0,2.0,26.0,16.0,,,,,,3.0,,,,5.0,2.0,,,2019
Paxton,59,16,,,,,2.0,2.0,,,,,,6.0,4,4,,,23,,,1.0,1.0,6,,,1.0,,1.0,,,,,,,,,3.0,,1.0,,5.0,2.0,2.0,20.0,14.0,,,,,,,,,,5.0,1.0,,,2019
Petersham,,,,,,,,,,,,,,,,,,,,,,,,,,,,,,,,,,,,,,,,,,,,,,,,,,,,,,,,,,,,2019
Phillipston,,,,,,,,,,,,,,,,,,,,,,,,,,,,,,,,,,,,,,,,,,,,,,,,,,,,,,,,,,,,2019
Princeton,44,7,,,,,,,,,,,,1.0,5,1,,,31,,,3.0,,3,,,3.0,2.0,6.0,,,1.0,,,,,,1.0,,,,10.0,,2.0,6.0,4.0,,,,,,1.0,,,,1.0,,,,2019
Quinsigamond CC,31,7,,,,,,,,,,,,1.0,3,3,,,23,,,2.0,1.0,7,,,1.0,,,,,,,,,,2.0,6.0,,1.0,,3.0,,,1.0,1.0,,,,,,,,,,,,,,2019
Royalston,1,1,,,,,,,,,,,,,1,,,,,,,,,,,,,,,,,,,,,,,,,,,,,,,,,,,,,,,,,,,,,2019
Rutland,181,73,,,,,10.0,3.0,7.0,,,1.0,4.0,25.0,15,18,,,98,,,5.0,2.0,33,,,15.0,3.0,17.0,,,,1.0,1.0,,,3.0,4.0,,3.0,,5.0,3.0,3.0,10.0,8.0,,,,,,1.0,,,,1.0,,,,2019
Shrewsbury,252,40,,,,2.0,1.0,1.0,,,,,1.0,2.0,27,7,,,198,,,15.0,8.0,18,,1.0,7.0,8.0,,,,19.0,,2.0,2.0,1.0,28.0,12.0,,38.0,1.0,14.0,19.0,5.0,14.0,9.0,1.0,,,,,1.0,,,,3.0,,,,2019
Southborough,126,17,,,,,,,,,,,,3.0,10,4,,,99,,,14.0,6.0,19,1.0,,37.0,,4.0,,,1.0,,,,,,4.0,,,,8.0,3.0,2.0,10.0,7.0,,,,,,,1.0,,,2.0,,,,2019
Southbridge,875,270,,,,,21.0,18.0,2.0,1.0,7.0,2.0,7.0,55.0,114,64,,,467,,,54.0,12.0,109,4.0,,44.0,5.0,20.0,1.0,,1.0,,4.0,4.0,,51.0,34.0,,21.0,,81.0,16.0,6.0,138.0,118.0,,,,,,5.0,,,,15.0,,,,2019
Spencer,184,30,,,,,4.0,4.0,,,6.0,,,7.0,11,2,,,142,,,16.0,4.0,28,1.0,2.0,3.0,6.0,,,31.0,,,,,,9.0,7.0,,4.0,1.0,21.0,9.0,,12.0,7.0,3.0,,,,,,,,,2.0,,,,2019
Sterling,80,22,,,,,3.0,2.0,1.0,,1.0,1.0,3.0,1.0,12,1,,,52,,,2.0,2.0,12,1.0,,7.0,1.0,11.0,,,1.0,,,1.0,1.0,,8.0,,2.0,,2.0,1.0,,6.0,2.0,,,,,,3.0,,,,1.0,,,,2019
Sturbridge,408,116,,,,,3.0,3.0,,,4.0,1.0,3.0,15.0,60,30,,,247,3.0,,12.0,15.0,53,,,35.0,2.0,10.0,,,,,,1.0,,25.0,15.0,,11.0,1.0,50.0,8.0,6.0,45.0,35.0,,,,,,3.0,1.0,,,6.0,,,,2019
Sutton,195,53,,,,,2.0,1.0,1.0,,,1.0,3.0,10.0,27,10,,,121,,,18.0,11.0,22,,,12.0,,16.0,,1.0,3.0,,,,,9.0,5.0,,1.0,,18.0,3.0,2.0,21.0,19.0,,,,,,1.0,,,,1.0,,,,2019
Templeton,110,53,,,,,2.0,,2.0,,2.0,,1.0,11.0,29,8,,,51,,,6.0,2.0,11,,,11.0,1.0,3.0,,,,,,1.0,,1.0,3.0,,2.0,,5.0,4.0,1.0,6.0,4.0,,,,,,,,,,2.0,,,,2019
Tufts University Worcester,3,1,,,,,,,,,,,,,,1,,,2,,,,,1,,,,,,,,,,,,,,1.0,,,,,,,,,,,,,,,,,,,,,,2019
Tufts University Worcester,,,,,,,,,,,,,,,,,,,,,,,,,,,,,,,,,,,,,,,,,,,,,,,,,,,,,,,,,,,,2019
U-Mass Worcester,183,102,,,,,,,,,,,,21.0,60,21,,,74,,,,1.0,10,,,5.0,,4.0,,,,,,,,5.0,5.0,,,,42.0,1.0,1.0,7.0,5.0,,,,,,,,,,1.0,1.0,,,2019
U-Mass Worcester MA014UM00,,,,,,,,,,,,,,,,,,,,,,,,,,,,,,,,,,,,,,,,,,,,,,,,,,,,,,,,,,,,2019
Upton,131,33,,,,,2.0,1.0,1.0,,1.0,,,7.0,13,10,,,87,1.0,,7.0,3.0,19,1.0,,16.0,,7.0,,1.0,,,,,1.0,1.0,6.0,,3.0,,17.0,4.0,,11.0,9.0,,,,,,,,,,2.0,,,,2019
Uxbridge,288,92,,,,1.0,3.0,2.0,1.0,,,,1.0,15.0,50,22,,,168,1.0,,9.0,5.0,42,2.0,1.0,34.0,,7.0,,,,,2.0,1.0,1.0,13.0,8.0,,5.0,,26.0,9.0,2.0,28.0,17.0,,,,,,5.0,,,,6.0,,,,2019
Warren,139,57,,,,,,,,,,1.0,4.0,12.0,23,17,,,62,1.0,,6.0,1.0,18,,1.0,7.0,1.0,1.0,,,,,,,,3.0,9.0,,,1.0,10.0,1.0,2.0,20.0,11.0,,,,,,4.0,,,,4.0,1.0,,,2019
Webster,887,379,,,,4.0,16.0,12.0,4.0,,3.0,3.0,4.0,104.0,213,32,,,431,,,41.0,7.0,114,,2.0,42.0,6.0,22.0,,,1.0,,3.0,3.0,1.0,20.0,31.0,,23.0,,97.0,11.0,7.0,77.0,55.0,,,,,,5.0,,,,17.0,,,,2019
West Boylston,125,30,,,,,,,,,1.0,,1.0,9.0,14,5,,,93,,,13.0,1.0,24,,,5.0,4.0,6.0,,,,,2.0,,1.0,10.0,5.0,,5.0,,9.0,7.0,1.0,2.0,1.0,,,,,,,,,,1.0,,,,2019
West Brookfield,,,,,,,,,,,,,,,,,,,,,,,,,,,,,,,,,,,,,,,,,,,,,,,,,,,,,,,,,,,,2019
Westborough,595,169,,,,1.0,9.0,7.0,,2.0,6.0,,8.0,16.0,81,48,,,411,1.0,,33.0,33.0,54,1.0,1.0,59.0,7.0,32.0,,2.0,2.0,,,2.0,2.0,18.0,19.0,,13.0,3.0,118.0,5.0,6.0,15.0,11.0,1.0,,,,,2.0,,,,1.0,,,,2019
Westminster,125,38,,,,,1.0,,,1.0,1.0,,1.0,19.0,7,9,,,83,,,5.0,2.0,16,,,8.0,3.0,7.0,,,,,,,,3.0,7.0,,2.0,,24.0,2.0,4.0,4.0,1.0,,,,,,1.0,,,,2.0,,,,2019
Winchendon,401,150,,,,1.0,9.0,4.0,5.0,,7.0,4.0,4.0,28.0,67,30,,,220,1.0,,30.0,3.0,72,2.0,2.0,13.0,3.0,17.0,,,,,,1.0,,6.0,18.0,,2.0,,33.0,13.0,4.0,31.0,16.0,,,,,,4.0,,1.0,,9.0,1.0,,,2019
Worcester,"10,899","3,525",13.0,,,69.0,48.0,45.0,3.0,,47.0,,6.0,888.0,"1,845",603,6.0,,"6,651",6.0,,717.0,133.0,"1,294",40.0,10.0,288.0,326.0,9.0,2.0,142.0,251.0,27.0,230.0,5.0,,606.0,384.0,6.0,785.0,220.0,722.0,372.0,76.0,723.0,487.0,,,,,,11.0,79.0,5.0,,133.0,8.0,,,2019
Worcester Polytechnic In,69,9,,,,,,,,,,,,3.0,3,3,,,58,,,1.0,2.0,23,,,2.0,,,,1.0,,,,,,,7.0,,2.0,,17.0,,3.0,2.0,2.0,,,,,,,,,,,,,,2019
Worcester State,42,6,,,,,,,,,,,,2.0,,4,,,29,1.0,,1.0,,12,,,8.0,,,,,,,,,,,3.0,,1.0,,2.0,1.0,,7.0,4.0,,,,,,1.0,,,,2.0,,,,2019
Worcester State Police,,,,,,,,,,,,,,,,,,,,,,,,,,,,,,,,,,,,,,,,,,,,,,,,,,,,,,,,,,,,2019
Worcester State Police Holden,,,,,,,,,,,,,,,,,,,,,,,,,,,,,,,,,,,,,,,,,,,,,,,,,,,,,,,,,,,,2019
Worcester State Police Weston,,,,,,,,,,,,,,,,,,,,,,,,,,,,,,,,,,,,,,,,,,,,,,,,,,,,,,,,,,,,2019
Worcester State University,,,,,,,,,,,,,,,,,,,,,,,,,,,,,,,,,,,,,,,,,,,,,,,,,,,,,,,,,,,,2019
Missing,,,,,,,,,,,,,,,,,,,,,,,,,,,,,,,,,,,,,,,,,,,,,,,,,,,,,,,,,,,,2019
MSCPA Police,,,,,,,,,,,,,,,,,,,,,,,,,,,,,,,,,,,,,,,,,,,,,,,,,,,,,,,,,,,,2019
Suffolk University,,,,,,,,,,,,,,,,,,,,,,,,,,,,,,,,,,,,,,,,,,,,,,,,,,,,,,,,,,,,2019
Jurisdiction by Geography,,,,,,,,,,,,,,,,,,,,,,,,,,,,,,,,,,,,,,,,,,,,,,,,,,,,,,,,,,,,2018
Barnstable,"1,639",575,2.0,,,4.0,20.0,12.0,6.0,2.0,26.0,,3.0,138.0,300,82,,,851,3.0,,88.0,12.0,203,8.0,4.0,52.0,39.0,17.0,,10.0,14.0,,8.0,1.0,,115.0,86.0,,58.0,13.0,96,15.0,9.0,213,152.0,1.0,,,,,8.0,,,1.0,50.0,1.0,,,2018
Barnstable State Police,,,,,,,,,,,,,,,,,,,,,,,,,,,,,,,,,,,,,,,,,,,,,,,,,,,,,,,,,,,,2018
Barnstable State Police Middleboro,,,,,,,,,,,,,,,,,,,,,,,,,,,,,,,,,,,,,,,,,,,,,,,,,,,,,,,,,,,,2018
Bourne,823,246,,,,1.0,5.0,5.0,,,8.0,,,40.0,140,52,,,531,,,101.0,17.0,134,4.0,,49.0,7.0,22.0,,,1.0,,1.0,2.0,3.0,35.0,16.0,,17.0,,100,11.0,11.0,46,37.0,,,,,,3.0,,,,6.0,,,,2018
Brewster,262,118,,,,,9.0,4.0,5.0,,5.0,,9.0,22.0,62,11,,,134,2.0,,11.0,2.0,33,,,11.0,3.0,7.0,,,,,,3.0,1.0,,16.0,,6.0,,35,3.0,1.0,10,6.0,,,,,,1.0,,,,3.0,,,,2018
Cape Cod Community College,,,,,,,,,,,,,,,,,,,,,,,,,,,,,,,,,,,,,,,,,,,,,,,,,,,,,,,,,,,,2018
Chatham,154,35,,,,,1.0,1.0,,,,,,7.0,22,5,,,116,,,10.0,4.0,31,,,16.0,2.0,1.0,,,,,1.0,,,5.0,5.0,,2.0,,37,2.0,,3,2.0,,,,,,,,,,1.0,,,,2018
Dennis,642,203,,,,2.0,8.0,6.0,2.0,,5.0,4.0,,54.0,111,16,3.0,,406,,,57.0,11.0,66,1.0,1.0,36.0,9.0,9.0,,1.0,2.0,1.0,1.0,4.0,1.0,26.0,37.0,,30.0,,99,12.0,2.0,33,21.0,,,,,,1.0,,1.0,,10.0,,,,2018
Eastham,153,27,,,,,3.0,3.0,,,1.0,,2.0,6.0,10,5,,,114,,,8.0,3.0,13,,2.0,13.0,3.0,5.0,,,1.0,1.0,1.0,,,1.0,7.0,,11.0,,44,1.0,,12,8.0,,,,,,2.0,,,,2.0,,,,2018
Falmouth,"1,291",486,,,,9.0,22.0,22.0,,,14.0,1.0,2.0,85.0,235,118,,,689,,,99.0,20.0,177,8.0,1.0,69.0,4.0,53.0,,,,,4.0,4.0,7.0,38.0,39.0,,4.0,,128,21.0,13.0,116,85.0,,,,,,10.0,4.0,2.0,,15.0,,,,2018
Harwich,335,91,,,,,4.0,4.0,,,3.0,,2.0,18.0,53,11,,,232,,,34.0,7.0,48,,,23.0,3.0,15.0,,1.0,,,2.0,,,14.0,7.0,,1.0,,74,3.0,,12,7.0,,,,,,,,,,5.0,,,,2018
Mashpee,474,151,,,,1.0,7.0,7.0,,,3.0,2.0,4.0,38.0,61,35,,,285,,,13.0,6.0,76,6.0,1.0,25.0,7.0,13.0,,,,,2.0,2.0,,32.0,11.0,,11.0,,74,3.0,3.0,38,31.0,,,,,,1.0,,,,6.0,,,,2018
MBTA - Barnstable County,,,,,,,,,,,,,,,,,,,,,,,,,,,,,,,,,,,,,,,,,,,,,,,,,,,,,,,,,,,,2018
Orleans,159,40,,,,,,,,,,,7.0,7.0,16,10,,,110,,,3.0,4.0,15,,,11.0,,6.0,,,,,1.0,,1.0,14.0,7.0,,1.0,,47,,,9,4.0,,,,,,1.0,1.0,1.0,,2.0,,,,2018
Provincetown,268,78,,,,,6.0,1.0,5.0,,2.0,,,12.0,47,11,,,177,,,16.0,4.0,50,1.0,,18.0,3.0,2.0,,,,,,2.0,1.0,12.0,3.0,,3.0,,58,2.0,2.0,13,12.0,,,,,,1.0,,,,,,,,2018
Sandwich,425,133,,,,1.0,10.0,9.0,1.0,,2.0,,6.0,12.0,81,21,,,260,1.0,,17.0,2.0,101,1.0,,15.0,1.0,28.0,,,,,1.0,3.0,,8.0,14.0,,17.0,,42,4.0,5.0,32,29.0,,,,,,,,,,3.0,,,,2018
Truro,64,24,,,,,,,,,,,,5.0,13,6,,,38,,,6.0,1.0,8,,,7.0,,1.0,,,1.0,,,,,,2.0,,3.0,,7,1.0,1.0,2,1.0,,,,,,,,,,1.0,,,,2018
Wellfleet,83,17,,,,1.0,1.0,1.0,,,3.0,,,4.0,7,1,,,62,,,4.0,,23,,,2.0,1.0,,,,,,,,,,6.0,,6.0,,20,,,4,3.0,,,,,,,,,,1.0,,,,2018
Yarmouth,938,336,1.0,,,2.0,17.0,10.0,7.0,,2.0,,7.0,88.0,182,37,,,518,5.0,,50.0,12.0,101,3.0,,28.0,13.0,16.0,,,,,7.0,1.0,1.0,30.0,35.0,,66.0,,127,17.0,6.0,84,64.0,,,,,,3.0,3.0,,,14.0,,,,2018
Adams,296,86,1.0,,,1.0,1.0,,1.0,,2.0,1.0,7.0,20.0,47,6,,,192,1.0,,32.0,6.0,60,1.0,,15.0,2.0,1.0,,,,,2.0,,,3.0,12.0,,10.0,3.0,35,4.0,5.0,18,12.0,,,,,,4.0,,,,2.0,,,,2018
Alford,,,,,,,,,,,,,,,,,,,,,,,,,,,,,,,,,,,,,,,,,,,,,,,,,,,,,,,,,,,,2018
Becket,,,,,,,,,,,,,,,,,,,,,,,,,,,,,,,,,,,,,,,,,,,,,,,,,,,,,,,,,,,,2018
Berkshire State Police,,,,,,,,,,,,,,,,,,,,,,,,,,,,,,,,,,,,,,,,,,,,,,,,,,,,,,,,,,,,2018
Berkshire State Police Northampton,,,,,,,,,,,,,,,,,,,,,,,,,,,,,,,,,,,,,,,,,,,,,,,,,,,,,,,,,,,,2018
Berkshire State Police Weston,,,,,,,,,,,,,,,,,,,,,,,,,,,,,,,,,,,,,,,,,,,,,,,,,,,,,,,,,,,,2018
Cheshire,20,5,,,,,1.0,1.0,,,,,,,4,,,,13,,,1.0,2.0,2,,,,,1.0,,,,,,,,2.0,1.0,,1.0,,1,1.0,1.0,2,2.0,,,,,,,,,,,,,,2018
Clarksburg,,,,,,,,,,,,,,,,,,,,,,,,,,,,,,,,,,,,,,,,,,,,,,,,,,,,,,,,,,,,2018
Dalton,99,33,,,,,4.0,4.0,,,,,2.0,10.0,8,9,,,63,,,5.0,4.0,15,,,3.0,1.0,,,,,,,,,,1.0,,10.0,,19,5.0,,3,2.0,,,,,,1.0,,,,,,,,2018
Egremont,,,,,,,,,,,,,,,,,,,,,,,,,,,,,,,,,,,,,,,,,,,,,,,,,,,,,,,,,,,,2018
Florida,,,,,,,,,,,,,,,,,,,,,,,,,,,,,,,,,,,,,,,,,,,,,,,,,,,,,,,,,,,,2018
Great Barrington,152,53,,,,1.0,2.0,2.0,,,,,1.0,13.0,33,3,,,89,,1.0,5.0,4.0,22,,,2.0,,,,,,,3.0,,,8.0,6.0,,4.0,,30,3.0,1.0,10,7.0,,,,,,1.0,,,,2.0,,,,2018
Hancock,,,,,,,,,,,,,,,,,,,,,,,,,,,,,,,,,,,,,,,,,,,,,,,,,,,,,,,,,,,,2018
Hinsdale,,,,,,,,,,,,,,,,,,,,,,,,,,,,,,,,,,,,,,,,,,,,,,,,,,,,,,,,,,,,2018
Lanesboro,,,,,,,,,,,,,,,,,,,,,,,,,,,,,,,,,,,,,,,,,,,,,,,,,,,,,,,,,,,,2018
Lee,190,55,,,,,2.0,2.0,,,2.0,,1.0,13.0,27,10,,,128,,,15.0,2.0,23,2.0,,3.0,2.0,3.0,,,,,2.0,3.0,1.0,27.0,14.0,,8.0,,22,1.0,,7,2.0,,,,,,1.0,,,,4.0,,,,2018
Lenox,139,26,,,,,5.0,5.0,,,,,2.0,6.0,11,2,,,108,,,8.0,4.0,17,1.0,,2.0,,3.0,,1.0,,,,1.0,1.0,19.0,5.0,,2.0,2.0,42,,,5,3.0,,,,,,1.0,,,,1.0,,,,2018
MA College of Liberal Arts,42,7,,,,,,,,,1.0,,,1.0,5,,,,30,,,,1.0,22,1.0,,1.0,,,,,,,,,,,2.0,,1.0,,2,,,5,5.0,,,,,,,,,,,,,,2018
MBTA - Berkshire County,,,,,,,,,,,,,,,,,,,,,,,,,,,,,,,,,,,,,,,,,,,,,,,,,,,,,,,,,,,,2018
Monterey,18,3,,,,,1.0,1.0,,,,,,,2,,,,10,,,,,2,,,1.0,,1.0,,,,,,,,,2.0,,,,3,1.0,,5,4.0,,,,,,,,,,1.0,,,,2018
Mount Washington,,,,,,,,,,,,,,,,,,,,,,,,,,,,,,,,,,,,,,,,,,,,,,,,,,,,,,,,,,,,2018
New Ashford,,,,,,,,,,,,,,,,,,,,,,,,,,,,,,,,,,,,,,,,,,,,,,,,,,,,,,,,,,,,2018
New Marlboro,,,,,,,,,,,,,,,,,,,,,,,,,,,,,,,,,,,,,,,,,,,,,,,,,,,,,,,,,,,,2018
North Adams,"1,171",375,1.0,,,,4.0,3.0,1.0,,1.0,,12.0,89.0,193,75,,,678,1.0,,112.0,23.0,146,1.0,1.0,36.0,12.0,3.0,,,,,7.0,1.0,,117.0,59.0,,2.0,,122,21.0,14.0,118,88.0,,,,,,9.0,2.0,,,18.0,1.0,,,2018
Otis,,,,,,,,,,,,,,,,,,,,,,,,,,,,,,,,,,,,,,,,,,,,,,,,,,,,,,,,,,,,2018
Peru,,,,,,,,,,,,,,,,,,,,,,,,,,,,,,,,,,,,,,,,,,,,,,,,,,,,,,,,,,,,2018
Pittsfield,"3,148","1,014",3.0,,,10.0,44.0,32.0,12.0,,18.0,1.0,17.0,277.0,556,88,,,"1,947",13.0,,478.0,43.0,399,11.0,,118.0,6.0,26.0,,,,,34.0,13.0,5.0,131.0,108.0,,151.0,8.0,287,74.0,42.0,187,102.0,,,,,,15.0,,,,70.0,,,,2018
Richmond,,,,,,,,,,,,,,,,,,,,,,,,,,,,,,,,,,,,,,,,,,,,,,,,,,,,,,,,,,,,2018
Sandisfield,,,,,,,,,,,,,,,,,,,,,,,,,,,,,,,,,,,,,,,,,,,,,,,,,,,,,,,,,,,,2018
Savoy,,,,,,,,,,,,,,,,,,,,,,,,,,,,,,,,,,,,,,,,,,,,,,,,,,,,,,,,,,,,2018
Sheffield,,,,,,,,,,,,,,,,,,,,,,,,,,,,,,,,,,,,,,,,,,,,,,,,,,,,,,,,,,,,2018
Stockbridge,84,20,,,,2.0,1.0,1.0,,,,,,2.0,9,6,,,60,,,5.0,3.0,17,1.0,,7.0,1.0,2.0,,,,,,,,2.0,1.0,,7.0,,12,1.0,1.0,4,2.0,,,,,,,,,,2.0,,,,2018
Tyringham,,,,,,,,,,,,,,,,,,,,,,,,,,,,,,,,,,,,,,,,,,,,,,,,,,,,,,,,,,,,2018
Washington,,,,,,,,,,,,,,,,,,,,,,,,,,,,,,,,,,,,,,,,,,,,,,,,,,,,,,,,,,,,2018
West Stockbridge,,,,,,,,,,,,,,,,,,,,,,,,,,,,,,,,,,,,,,,,,,,,,,,,,,,,,,,,,,,,2018
Williamstown,151,28,,,,,2.0,2.0,,,,,1.0,2.0,15,8,,,113,,,4.0,5.0,15,1.0,,7.0,1.0,1.0,,,,1.0,1.0,,,3.0,7.0,,,,65,,2.0,10,8.0,,,,,,2.0,,,,,,,,2018
Windsor,,,,,,,,,,,,,,,,,,,,,,,,,,,,,,,,,,,,,,,,,,,,,,,,,,,,,,,,,,,,2018
Acushnet,219,58,,,,,5.0,4.0,1.0,,1.0,1.0,1.0,13.0,24,13,,,146,,,21.0,2.0,46,,,6.0,4.0,8.0,,,,,1.0,,1.0,,4.0,,13.0,,29,8.0,3.0,15,9.0,,,,,,3.0,,,,3.0,,,,2018
Attleboro,"1,785",574,,,,2.0,25.0,17.0,6.0,2.0,34.0,,4.0,80.0,352,77,,,"1,070",4.0,,77.0,39.0,205,11.0,11.0,66.0,28.0,49.0,,48.0,10.0,1.0,8.0,3.0,,113.0,127.0,,103.0,48.0,67,27.0,25.0,141,89.0,7.0,,,,,11.0,2.0,,6.0,25.0,1.0,,,2018
Berkley,73,25,,,,,,,,,,,,7.0,15,3,,,43,,,6.0,1.0,8,,,4.0,4.0,4.0,,,,,,,1.0,,4.0,,1.0,,4,5.0,1.0,5,3.0,,,,,,,,,,2.0,,,,2018
Bristol Comm College,,,,,,,,,,,,,,,,,,,,,,,,,,,,,,,,,,,,,,,,,,,,,,,,,,,,,,,,,,,,2018
Bristol State Police,,,,,,,,,,,,,,,,,,,,,,,,,,,,,,,,,,,,,,,,,,,,,,,,,,,,,,,,,,,,2018
Bristol State Police Framingham,,,,,,,,,,,,,,,,,,,,,,,,,,,,,,,,,,,,,,,,,,,,,,,,,,,,,,,,,,,,2018
Bristol State Police Middleboro,,,,,,,,,,,,,,,,,,,,,,,,,,,,,,,,,,,,,,,,,,,,,,,,,,,,,,,,,,,,2018
Dartmouth,"1,279",371,2.0,,,2.0,12.0,10.0,2.0,,1.0,4.0,8.0,47.0,191,103,1.0,,843,1.0,,55.0,12.0,167,7.0,3.0,74.0,11.0,39.0,,,2.0,,5.0,1.0,4.0,155.0,34.0,,44.0,15.0,168,32.0,14.0,65,52.0,,,,,,2.0,1.0,,,6.0,4.0,,,2018
Dighton,117,32,,,,,,,,,,,2.0,15.0,9,6,,,81,,,5.0,2.0,24,,,4.0,1.0,8.0,,,1.0,,,,,1.0,10.0,,4.0,,16,3.0,2.0,4,2.0,,,,,,2.0,,,,,,,,2018
Easton,480,131,,,,,15.0,13.0,2.0,,1.0,2.0,12.0,27.0,65,9,,,319,,,27.0,10.0,55,2.0,,25.0,,35.0,,,3.0,,3.0,1.0,3.0,25.0,11.0,,45.0,4.0,54,11.0,5.0,30,17.0,,,,,,4.0,,,,9.0,,,,2018
Fairhaven,870,300,,,,2.0,8.0,6.0,2.0,,1.0,1.0,6.0,45.0,131,105,,1.0,531,2.0,,53.0,9.0,128,1.0,1.0,31.0,6.0,15.0,,,,,2.0,2.0,1.0,64.0,33.0,,49.0,,110,14.0,10.0,39,29.0,,,,,,2.0,,,,5.0,3.0,,,2018
Fall River,"5,386","2,302",1.0,,,50.0,77.0,72.0,5.0,,74.0,1.0,18.0,732.0,"1,144",205,,,"2,670",20.0,,401.0,65.0,598,4.0,6.0,146.0,11.0,97.0,,1.0,,,121.0,19.0,11.0,213.0,161.0,,239.0,5.0,277,218.0,57.0,414,256.0,1.0,,4.0,,,15.0,40.0,3.0,,95.0,,,,2018
Freetown,257,100,,,,,4.0,4.0,,,4.0,1.0,1.0,19.0,55,15,1.0,,140,1.0,,10.0,3.0,34,1.0,,5.0,3.0,14.0,,,,,1.0,1.0,,2.0,9.0,,7.0,4.0,32,12.0,1.0,17,8.0,,,,,,3.0,1.0,,,5.0,,,,2018
Mansfield,682,229,,,,,6.0,6.0,,,3.0,,10.0,28.0,154,28,,,420,,,35.0,17.0,71,3.0,1.0,48.0,16.0,32.0,,,2.0,,1.0,,,26.0,27.0,,26.0,,97,11.0,7.0,33,23.0,,,,,,2.0,1.0,1.0,,5.0,1.0,,,2018
MBTA - Bristol County,,,,,,,,,,,,,,,,,,,,,,,,,,,,,,,,,,,,,,,,,,,,,,,,,,,,,,,,,,,,2018
New Bedford,"8,466","3,348",3.0,,,22.0,46.0,45.0,1.0,,80.0,,7.0,392.0,"2,130",668,,,"4,472",19.0,,488.0,88.0,"1,079",,5.0,318.0,21.0,150.0,2.0,,4.0,1.0,167.0,4.0,6.0,348.0,150.0,,369.0,141.0,795,184.0,133.0,646,434.0,,,,,,21.0,42.0,2.0,,146.0,1.0,,,2018
North Attleborough,667,146,,,,,7.0,7.0,,,,,,19.0,114,6,,,512,,,27.0,15.0,64,11.0,,,30.0,,,27.0,5.0,,2.0,,,133.0,,,88.0,,102,7.0,1.0,9,8.0,,,,,,,,,,1.0,,,,2018
Norton,75,29,,,,,,,,,,,,14.0,11,4,,,46,,,6.0,,7,1.0,,15.0,,,,,,,,,,,4.0,,2.0,2.0,5,4.0,,,,,,,,,,,,,,,,,2018
Raynham,450,67,,,,1.0,1.0,,1.0,,2.0,,,25.0,21,17,,,363,,,20.0,16.0,26,7.0,1.0,45.0,7.0,2.0,,1.0,,,1.0,3.0,,128.0,9.0,,18.0,,57,17.0,5.0,20,17.0,,,,,,1.0,,,,2.0,,,,2018
Rehoboth,269,52,,,,,,,,,,,4.0,8.0,23,17,,,209,,1.0,14.0,4.0,32,,,13.0,6.0,34.0,,,5.0,,,,,1.0,6.0,,31.0,1.0,47,8.0,6.0,8,6.0,,,,,,,,,,2.0,,,,2018
Seekonk,620,94,,,,3.0,2.0,2.0,,,,,2.0,21.0,53,12,,1.0,454,,,19.0,20.0,83,1.0,,22.0,18.0,13.0,,,1.0,,3.0,,2.0,74.0,17.0,,11.0,,140,17.0,13.0,72,58.0,,,,,,2.0,2.0,,,10.0,,,,2018
Somerset,555,183,,,,,7.0,6.0,1.0,,4.0,,8.0,30.0,94,40,,,327,1.0,,15.0,11.0,73,1.0,1.0,31.0,4.0,13.0,,,,,1.0,,,28.0,41.0,,31.0,,52,13.0,11.0,45,31.0,,,,,,3.0,,,,11.0,,,,2018
Stonehill College,,,,,,,,,,,,,,,,,,,,,,,,,,,,,,,,,,,,,,,,,,,,,,,,,,,,,,,,,,,,2018
Swansea,470,120,,,,,1.0,1.0,,,1.0,,3.0,24.0,56,35,,,327,,,20.0,5.0,58,,,32.0,11.0,10.0,,,,,4.0,1.0,,59.0,30.0,,20.0,1.0,52,18.0,6.0,23,12.0,1.0,,,,,2.0,,,,7.0,1.0,,,2018
Taunton,"1,421",573,,,,3.0,21.0,13.0,8.0,,10.0,2.0,14.0,191.0,279,53,,,647,3.0,,89.0,19.0,143,,1.0,28.0,4.0,8.0,,,,,35.0,4.0,5.0,51.0,43.0,,31.0,,131,27.0,25.0,201,165.0,,,,,,4.0,3.0,,,29.0,,,,2018
U-Mass Dartmouth,,,,,,,,,,,,,,,,,,,,,,,,,,,,,,,,,,,,,,,,,,,,,,,,,,,,,,,,,,,,2018
Uncategorized,,,,,,,,,,,,,,,,,,,,,,,,,,,,,,,,,,,,,,,,,,,,,,,,,,,,,,,,,,,,2018
Westport,392,107,,,,1.0,7.0,6.0,1.0,,,1.0,4.0,24.0,52,18,,,264,1.0,,42.0,4.0,62,1.0,,19.0,3.0,16.0,,,4.0,,2.0,1.0,1.0,5.0,7.0,,22.0,5.0,50,11.0,8.0,21,16.0,,,,,,1.0,,,,4.0,,,,2018
Wheaton College,,,,,,,,,,,,,,,,,,,,,,,,,,,,,,,,,,,,,,,,,,,,,,,,,,,,,,,,,,,,2018
Aquinnah,7,3,,,,,,,,,,,,,3,,,,4,,,,,1,,,,,,,,,,,,,1.0,1.0,,,,1,,,,,,,,,,,,,,,,,,2018
Chilmark,20,3,,,,,,,,,,,,,3,,,,17,,,,1.0,2,,,5.0,,,,,,,,,,,,,,,9,,,,,,,,,,,,,,,,,,2018
Dukes State Police,,,,,,,,,,,,,,,,,,,,,,,,,,,,,,,,,,,,,,,,,,,,,,,,,,,,,,,,,,,,2018
Dukes State Police Middleboro,,,,,,,,,,,,,,,,,,,,,,,,,,,,,,,,,,,,,,,,,,,,,,,,,,,,,,,,,,,,2018
Edgartown,210,68,,,,,5.0,5.0,,,,,1.0,22.0,32,8,,,138,,,12.0,2.0,30,,,8.0,,,,,,,1.0,2.0,,10.0,6.0,,,,65,2.0,,4,3.0,,,,,,,,,,1.0,,,,2018
Gosnold,,,,,,,,,,,,,,,,,,,,,,,,,,,,,,,,,,,,,,,,,,,,,,,,,,,,,,,,,,,,2018
MBTA - Dukes County,,,,,,,,,,,,,,,,,,,,,,,,,,,,,,,,,,,,,,,,,,,,,,,,,,,,,,,,,,,,2018
Oak Bluffs,189,69,,,,,,,,,,,1.0,25.0,39,4,,,114,,,9.0,1.0,26,1.0,,7.0,,,,,,,,1.0,,19.0,4.0,,,,43,3.0,,6,4.0,,,,,,1.0,,,,1.0,,,,2018
Tisbury,160,55,,,,,4.0,4.0,,,,,2.0,21.0,23,5,,,94,,,12.0,3.0,14,2.0,2.0,7.0,,,,,,,,1.0,,3.0,9.0,,1.0,,39,1.0,,11,9.0,,,,,,,,,,2.0,,,,2018
West Tisbury,62,23,,,,,,,,,,,,8.0,12,3,,,36,,,2.0,,8,,,3.0,,,,,,,,,,,1.0,,1.0,,20,1.0,,3,2.0,,,,,,1.0,,,,,,,,2018
Amesbury,447,123,,,,1.0,8.0,6.0,2.0,,,,10.0,22.0,65,17,,,287,1.0,1.0,19.0,10.0,76,,,20.0,6.0,12.0,,,,,2.0,2.0,2.0,9.0,23.0,,16.0,,72,8.0,8.0,37,24.0,,,,,,7.0,2.0,1.0,,3.0,,,,2018
Andover,545,107,,,,,5.0,4.0,1.0,,4.0,,,15.0,79,4,,,381,1.0,,28.0,6.0,63,,5.0,27.0,36.0,,,5.0,50.0,5.0,1.0,,,4.0,15.0,,31.0,7.0,90,7.0,,57,56.0,,,,,,1.0,,,,,,,,2018
Beverly,565,96,,,,,3.0,3.0,,,1.0,,2.0,36.0,25,29,,,443,,,25.0,4.0,101,,3.0,18.0,25.0,23.0,,15.0,,,4.0,,1.0,13.0,30.0,,41.0,4.0,125,11.0,,26,15.0,8.0,,,,,2.0,1.0,,,,,,,2018
Boxford,73,4,,,,,2.0,2.0,,,,,,,1,1,,,69,,,,,21,,2.0,12.0,12.0,,,1.0,,1.0,,,,,2.0,,6.0,,12,,,,,,,,,,,,,,,,,,2018
Danvers,994,284,,,,,5.0,5.0,,,7.0,,1.0,43.0,175,53,,,678,2.0,,54.0,18.0,96,13.0,1.0,44.0,46.0,19.0,2.0,3.0,,,6.0,5.0,,208.0,47.0,,49.0,10.0,35,16.0,4.0,32,21.0,,,,,,3.0,1.0,,,7.0,,,,2018
Endicott College,,,,,,,,,,,,,,,,,,,,,,,,,,,,,,,,,,,,,,,,,,,,,,,,,,,,,,,,,,,,2018
Essex,,,,,,,,,,,,,,,,,,,,,,,,,,,,,,,,,,,,,,,,,,,,,,,,,,,,,,,,,,,,2018
Essex State Police,,,,,,,,,,,,,,,,,,,,,,,,,,,,,,,,,,,,,,,,,,,,,,,,,,,,,,,,,,,,2018
Essex State Police Framingham,,,,,,,,,,,,,,,,,,,,,,,,,,,,,,,,,,,,,,,,,,,,,,,,,,,,,,,,,,,,2018
Georgetown,140,27,,,,,,,,,1.0,,,2.0,20,4,,,102,3.0,,8.0,7.0,21,,,10.0,7.0,8.0,,,1.0,,,,,1.0,11.0,,3.0,,21,1.0,,11,7.0,,,,,,2.0,,,,2.0,,,,2018
Gloucester,786,287,,,,2.0,8.0,8.0,,,6.0,,2.0,61.0,170,38,,,432,2.0,,26.0,18.0,112,6.0,,33.0,19.0,16.0,,,,,3.0,2.0,1.0,30.0,44.0,,18.0,,78,17.0,7.0,67,61.0,,,,,,1.0,,,,5.0,,,,2018
Gordon College,,,,,,,,,,,,,,,,,,,,,,,,,,,,,,,,,,,,,,,,,,,,,,,,,,,,,,,,,,,,2018
Groveland,44,6,,,,,,,,,,,,,5,1,,,37,,,2.0,,12,,,3.0,3.0,1.0,,,,,,,,,1.0,,8.0,,4,3.0,,1,,,,,,,,,,,1.0,,,,2018
Hamilton,87,10,,,,,,,,,,,1.0,2.0,5,2,,,74,,,7.0,1.0,18,1.0,,15.0,1.0,9.0,,,,,,,,1.0,11.0,,,,7,1.0,2.0,3,2.0,,,,,,1.0,,,,,,,,2018
Haverhill,"2,985","1,131",2.0,,,9.0,18.0,18.0,,,1.0,,1.0,313.0,582,205,,,"1,589",3.0,,176.0,37.0,391,,5.0,103.0,39.0,1.0,,,,,32.0,8.0,,88.0,29.0,,137.0,5.0,434,101.0,,265,190.0,,,,,,8.0,,,,67.0,,,,2018
Ipswich,195,59,,,,,1.0,,1.0,,,,,13.0,34,11,,,128,1.0,,13.0,2.0,23,1.0,,11.0,4.0,8.0,,,1.0,,,2.0,1.0,1.0,8.0,,14.0,,34,2.0,2.0,8,3.0,,,,,,1.0,,,,4.0,,,,2018
Lawrence,,,,,,,,,,,,,,,,,,,,,,,,,,,,,,,,,,,,,,,,,,,,,,,,,,,,,,,,,,,,2018
Lynn,"4,126","1,434",3.0,,,16.0,51.0,51.0,,,52.0,,9.0,389.0,819,95,,,"2,451",5.0,,192.0,38.0,658,,1.0,113.0,53.0,42.0,,,,,141.0,40.0,2.0,101.0,43.0,,208.0,9.0,584,220.0,1.0,241,157.0,,,,,,7.0,6.0,,,71.0,,,,2018
Lynnfield,212,36,,,,,1.0,1.0,,,,,1.0,2.0,23,9,,,171,1.0,,4.0,2.0,23,1.0,,17.0,9.0,19.0,,,,,1.0,1.0,2.0,13.0,7.0,,17.0,,48,3.0,3.0,5,4.0,,,,,,,,,,1.0,,,,2018
Manchester-by-the-sea,52,7,,,,,2.0,2.0,,,,,,2.0,2,1,,,40,,,2.0,,17,,,,4.0,1.0,,3.0,,,2.0,,,,2.0,,1.0,,5,1.0,2.0,5,4.0,,,,,,,,,,1.0,,,,2018
Marblehead,317,87,,,,,3.0,1.0,2.0,,8.0,1.0,1.0,16.0,43,15,,,223,,,12.0,3.0,57,1.0,1.0,31.0,8.0,,,2.0,1.0,,1.0,2.0,,4.0,24.0,,17.0,,53,2.0,4.0,7,3.0,,,,,,1.0,,,,3.0,,,,2018
MBTA - Essex County,,,,,,,,,,,,,,,,,,,,,,,,,,,,,,,,,,,,,,,,,,,,,,,,,,,,,,,,,,,,2018
Merrimac,96,34,,,,,2.0,2.0,,,1.0,,,1.0,25,5,,,53,,,10.0,3.0,8,,1.0,5.0,2.0,3.0,,,,,1.0,,,,4.0,,2.0,,9,2.0,3.0,9,6.0,,,,,,1.0,,,,2.0,,,,2018
Merrimack College,,,,,,,,,,,,,,,,,,,,,,,,,,,,,,,,,,,,,,,,,,,,,,,,,,,,,,,,,,,,2018
Methuen,"1,184",156,,,,,2.0,1.0,,1.0,1.0,,,32.0,83,38,,,874,1.0,,52.0,8.0,168,,,60.0,102.0,28.0,,1.0,1.0,,11.0,,1.0,174.0,2.0,,64.0,14.0,135,51.0,1.0,154,150.0,2.0,,,,,1.0,,,,1.0,,,,2018
Middleton,165,37,,,,,,,,,1.0,,,17.0,13,6,,,124,,3.0,6.0,51.0,18,,,1.0,,,,,,,,,,1.0,,,4.0,,35,2.0,3.0,4,2.0,,,,,,,,,,2.0,,,,2018
Nahant,38,16,,,,,,,,,,,1.0,5.0,5,5,,,22,,,1.0,1.0,9,,1.0,2.0,1.0,,,,,,1.0,,,,1.0,,,,5,,,,,,,,,,,,,,,,,,2018
Newbury,123,40,,,,,3.0,3.0,,,,,1.0,6.0,19,11,,,69,,,7.0,1.0,14,,2.0,10.0,2.0,10.0,,,,1.0,,1.0,,,6.0,,,,12,2.0,1.0,14,5.0,,,,,,4.0,,,,5.0,,,,2018
Newburyport,396,101,,,,1.0,8.0,5.0,3.0,,1.0,1.0,3.0,10.0,46,31,,,267,,,10.0,3.0,56,1.0,,37.0,13.0,24.0,,,1.0,,,1.0,,20.0,24.0,,14.0,,52,7.0,4.0,28,20.0,,,,,,4.0,1.0,,,3.0,,,,2018
North Andover,407,104,1.0,,,,9.0,7.0,2.0,,7.0,,3.0,23.0,39,22,,,264,3.0,,11.0,10.0,27,,,21.0,3.0,18.0,,,1.0,,2.0,1.0,1.0,70.0,22.0,,8.0,1.0,49,12.0,4.0,39,34.0,,,,,,1.0,,,,4.0,,,,2018
North Shore CC,,,,,,,,,,,,,,,,,,,,,,,,,,,,,,,,,,,,,,,,,,,,,,,,,,,,,,,,,,,,2018
North Shore CC,,,,,,,,,,,,,,,,,,,,,,,,,,,,,,,,,,,,,,,,,,,,,,,,,,,,,,,,,,,,2018
North Shore Community College,,,,,,,,,,,,,,,,,,,,,,,,,,,,,,,,,,,,,,,,,,,,,,,,,,,,,,,,,,,,2018
Northern Essex Community College,,,,,,,,,,,,,,,,,,,,,,,,,,,,,,,,,,,,,,,,,,,,,,,,,,,,,,,,,,,,2018
Peabody,"1,540",434,,,,5.0,17.0,8.0,9.0,,6.0,,1.0,137.0,215,53,,,"1,008",,,95.0,24.0,228,18.0,2.0,68.0,39.0,45.0,,,,,11.0,7.0,4.0,67.0,39.0,,94.0,,217,38.0,12.0,98,85.0,1.0,,,,,1.0,,,,11.0,,,,2018
Rockport,72,33,,,,,2.0,2.0,,,,,,3.0,26,2,,,36,,,3.0,1.0,16,,,4.0,1.0,,,,,,,,,2.0,5.0,,1.0,,2,,1.0,3,2.0,,,,,,,,,,1.0,,,,2018
Rowley,82,26,,,,,1.0,1.0,,,3.0,1.0,,7.0,11,3,,,48,,,6.0,4.0,5,1.0,,3.0,1.0,1.0,,,3.0,,,1.0,,3.0,3.0,,,,14,2.0,1.0,8,2.0,,,,,,3.0,1.0,,,2.0,,,,2018
Salem,"2,353",725,,,,8.0,5.0,5.0,,,12.0,,1.0,58.0,452,189,,,"1,481",,,99.0,15.0,362,,,109.0,56.0,3.0,,10.0,47.0,1.0,22.0,1.0,,166.0,75.0,,107.0,12.0,344,40.0,12.0,147,115.0,8.0,,,,,1.0,,,,20.0,3.0,,,2018
Salem State College,,,,,,,,,,,,,,,,,,,,,,,,,,,,,,,,,,,,,,,,,,,,,,,,,,,,,,,,,,,,2018
Salem State University,93,14,,,,,3.0,3.0,,,3.0,,,1.0,7,,,,76,,,6.0,3.0,31,,,3.0,,,,,,,,,,,,,1.0,,32,,,3,2.0,,,,,,,,,,1.0,,,,2018
Salisbury,373,125,,,,1.0,4.0,3.0,1.0,,,2.0,4.0,16.0,80,18,,,212,1.0,,16.0,13.0,50,2.0,,22.0,4.0,14.0,,,,,,,,,13.0,,16.0,,34,21.0,6.0,36,29.0,,,,,,1.0,1.0,,,5.0,,,,2018
Saugus,922,177,,,,2.0,4.0,4.0,,,1.0,,1.0,57.0,89,23,,,713,,1.0,35.0,12.0,141,5.0,1.0,53.0,23.0,49.0,,,4.0,,10.0,4.0,1.0,76.0,17.0,,56.0,5.0,178,34.0,8.0,32,22.0,,,1.0,,,,,1.0,,8.0,,,,2018
Swampscott,309,44,,,,,3.0,3.0,,,1.0,,,5.0,35,,,,258,,,25.0,4.0,39,1.0,,28.0,9.0,,,,,,1.0,1.0,,18.0,2.0,,42.0,1.0,80,7.0,,7,7.0,,,,,,,,,,,,,,2018
Topsfield,69,8,,,,,,,,,,,,6.0,2,,,,51,,2.0,2.0,5.0,15,,,12.0,,,,,,,,,,,3.0,,5.0,,6,,1.0,10,9.0,,,,,,,,,,1.0,,,,2018
Wenham,30,7,,,,,,,,,,,,3.0,3,1,,,23,,,2.0,1.0,1,,,2.0,3.0,1.0,,1.0,,,,,,,4.0,,1.0,,7,,,,,,,,,,,,,,,,,,2018
West Newbury,70,17,,,,,,,,,,,,2.0,11,4,,,44,,,3.0,1.0,12,,,4.0,2.0,8.0,,,1.0,,,,,,1.0,,,,10,2.0,,9,7.0,,,,,,1.0,,,,1.0,,,,2018
Ashfield,,,,,,,,,,,,,,,,,,,,,,,,,,,,,,,,,,,,,,,,,,,,,,,,,,,,,,,,,,,,2018
Bernardston,76,17,,,,,,,,,,,,4.0,3,9,1.0,,51,,,7.0,2.0,9,,,2.0,1.0,11.0,,,,,,,,,7.0,,2.0,,7,3.0,,8,5.0,,,,,,,,,,3.0,,,,2018
Buckland,,,,,,,,,,,,,,,,,,,,,,,,,,,,,,,,,,,,,,,,,,,,,,,,,,,,,,,,,,,,2018
Charlemont,,,,,,,,,,,,,,,,,,,,,,,,,,,,,,,,,,,,,,,,,,,,,,,,,,,,,,,,,,,,2018
Colrain,,,,,,,,,,,,,,,,,,,,,,,,,,,,,,,,,,,,,,,,,,,,,,,,,,,,,,,,,,,,2018
Conway,,,,,,,,,,,,,,,,,,,,,,,,,,,,,,,,,,,,,,,,,,,,,,,,,,,,,,,,,,,,2018
Deerfield,151,41,,,,1.0,1.0,1.0,,,,,,5.0,29,5,,,94,,,12.0,3.0,15,,,5.0,1.0,7.0,,,,,1.0,,,5.0,6.0,,4.0,,29,6.0,,16,11.0,,,,,,1.0,,,,4.0,,,,2018
Erving,116,26,,,,,1.0,1.0,,,,,,5.0,13,7,,,56,,,8.0,,17,,,1.0,2.0,8.0,,,,,,,,,6.0,,4.0,,7,2.0,1.0,34,29.0,,,,,,2.0,,,,3.0,,,,2018
Franklin State Police,,,,,,,,,,,,,,,,,,,,,,,,,,,,,,,,,,,,,,,,,,,,,,,,,,,,,,,,,,,,2018
Franklin State Police Holden,,,,,,,,,,,,,,,,,,,,,,,,,,,,,,,,,,,,,,,,,,,,,,,,,,,,,,,,,,,,2018
Franklin State Police Northampton,,,,,,,,,,,,,,,,,,,,,,,,,,,,,,,,,,,,,,,,,,,,,,,,,,,,,,,,,,,,2018
Gill,43,14,,,,,2.0,2.0,,,,,,2.0,7,3,,,26,,,3.0,,7,1.0,,1.0,,1.0,,,,,,,,1.0,2.0,,,,9,1.0,,3,3.0,,,,,,,,,,,,,,2018
Greenfield,912,277,,,,5.0,21.0,14.0,7.0,,3.0,1.0,7.0,73.0,143,23,1.0,,566,1.0,,55.0,16.0,99,1.0,1.0,35.0,8.0,10.0,,,,,10.0,6.0,5.0,36.0,44.0,,45.0,,175,14.0,5.0,69,58.0,,,,,,1.0,1.0,,,9.0,,,,2018
Greenfield CC,,,,,,,,,,,,,,,,,,,,,,,,,,,,,,,,,,,,,,,,,,,,,,,,,,,,,,,,,,,,2018
Hawley,,,,,,,,,,,,,,,,,,,,,,,,,,,,,,,,,,,,,,,,,,,,,,,,,,,,,,,,,,,,2018
Heath,,,,,,,,,,,,,,,,,,,,,,,,,,,,,,,,,,,,,,,,,,,,,,,,,,,,,,,,,,,,2018
Leverett,24,4,,,,,,,,,,,,,4,,,,17,,,2.0,,1,1.0,,1.0,,,,,,,,2.0,,1.0,,,2.0,,7,,,3,1.0,,,,,,,,,,2.0,,,,2018
Leyden,,,,,,,,,,,,,,,,,,,,,,,,,,,,,,,,,,,,,,,,,,,,,,,,,,,,,,,,,,,,2018
MBTA - Franklin County,,,,,,,,,,,,,,,,,,,,,,,,,,,,,,,,,,,,,,,,,,,,,,,,,,,,,,,,,,,,2018
Monroe,,,,,,,,,,,,,,,,,,,,,,,,,,,,,,,,,,,,,,,,,,,,,,,,,,,,,,,,,,,,2018
Montague,297,112,,,,,5.0,5.0,,,,,,52.0,48,7,,,172,1.0,,23.0,,55,,,10.0,,2.0,,,,,2.0,2.0,,12.0,14.0,,2.0,,44,2.0,3.0,13,9.0,,,,,,1.0,,,,3.0,,,,2018
New Salem,,,,,,,,,,,,,,,,,,,,,,,,,,,,,,,,,,,,,,,,,,,,,,,,,,,,,,,,,,,,2018
Northfield,46,16,,,,,2.0,2.0,,,,,3.0,2.0,8,1,,,25,,,5.0,,6,,,,,2.0,,,,,,,,,2.0,,3.0,,7,,,5,4.0,,,,,,,,,,1.0,,,,2018
Orange,6,5,,,,1.0,,,,,,1.0,,,3,,,,1,,,,,,,,,,,,,,,,,,,1.0,,,,,,,,,,,,,,,,,,,,,,2018
Rowe,,,,,,,,,,,,,,,,,,,,,,,,,,,,,,,,,,,,,,,,,,,,,,,,,,,,,,,,,,,,2018
Shelburne,42,9,,,,,,,,,,,,,9,,,,33,,,5.0,,5,,,4.0,2.0,3.0,,,,,,,,1.0,2.0,,1.0,,8,1.0,1.0,,,,,,,,,,,,,,,,2018
Shutesbury,,,,,,,,,,,,,,,,,,,,,,,,,,,,,,,,,,,,,,,,,,,,,,,,,,,,,,,,,,,,2018
Sunderland,53,7,,,,,,,,,,,,3.0,3,1,,,42,,,5.0,,7,,,1.0,1.0,1.0,,,,,1.0,,,2.0,3.0,,8.0,,12,1.0,,4,2.0,,,,,,1.0,,,,1.0,,,,2018
Warwick,,,,,,,,,,,,,,,,,,,,,,,,,,,,,,,,,,,,,,,,,,,,,,,,,,,,,,,,,,,,2018
Wendell,,,,,,,,,,,,,,,,,,,,,,,,,,,,,,,,,,,,,,,,,,,,,,,,,,,,,,,,,,,,2018
Whately,24,7,,,,,,,,,,,,2.0,5,,,,17,,,2.0,,4,,,2.0,,2.0,,,,,,,,,2.0,,1.0,,3,1.0,,,,,,,,,,,,,,,,,2018
Agawam,"1,197",385,,,,5.0,14.0,13.0,1.0,,3.0,,5.0,79.0,226,53,,,767,,,145.0,14.0,148,1.0,3.0,59.0,13.0,55.0,,,1.0,,12.0,2.0,2.0,18.0,30.0,,9.0,2.0,223,19.0,11.0,45,32.0,,,,,,7.0,,,,6.0,,,,2018
Blandford,,,,,,,,,,,,,,,,,,,,,,,,,,,,,,,,,,,,,,,,,,,,,,,,,,,,,,,,,,,,2018
Brimfield,,,,,,,,,,,,,,,,,,,,,,,,,,,,,,,,,,,,,,,,,,,,,,,,,,,,,,,,,,,,2018
Chester,,,,,,,,,,,,,,,,,,,,,,,,,,,,,,,,,,,,,,,,,,,,,,,,,,,,,,,,,,,,2018
Chicopee,"3,348","1,253",,,,16.0,39.0,31.0,8.0,,24.0,1.0,12.0,153.0,722,286,,,"1,959",1.0,,299.0,29.0,431,7.0,3.0,160.0,12.0,96.0,,,,,52.0,10.0,12.0,143.0,85.0,,186.0,64.0,255,91.0,23.0,136,79.0,,,,,,14.0,,,,42.0,1.0,,,2018
East Longmeadow,601,153,,,,12.0,4.0,4.0,,,1.0,,5.0,19.0,85,27,,,418,,,40.0,7.0,63,5.0,,31.0,7.0,7.0,,,,,6.0,3.0,2.0,61.0,13.0,,48.0,1.0,113,10.0,1.0,30,17.0,,,,,,4.0,,,,9.0,,,,2018
Granville,,,,,,,,,,,,,,,,,,,,,,,,,,,,,,,,,,,,,,,,,,,,,,,,,,,,,,,,,,,,2018
Hampden,68,17,,,,,1.0,1.0,,,,,,4.0,10,2,,,49,,,2.0,1.0,12,,,3.0,1.0,3.0,,,,,,,,,4.0,,8.0,,11,3.0,1.0,2,1.0,,,,,,,,,,1.0,,,,2018
Hampden State Police,,,,,,,,,,,,,,,,,,,,,,,,,,,,,,,,,,,,,,,,,,,,,,,,,,,,,,,,,,,,2018
Hampden State Police Northampton,,,,,,,,,,,,,,,,,,,,,,,,,,,,,,,,,,,,,,,,,,,,,,,,,,,,,,,,,,,,2018
Hampden State Police Weston,,,,,,,,,,,,,,,,,,,,,,,,,,,,,,,,,,,,,,,,,,,,,,,,,,,,,,,,,,,,2018
Holland,34,12,1.0,,,,,,,,1.0,,2.0,1.0,4,3,,,19,,,4.0,1.0,1,,,3.0,,,,,,,,,,,6.0,,1.0,,2,,1.0,3,1.0,,,,,,1.0,,,,1.0,,,,2018
Holyoke,"4,702","1,409",1.0,,,7.0,41.0,41.0,,,,,1.0,293.0,688,378,,,"2,611",9.0,,252.0,43.0,610,4.0,4.0,33.0,41.0,,,,1.0,,62.0,,1.0,396.0,21.0,,152.0,2.0,789,122.0,69.0,682,580.0,,,,,,7.0,,,,94.0,1.0,,,2018
Holyoke Community College,23,6,,,,,,,,,,,,1.0,1,4,,,13,,,1.0,,3,,,1.0,,,,,,,,,,,2.0,,,,4,1.0,1.0,4,3.0,,,,,,,,,,1.0,,,,2018
Longmeadow,329,37,,,,,6.0,1.0,5.0,,1.0,,,9.0,14,7,,,284,,,33.0,1.0,38,,,23.0,2.0,19.0,,,,,,1.0,1.0,12.0,33.0,,41.0,,70,7.0,3.0,8,7.0,,,,,,,,,,1.0,,,,2018
Ludlow,674,160,1.0,1.0,,2.0,2.0,2.0,,,1.0,,2.0,41.0,83,27,,,465,1.0,,47.0,11.0,114,,,44.0,9.0,24.0,,,,,2.0,,1.0,48.0,19.0,,20.0,1.0,101,16.0,7.0,49,39.0,,,,,,1.0,,,,9.0,,,,2018
MBTA - Hampden County,,,,,,,,,,,,,,,,,,,,,,,,,,,,,,,,,,,,,,,,,,,,,,,,,,,,,,,,,,,,2018
Monson,255,77,,,,,4.0,4.0,,,2.0,,3.0,17.0,36,15,,,128,2.0,,28.0,6.0,39,,,14.0,3.0,6.0,,,,,1.0,1.0,,1.0,7.0,,1.0,,11,4.0,4.0,50,37.0,,,,,,1.0,3.0,,,9.0,,,,2018
Montgomery,,,,,,,,,,,,,,,,,,,,,,,,,,,,,,,,,,,,,,,,,,,,,,,,,,,,,,,,,,,,2018
Palmer,483,200,1.0,1.0,,5.0,6.0,5.0,,1.0,2.0,,,46.0,115,23,,1.0,216,,,16.0,10.0,70,1.0,,21.0,1.0,3.0,,,,,4.0,,,10.0,7.0,,7.0,,50,13.0,3.0,67,49.0,,,,,,4.0,,,,12.0,2.0,,,2018
Russell,,,,,,,,,,,,,,,,,,,,,,,,,,,,,,,,,,,,,,,,,,,,,,,,,,,,,,,,,,,,2018
Southwick,220,60,,,,,2.0,2.0,,,,1.0,5.0,15.0,29,8,,,147,,,16.0,2.0,45,,,6.0,5.0,16.0,,,,,1.0,,,8.0,3.0,,,,41,3.0,1.0,13,8.0,,,,,,,,,,5.0,,,,2018
Springfield,"14,632","5,829",19.0,,,84.0,109.0,81.0,20.0,8.0,80.0,,4.0,956.0,"3,239","1,338",,,"7,787",20.0,2.0,908.0,124.0,"1,955",40.0,35.0,227.0,287.0,197.0,1.0,37.0,59.0,1.0,481.0,52.0,9.0,410.0,659.0,16.0,757.0,294.0,675,440.0,101.0,"1,016",506.0,,,1.0,,,27.0,17.0,6.0,7.0,451.0,1.0,,,2018
Springfield College,,,,,,,,,,,,,,,,,,,,,,,,,,,,,,,,,,,,,,,,,,,,,,,,,,,,,,,,,,,,2018
Springfield Technical Community College,33,6,,,,,,,,,,,,,2,4,,,27,,,,1.0,5,,,,,,,,,,,,,,3.0,,,,18,,,,,,,,,,,,,,,,,,2018
Tolland,,,,,,,,,,,,,,,,,,,,,,,,,,,,,,,,,,,,,,,,,,,,,,,,,,,,,,,,,,,,2018
Wales,18,4,1.0,,,,,,,,,,1.0,,1,1,,,11,,,,,,,,2.0,,1.0,,,,,,,,,5.0,,2.0,,,1.0,,3,2.0,,,,,,,,,,1.0,,,,2018
West Springfield,"2,161",411,,,,7.0,26.0,16.0,10.0,,8.0,,7.0,119.0,187,57,,,"1,603",3.0,,119.0,23.0,276,6.0,,93.0,10.0,60.0,,,2.0,,26.0,9.0,13.0,296.0,93.0,,97.0,1.0,384,66.0,26.0,147,125.0,,,,,,7.0,,,,15.0,,,,2018
Western New England Coll,,,,,,,,,,,,,,,,,,,,,,,,,,,,,,,,,,,,,,,,,,,,,,,,,,,,,,,,,,,,2018
Western New England University,,,,,,,,,,,,,,,,,,,,,,,,,,,,,,,,,,,,,,,,,,,,,,,,,,,,,,,,,,,,2018
Westfield,"1,199",328,,,,3.0,16.0,11.0,5.0,,13.0,2.0,3.0,87.0,179,25,,,824,2.0,,82.0,27.0,150,1.0,,57.0,20.0,42.0,,,,,8.0,,3.0,45.0,149.0,,44.0,,154,29.0,11.0,47,34.0,,,1.0,,,5.0,2.0,,,5.0,,,,2018
Westfield State College,86,25,,,,,,,,,1.0,,,,20,4,,,43,2.0,,4.0,,21,,,1.0,,1.0,,,,1.0,,,,,5.0,,,,7,,1.0,18,13.0,2.0,,,,,,,,,3.0,,,,2018
Wilbraham,382,99,,,,,5.0,5.0,,,1.0,,3.0,16.0,52,22,,,265,,,19.0,8.0,48,,,18.0,5.0,16.0,,1.0,2.0,1.0,1.0,1.0,,58.0,16.0,,13.0,1.0,48,4.0,5.0,18,16.0,,,,,,,,,,2.0,,,,2018
Amherst,563,230,,,,,27.0,25.0,2.0,,4.0,,3.0,93.0,88,15,,,300,3.0,,47.0,4.0,71,1.0,,23.0,2.0,7.0,,,,,2.0,,,35.0,13.0,,9.0,,69,12.0,2.0,33,24.0,,,,,,2.0,,,,7.0,,,,2018
Amherst College,,,,,,,,,,,,,,,,,,,,,,,,,,,,,,,,,,,,,,,,,,,,,,,,,,,,,,,,,,,,2018
Belchertown,235,67,,,,,4.0,3.0,1.0,,,,2.0,21.0,29,11,,,157,,,11.0,8.0,34,1.0,,13.0,7.0,10.0,,,1.0,,,,,9.0,15.0,,8.0,,36,4.0,,11,5.0,,,,,,2.0,,,,4.0,,,,2018
Chesterfield,7,1,,,,,,,,,,,,1.0,,,,,5,,,1.0,,2,,,1.0,,,,,,,,,,,,,,,1,,,1,1.0,,,,,,,,,,,,,,2018
Cummington,,,,,,,,,,,,,,,,,,,,,,,,,,,,,,,,,,,,,,,,,,,,,,,,,,,,,,,,,,,,2018
Easthampton,379,122,,,,1.0,5.0,5.0,,,3.0,1.0,7.0,27.0,67,11,,,240,,,26.0,11.0,62,1.0,,19.0,5.0,9.0,,,,,2.0,,,12.0,18.0,,9.0,,54,8.0,4.0,17,12.0,,,,,,3.0,,,,2.0,,,,2018
Goshen,3,,,,,,,,,,,,,,,,,,3,,,,,,,,,,,,,,,,,,,1.0,,,,2,,,,,,,,,,,,,,,,,,2018
Granby,107,24,,,,,3.0,3.0,,,,,,4.0,10,7,,,75,,,8.0,,17,1.0,,7.0,2.0,2.0,,,,,,,,7.0,6.0,,5.0,,15,4.0,1.0,8,4.0,,,,,,,,,,4.0,,,,2018
Hadley,327,94,,,,,4.0,2.0,2.0,,3.0,,,29.0,33,25,,,217,,,10.0,6.0,30,2.0,,25.0,9.0,15.0,,,,,1.0,,6.0,37.0,9.0,,8.0,2.0,51,2.0,4.0,16,8.0,,,,,,,1.0,,,7.0,,,,2018
Hampshire College,52,9,,,,,1.0,1.0,,,,,,,4,4,,,39,,,5.0,,11,,,2.0,1.0,,,,,,,,,1.0,5.0,,,,14,,,4,1.0,,,,,,,,,,3.0,,,,2018
Hampshire College,,,,,,,,,,,,,,,,,,,,,,,,,,,,,,,,,,,,,,,,,,,,,,,,,,,,,,,,,,,,2018
Hampshire State Police,,,,,,,,,,,,,,,,,,,,,,,,,,,,,,,,,,,,,,,,,,,,,,,,,,,,,,,,,,,,2018
Hampshire State Police Northampton,,,,,,,,,,,,,,,,,,,,,,,,,,,,,,,,,,,,,,,,,,,,,,,,,,,,,,,,,,,,2018
Hatfield,55,9,,,,,,,,,,,,2.0,4,3,,,45,,,9.0,,8,1.0,1.0,3.0,,3.0,,,,,2.0,,,,5.0,,1.0,,8,1.0,3.0,1,1.0,,,,,,,,,,,,,,2018
Huntington,,,,,,,,,,,,,,,,,,,,,,,,,,,,,,,,,,,,,,,,,,,,,,,,,,,,,,,,,,,,2018
MBTA - Hampshire County,,,,,,,,,,,,,,,,,,,,,,,,,,,,,,,,,,,,,,,,,,,,,,,,,,,,,,,,,,,,2018
Middlefield,,,,,,,,,,,,,,,,,,,,,,,,,,,,,,,,,,,,,,,,,,,,,,,,,,,,,,,,,,,,2018
Mt. Holyoke College,,,,,,,,,,,,,,,,,,,,,,,,,,,,,,,,,,,,,,,,,,,,,,,,,,,,,,,,,,,,2018
Mt. Holyoke College,43,5,,,,,,,,,1.0,,,,2,2,,,38,,,5.0,,5,,,4.0,2.0,1.0,,1.0,,,,,,,13.0,,,,7,,,,,,,,,,,,,,,,,,2018
Northampton,"1,321",376,1.0,,,2.0,24.0,17.0,7.0,,11.0,,9.0,81.0,218,30,,,861,1.0,,110.0,32.0,158,3.0,1.0,58.0,7.0,27.0,,,,,7.0,,2.0,157.0,128.0,2.0,45.0,13.0,78,17.0,15.0,84,68.0,,,,,,6.0,,,,10.0,,,,2018
Pelham,6,2,,,,,1.0,1.0,,,,,,,,1,,,4,,,1.0,,1,,,,,1.0,,,,,,,,,,,,,1,,,,,,,,,,,,,,,,,,2018
Plainfield,,,,,,,,,,,,,,,,,,,,,,,,,,,,,,,,,,,,,,,,,,,,,,,,,,,,,,,,,,,,2018
Smith College,40,5,,,,,1.0,,1.0,,,,,1.0,3,,,,35,,,3.0,,5,,,1.0,,,,,,,,,,,9.0,,2.0,,15,,,,,,,,,,,,,,,,,,2018
Smith College,,,,,,,,,,,,,,,,,,,,,,,,,,,,,,,,,,,,,,,,,,,,,,,,,,,,,,,,,,,,2018
South Hadley,604,151,,,,,1.0,1.0,,,1.0,5.0,3.0,20.0,71,50,,,423,,,50.0,4.0,65,,,30.0,7.0,35.0,,,,,3.0,1.0,,22.0,9.0,,49.0,,124,18.0,6.0,30,19.0,,,,,,5.0,1.0,,,5.0,,,,2018
Southampton,90,25,,,,,,,,,,,1.0,11.0,13,,,,62,,,4.0,1.0,17,,,5.0,3.0,,,,2.0,,,,,7.0,1.0,,8.0,,12,2.0,,3,2.0,,,,,,1.0,,,,,,,,2018
U-Mass Amherst,370,37,,,,,1.0,,1.0,,3.0,,,1.0,21,11,,,325,2.0,,10.0,8.0,107,,4.0,16.0,4.0,2.0,,,,,1.0,,1.0,1.0,26.0,,4.0,,136,1.0,2.0,8,4.0,,,,,,3.0,,,,1.0,,,,2018
Ware,470,142,1.0,1.0,,,2.0,1.0,1.0,,,,2.0,39.0,93,3,1.0,,255,1.0,,16.0,4.0,69,,,7.0,2.0,8.0,,,,,4.0,3.0,,61.0,15.0,,2.0,,52,8.0,3.0,73,64.0,1.0,,,,,2.0,1.0,,,5.0,,,,2018
Westhampton,,,,,,,,,,,,,,,,,,,,,,,,,,,,,,,,,,,,,,,,,,,,,,,,,,,,,,,,,,,,2018
Williamsburg,47,9,,,,,1.0,1.0,,,,,,2.0,6,,,,35,,,13.0,,1,,,,,3.0,,,,,,,,,3.0,,2.0,,11,2.0,,3,3.0,,,,,,,,,,,,,,2018
Worthington,,,,,,,,,,,,,,,,,,,,,,,,,,,,,,,,,,,,,,,,,,,,,,,,,,,,,,,,,,,,2018
Acton,494,107,1.0,,,,7.0,5.0,2.0,1.0,,,1.0,17.0,63,18,,,374,,,27.0,10.0,67,4.0,4.0,66.0,28.0,,,,35.0,,2.0,,,12.0,31.0,,24.0,5.0,55,4.0,,13,8.0,,,,,,2.0,2.0,,,1.0,,,,2018
Arlington,574,161,,,,,2.0,2.0,,,2.0,,,23.0,98,36,,,390,,,41.0,7.0,85,,,36.0,6.0,51.0,,,,,9.0,3.0,,28.0,26.0,,25.0,2.0,64,6.0,1.0,23,15.0,,,,,,2.0,1.0,,3.0,1.0,1.0,,,2018
Ashby,14,2,,,,,1.0,1.0,,,,,,1.0,,,,,10,,,2.0,,2,,,1.0,,,,,,,,,,,1.0,,,,2,2.0,,2,1.0,,,,,,,1.0,,,,,,,2018
Ashland,254,72,,,,,4.0,2.0,2.0,,,,3.0,18.0,23,24,,,174,,,8.0,7.0,17,,1.0,29.0,,22.0,,,,,,1.0,1.0,22.0,11.0,,8.0,,34,9.0,4.0,8,5.0,,,,,,,1.0,,,1.0,1.0,,,2018
Ayer,331,148,,,,,2.0,2.0,,,,,1.0,30.0,89,26,,,170,1.0,,10.0,6.0,49,1.0,1.0,12.0,4.0,12.0,,,2.0,1.0,4.0,1.0,1.0,4.0,2.0,,4.0,1.0,43,9.0,2.0,13,6.0,,,,,,2.0,,,,4.0,1.0,,,2018
Bedford,109,17,,,,,1.0,1.0,,,2.0,,,5.0,8,1,,,82,,,9.0,2.0,3,,,15.0,1.0,,,,,,1.0,,,6.0,11.0,1.0,18.0,1.0,11,1.0,2.0,10,9.0,,,,,,,,,,1.0,,,,2018
Belmont,337,47,,,,,1.0,1.0,,,,,1.0,4.0,33,8,,,289,,,52.0,8.0,26,,2.0,30.0,,44.0,,,,,,,,8.0,14.0,,,,95,10.0,,1,1.0,,,,,,,,,,,,,,2018
Bentley College,148,22,,,,,6.0,6.0,,,,,,2.0,11,3,,,61,1.0,,1.0,1.0,23,,,2.0,1.0,,,1.0,,,,,,1.0,14.0,,1.0,,15,,,65,31.0,33.0,,,,,,,,,1.0,,,,2018
Billerica,716,178,,,,1.0,4.0,4.0,,,1.0,,1.0,27.0,101,43,,,417,2.0,,40.0,10.0,100,1.0,2.0,21.0,29.0,,,29.0,38.0,6.0,7.0,,,19.0,26.0,,28.0,15.0,35,9.0,,121,64.0,43.0,,,,,5.0,,,,4.0,5.0,,,2018
Boston and Maine Railroad Police Dept,,,,,,,,,,,,,,,,,,,,,,,,,,,,,,,,,,,,,,,,,,,,,,,,,,,,,,,,,,,,2018
Boston College,11,2,,,,,1.0,1.0,,,,,,,,1,,,9,,,,,,,,,,,,,1.0,1.0,,,,,2.0,,,,5,,,,,,,,,,,,,,,,,,2018
Boston College(Old ORI pre-2011),,,,,,,,,,,,,,,,,,,,,,,,,,,,,,,,,,,,,,,,,,,,,,,,,,,,,,,,,,,,2018
Boxborough,87,25,,,,1.0,2.0,2.0,,,,,2.0,3.0,14,3,,,52,1.0,,1.0,2.0,9,1.0,,12.0,1.0,1.0,,,,,,,,,3.0,,1.0,,13,1.0,6.0,10,7.0,,,,,,,,,,3.0,,,,2018
Brandeis University,,,,,,,,,,,,,,,,,,,,,,,,,,,,,,,,,,,,,,,,,,,,,,,,,,,,,,,,,,,,2018
Brandeis University,,,,,,,,,,,,,,,,,,,,,,,,,,,,,,,,,,,,,,,,,,,,,,,,,,,,,,,,,,,,2018
Burlington,826,148,,,,1.0,11.0,9.0,2.0,,6.0,,6.0,24.0,58,42,,,647,,,21.0,15.0,87,1.0,,81.0,19.0,36.0,,,,,5.0,5.0,5.0,133.0,22.0,,19.0,3.0,169,11.0,15.0,31,14.0,,,2.0,,,4.0,8.0,,,3.0,,,,2018
Cambridge,"4,569","1,166",,,,3.0,27.0,27.0,,,1.0,,2.0,229.0,584,319,,1.0,"3,271",7.0,,255.0,58.0,389,1.0,19.0,299.0,42.0,151.0,,,,,102.0,103.0,1.0,228.0,175.0,,241.0,12.0,"1,026",113.0,49.0,132,79.0,,,,,,9.0,1.0,1.0,,42.0,,,,2018
Carlisle,54,9,,,,,1.0,1.0,,,2.0,,,,6,,,,43,,,4.0,,5,,,3.0,3.0,9.0,,,,,,,,,4.0,,7.0,,8,,,2,,,,,,,1.0,,,,1.0,,,,2018
Chelmsford,747,100,,,,,4.0,4.0,,,5.0,,3.0,25.0,35,28,,,618,,,33.0,10.0,94,1.0,2.0,2.0,59.0,17.0,,42.0,,,2.0,,1.0,189.0,9.0,,42.0,5.0,90,16.0,4.0,29,23.0,,,,,,3.0,,,,3.0,,,,2018
Concord,268,65,,,,,4.0,4.0,,,1.0,,,5.0,29,26,,,200,,,8.0,6.0,27,1.0,,21.0,8.0,20.0,,,1.0,,1.0,,2.0,13.0,24.0,,6.0,,58,3.0,1.0,3,2.0,,,,,,,,,,1.0,,,,2018
Dracut,675,189,,,,1.0,4.0,4.0,,,2.0,,,34.0,119,28,1.0,,466,1.0,,47.0,8.0,83,1.0,,37.0,23.0,18.0,,,10.0,,4.0,,3.0,38.0,28.0,,48.0,14.0,82,21.0,,20,14.0,,,,,,1.0,,,,5.0,,,,2018
Dunstable,58,10,,,,,1.0,1.0,,,,,,3.0,6,,,,35,,,6.0,4.0,7,,,3.0,,1.0,,,,,,,,,6.0,,,,5,1.0,2.0,13,10.0,,,,,,,,,,3.0,,,,2018
Everett,"1,553",329,1.0,,,3.0,17.0,17.0,,,8.0,1.0,,125.0,87,87,,,"1,123",1.0,,114.0,8.0,243,2.0,2.0,25.0,85.0,3.0,,8.0,22.0,,38.0,2.0,5.0,104.0,29.0,2.0,109.0,1.0,234,75.0,11.0,101,57.0,22.0,,,1.0,,1.0,,,,20.0,,,,2018
Framingham,"2,120",604,,,,1.0,23.0,20.0,,3.0,2.0,,1.0,222.0,346,9,,,"1,418",5.0,,130.0,50.0,335,,,,37.0,65.0,,,,,18.0,20.0,5.0,112.0,42.0,7.0,188.0,,324,63.0,17.0,98,79.0,,,,,,2.0,,,,17.0,,,,2018
Framingham SC,,,,,,,,,,,,,,,,,,,,,,,,,,,,,,,,,,,,,,,,,,,,,,,,,,,,,,,,,,,,2018
Framingham State University,,,,,,,,,,,,,,,,,,,,,,,,,,,,,,,,,,,,,,,,,,,,,,,,,,,,,,,,,,,,2018
Groton,111,22,,,,,3.0,3.0,,,1.0,,1.0,7.0,8,2,,,83,,,5.0,3.0,19,1.0,,4.0,6.0,12.0,,,,,1.0,,,3.0,5.0,,6.0,,17,1.0,,6,4.0,1.0,,,,,1.0,,,,,,,,2018
Harvard University,,,,,,,,,,,,,,,,,,,,,,,,,,,,,,,,,,,,,,,,,,,,,,,,,,,,,,,,,,,,2018
Holliston,108,33,,,,,,,,,1.0,,2.0,12.0,15,3,,,64,,,5.0,1.0,10,,,6.0,1.0,3.0,,,,,,,,6.0,4.0,,4.0,1.0,23,,,11,7.0,,,,,,1.0,,,,3.0,,,,2018
Hopkinton,103,35,,,,,,,,,,,,1.0,34,,,,61,,,,1.0,12,,,8.0,2.0,,,,1.0,,1.0,,,,4.0,,4.0,1.0,21,6.0,,7,4.0,,,,,,,,,,3.0,,,,2018
Hudson,263,98,,,,2.0,13.0,7.0,6.0,,2.0,,2.0,32.0,33,14,,,154,,,6.0,10.0,14,2.0,,16.0,6.0,7.0,,,,,3.0,1.0,1.0,33.0,14.0,,6.0,,33,,2.0,11,10.0,,,,,,1.0,,,,,,,,2018
Lasell College,,,,,,,,,,,,,,,,,,,,,,,,,,,,,,,,,,,,,,,,,,,,,,,,,,,,,,,,,,,,2018
Lexington,251,41,,,,,1.0,1.0,,,,,,7.0,21,12,,,209,1.0,,26.0,5.0,33,,,23.0,8.0,1.0,,,9.0,,,,,3.0,,,26.0,1.0,66,1.0,6.0,1,1.0,,,,,,,,,,,,,,2018
Lincoln,75,24,,,,,2.0,,2.0,,,,,3.0,15,4,,,49,,,1.0,,15,,,5.0,4.0,,,,,,,,,4.0,4.0,,4.0,1.0,11,,,2,1.0,,,,,,,,,,1.0,,,,2018
Littleton,188,46,,,,,1.0,1.0,,,,,,8.0,30,7,,,124,,,6.0,7.0,22,1.0,1.0,13.0,3.0,11.0,,1.0,,,,1.0,,6.0,9.0,,6.0,1.0,30,2.0,4.0,18,13.0,,,,,,1.0,,,,4.0,,,,2018
Lowell,"5,467","2,028",4.0,,,12.0,26.0,25.0,1.0,,25.0,1.0,2.0,234.0,"1,509",215,,,"3,056",15.0,,350.0,48.0,752,15.0,3.0,113.0,127.0,65.0,1.0,32.0,1.0,,106.0,3.0,5.0,230.0,57.0,1.0,281.0,129.0,473,226.0,23.0,383,247.0,,1.0,1.0,,,7.0,10.0,1.0,6.0,109.0,1.0,,,2018
Malden,"1,616",573,,1.0,,9.0,8.0,8.0,,,11.0,,2.0,140.0,355,47,,,976,,,67.0,20.0,231,1.0,,59.0,21.0,,,,,,35.0,16.0,,75.0,28.0,,93.0,3.0,253,74.0,,67,40.0,,,,,,4.0,4.0,,,19.0,,,,2018
Marlborough,"1,494",517,,,,5.0,36.0,21.0,15.0,,18.0,,11.0,117.0,261,69,,,921,2.0,,57.0,29.0,173,1.0,3.0,119.0,16.0,65.0,,,,,17.0,3.0,1.0,52.0,43.0,,55.0,2.0,245,27.0,11.0,56,30.0,1.0,,,,,3.0,1.0,1.0,,19.0,1.0,,,2018
Maynard,187,62,,,,1.0,4.0,4.0,,,1.0,,1.0,18.0,27,10,,,116,,,7.0,7.0,31,1.0,,11.0,3.0,7.0,,,,,,,,2.0,15.0,,4.0,,23,4.0,1.0,9,3.0,,,,,,4.0,,,,2.0,,,,2018
MBTA - Middlesex County,,,,,,,,,,,,,,,,,,,,,,,,,,,,,,,,,,,,,,,,,,,,,,,,,,,,,,,,,,,,2018
Medford,"1,254",332,,,,3.0,6.0,6.0,,,,,1.0,59.0,202,61,,,854,2.0,,86.0,23.0,150,2.0,,72.0,3.0,,,,,,9.0,7.0,,47.0,16.0,,81.0,7.0,298,51.0,,68,62.0,,,,,,,2.0,,,4.0,,,,2018
Melrose,393,103,,,,2.0,1.0,1.0,,,7.0,,,13.0,68,12,,,280,,,22.0,8.0,83,,,20.0,1.0,8.0,,1.0,,,1.0,,2.0,3.0,15.0,,22.0,1.0,76,10.0,7.0,10,9.0,,,,,,,,,,1.0,,,,2018
Middlesex State Police,,,,,,,,,,,,,,,,,,,,,,,,,,,,,,,,,,,,,,,,,,,,,,,,,,,,,,,,,,,,2018
Middlesex State Police Framingham,,,,,,,,,,,,,,,,,,,,,,,,,,,,,,,,,,,,,,,,,,,,,,,,,,,,,,,,,,,,2018
Middlesex State Police Holden,,,,,,,,,,,,,,,,,,,,,,,,,,,,,,,,,,,,,,,,,,,,,,,,,,,,,,,,,,,,2018
Middlesex State Police Weston,,,,,,,,,,,,,,,,,,,,,,,,,,,,,,,,,,,,,,,,,,,,,,,,,,,,,,,,,,,,2018
MIT,388,21,,,,,2.0,2.0,,,,,,2.0,10,7,,,366,,,23.0,,26,,1.0,16.0,1.0,,,,,,,,,2.0,37.0,,1.0,,256,3.0,,1,1.0,,,,,,,,,,,,,,2018
Mount IDA College,,,,,,,,,,,,,,,,,,,,,,,,,,,,,,,,,,,,,,,,,,,,,,,,,,,,,,,,,,,,2018
Natick,946,202,,,,1.0,19.0,7.0,12.0,,6.0,,3.0,36.0,106,31,,,719,,,28.0,13.0,118,8.0,,53.0,20.0,25.0,,,,,1.0,4.0,7.0,88.0,83.0,,47.0,4.0,198,10.0,12.0,25,12.0,,,,,,8.0,,,,5.0,,,,2018
Newton,"1,268",233,,,,,3.0,3.0,,,11.0,,1.0,50.0,121,47,,,997,2.0,,74.0,28.0,105,9.0,2.0,84.0,44.0,6.0,,21.0,34.0,5.0,5.0,3.0,,105.0,104.0,1.0,167.0,12.0,156,17.0,13.0,38,22.0,,,,,,1.0,2.0,3.0,,10.0,,,,2018
North Reading,143,45,,,,,,,,,,,,15.0,20,10,,,86,,,6.0,2.0,14,,,9.0,4.0,4.0,,,,,1.0,,,3.0,7.0,,15.0,,12,3.0,6.0,12,8.0,1.0,,,,,1.0,,,,2.0,,,,2018
Pepperell,170,48,,,,,3.0,2.0,1.0,,,,,9.0,20,16,,,111,1.0,,3.0,6.0,23,1.0,,21.0,3.0,13.0,,,,,1.0,,,3.0,6.0,,3.0,,21,4.0,2.0,11,8.0,,,,,,1.0,,,,2.0,,,,2018
Reading,328,40,,,,,,,,,,,,3.0,23,14,,,246,1.0,,24.0,6.0,47,,1.0,,32.0,,,,,,2.0,37.0,2.0,10.0,53.0,3.0,17.0,,,11.0,,42,25.0,16.0,,,,,,,,,1.0,,,,2018
Regis College,,,,,,,,,,,,,,,,,,,,,,,,,,,,,,,,,,,,,,,,,,,,,,,,,,,,,,,,,,,,2018
Regis College,,,,,,,,,,,,,,,,,,,,,,,,,,,,,,,,,,,,,,,,,,,,,,,,,,,,,,,,,,,,2018
Regis College,,,,,,,,,,,,,,,,,,,,,,,,,,,,,,,,,,,,,,,,,,,,,,,,,,,,,,,,,,,,2018
Sherborn,79,16,,,,,1.0,1.0,,,,,,6.0,2,7,,,59,,,3.0,,5,,,5.0,1.0,24.0,,,,,1.0,1.0,,,2.0,,3.0,,13,1.0,,4,4.0,,,,,,,,,,,,,,2018
Shirley,83,20,,,,2.0,,,,,,,1.0,9.0,5,3,,,54,,,7.0,1.0,8,,1.0,3.0,2.0,4.0,,2.0,,,1.0,,,,3.0,,,,15,7.0,,9,5.0,,,,,,2.0,,,,2.0,,,,2018
Somerville,"2,088",426,,,,5.0,21.0,21.0,,,30.0,,2.0,116.0,222,30,,,"1,539",1.0,,160.0,38.0,207,1.0,1.0,125.0,48.0,1.0,,,,,43.0,41.0,,119.0,85.0,,147.0,2.0,408,112.0,,123,77.0,,,,,,1.0,1.0,1.0,,43.0,,,,2018
Stoneham,562,119,,,,1.0,3.0,3.0,,,5.0,,1.0,28.0,65,16,,,420,1.0,,68.0,6.0,51,,,53.0,2.0,32.0,,,,,2.0,,,77.0,8.0,,,,93,9.0,18.0,23,17.0,,,,,,1.0,,,,5.0,,,,2018
Stow,110,20,,,,,1.0,1.0,,,1.0,1.0,2.0,4.0,10,1,,,85,,,12.0,2.0,20,1.0,,7.0,7.0,6.0,,,1.0,,,,1.0,,7.0,,,,13,5.0,3.0,5,2.0,,,,,,,,,,3.0,,,,2018
Sudbury,259,70,,,,,8.0,7.0,1.0,,3.0,,1.0,14.0,23,21,,,178,1.0,,3.0,6.0,29,,4.0,16.0,5.0,42.0,,,,,,1.0,1.0,4.0,18.0,,8.0,,34,3.0,3.0,11,5.0,,,,,,5.0,,,,1.0,,,,2018
Tewksbury,"1,085",308,,,,2.0,22.0,17.0,4.0,1.0,2.0,,7.0,53.0,178,44,,,667,1.0,,33.0,11.0,120,3.0,,87.0,13.0,37.0,,,,,7.0,1.0,6.0,92.0,47.0,,37.0,,128,21.0,23.0,110,99.0,,,,,,1.0,,,,10.0,,,,2018
Townsend,154,36,,,,,,,,,1.0,,2.0,9.0,14,10,,,98,,,14.0,2.0,19,,,7.0,4.0,5.0,,,1.0,,,,,1.0,5.0,,1.0,,31,6.0,2.0,20,13.0,,,,,,4.0,,,,3.0,,,,2018
Tufts University Medford,66,7,,,,,1.0,1.0,,,1.0,,,,2,3,,,59,,,5.0,,11,,,5.0,1.0,,,,,,1.0,,,,21.0,,2.0,,13,,,,,,,,,,,,,,,,,,2018
Tufts University prior 01/01/2015,,,,,,,,,,,,,,,,,,,,,,,,,,,,,,,,,,,,,,,,,,,,,,,,,,,,,,,,,,,,2018
Tufts University since 01/01/2015,,,,,,,,,,,,,,,,,,,,,,,,,,,,,,,,,,,,,,,,,,,,,,,,,,,,,,,,,,,,2018
Tyngsborough,272,81,,,,,4.0,4.0,,,,,,16.0,36,25,,,138,,,7.0,1.0,58,,,8.0,3.0,7.0,,,,,,,,,3.0,,11.0,,24,13.0,3.0,53,45.0,,,,,,1.0,1.0,,,6.0,,,,2018
U-Mass Lowell,,,,,,,,,,,,,,,,,,,,,,,,,,,,,,,,,,,,,,,,,,,,,,,,,,,,,,,,,,,,2018
Wakefield,649,143,,,,1.0,13.0,10.0,2.0,1.0,3.0,,4.0,25.0,77,20,,,441,1.0,,15.0,13.0,74,2.0,,43.0,8.0,67.0,,,1.0,,5.0,1.0,2.0,11.0,16.0,,61.0,,106,8.0,7.0,65,58.0,,,,,,2.0,,,,5.0,,,,2018
Waltham,"1,416",461,,,,,13.0,13.0,,,,,1.0,93.0,305,49,,,897,,,92.0,24.0,171,,1.0,97.0,3.0,,,,,,11.0,12.0,,79.0,18.0,,63.0,1.0,284,41.0,,58,41.0,,,,,,1.0,,,,16.0,,,,2018
Watertown,710,180,,,,2.0,10.0,7.0,3.0,,5.0,,,17.0,113,33,,,502,,,38.0,13.0,63,,5.0,52.0,20.0,37.0,,16.0,1.0,,3.0,3.0,,72.0,63.0,,40.0,9.0,50,15.0,2.0,28,22.0,,,,,,,,,,6.0,,,,2018
Wayland,4,1,,,,,,,,,,,,1.0,,,,,3,,,,,1,,,,,,,,,,,,,,,,1.0,,,,1.0,,,,,,,,,,,,,,,,2018
Westford,223,46,,,,,3.0,3.0,,,,,1.0,9.0,24,9,,,143,1.0,,10.0,7.0,33,1.0,,12.0,3.0,11.0,,,,,,,1.0,1.0,11.0,,3.0,,39,,10.0,34,25.0,,,,,,3.0,1.0,,,5.0,,,,2018
Weston,111,19,,,,,3.0,3.0,,,,,5.0,2.0,7,2,,,83,,,4.0,8.0,11,,,6.0,2.0,3.0,,,,,,1.0,1.0,,11.0,,12.0,,20,2.0,2.0,9,7.0,,,,,,1.0,,,,1.0,,,,2018
Wilmington,386,94,,,,,,,,,,,3.0,18.0,57,16,,,270,1.0,,16.0,13.0,49,3.0,2.0,33.0,9.0,19.0,,,,,3.0,,,15.0,16.0,,7.0,,68,10.0,6.0,22,17.0,1.0,,,,,,,,,4.0,,,,2018
Winchester,179,17,1.0,,,,1.0,1.0,,,,,,5.0,5,5,,,157,,,21.0,,40,,,,,,,,,,,1.0,,1.0,8.0,,31.0,,51,4.0,,5,4.0,1.0,,,,,,,,,,,,,2018
Woburn,"1,026",175,,,,,6.0,2.0,4.0,,2.0,,3.0,33.0,118,12,1.0,,762,1.0,,36.0,16.0,155,1.0,1.0,75.0,27.0,54.0,,2.0,,,8.0,4.0,3.0,77.0,36.0,,73.0,6.0,133,32.0,22.0,89,63.0,,,,,,,8.0,6.0,,12.0,,,,2018
MBTA - Nantucket County,,,,,,,,,,,,,,,,,,,,,,,,,,,,,,,,,,,,,,,,,,,,,,,,,,,,,,,,,,,,2018
Nantucket,574,112,,,,,9.0,9.0,,,6.0,1.0,4.0,27.0,62,3,,,432,,,21.0,4.0,171,,,11.0,10.0,1.0,,4.0,,,1.0,,,11.0,32.0,,32.0,,122,11.0,1.0,30,25.0,3.0,,,,,1.0,,,,1.0,,,,2018
Nantucket State Police,,,,,,,,,,,,,,,,,,,,,,,,,,,,,,,,,,,,,,,,,,,,,,,,,,,,,,,,,,,,2018
Avon,,,,,,,,,,,,,,,,,,,,,,,,,,,,,,,,,,,,,,,,,,,,,,,,,,,,,,,,,,,,2018
Babson College,,,,,,,,,,,,,,,,,,,,,,,,,,,,,,,,,,,,,,,,,,,,,,,,,,,,,,,,,,,,2018
Bellingham,561,112,,,,2.0,4.0,2.0,2.0,,6.0,,1.0,13.0,62,24,,,411,1.0,,18.0,13.0,62,7.0,,29.0,8.0,16.0,,,,,2.0,,1.0,79.0,21.0,,14.0,1.0,124,8.0,7.0,38,30.0,,,,,,4.0,,,,4.0,,,,2018
Braintree,994,223,,,,3.0,,,,,,,1.0,44.0,154,21,,,691,2.0,,50.0,11.0,27,,,2.0,53.0,1.0,1.0,94.0,,,8.0,5.0,10.0,249.0,50.0,,52.0,11.0,35,29.0,1.0,80,65.0,1.0,,,,,1.0,,,,13.0,,,,2018
Brookline,"1,049",157,,,,1.0,5.0,5.0,,,8.0,,,43.0,97,2,1.0,,891,,,74.0,7.0,128,,4.0,44.0,22.0,3.0,,21.0,,,9.0,8.0,1.0,105.0,207.0,1.0,62.0,29.0,142,22.0,2.0,1,,,,,,,1.0,,,,,,,,2018
Canton,416,131,,,,,4.0,2.0,2.0,,1.0,,2.0,76.0,12,36,,,263,1.0,,9.0,5.0,55,2.0,1.0,24.0,20.0,19.0,,,2.0,,4.0,,1.0,13.0,19.0,,19.0,2.0,51,14.0,2.0,22,12.0,,,,,,1.0,1.0,,,8.0,,,,2018
Cohasset,164,37,,,,1.0,,,,,1.0,,,5.0,17,13,,,126,,,8.0,1.0,33,,,15.0,2.0,13.0,,1.0,1.0,,1.0,,1.0,3.0,7.0,,13.0,,27,,,1,1.0,,,,,,,,,,,,,,2018
Curry College,,,,,,,,,,,,,,,,,,,,,,,,,,,,,,,,,,,,,,,,,,,,,,,,,,,,,,,,,,,,2018
Dean College,45,8,,,,,,,,,,,,,7,1,,,37,,,13.0,,9,,,,,,,,,,1.0,,,,13.0,,,,1,,,,,,,,,,,,,,,,,,2018
Dedham,531,53,,,,,,,,,,,,5.0,48,,,,473,,,12.0,3.0,73,6.0,,11.0,38.0,,,1.0,,,2.0,3.0,1.0,115.0,10.0,,36.0,,129,33.0,,5,5.0,,,,,,,,,,,,,,2018
Dover,62,6,,,,,,,,,,,2.0,,2,2,,,55,,,1.0,1.0,10,1.0,,7.0,10.0,12.0,,1.0,1.0,,,,,,2.0,,2.0,,6,1.0,,1,1.0,,,,,,,,,,,,,,2018
Foxborough,588,232,,,,2.0,5.0,4.0,1.0,,,1.0,1.0,37.0,153,33,,,329,,,21.0,8.0,85,4.0,2.0,26.0,7.0,23.0,,,,2.0,2.0,,,20.0,23.0,,30.0,6.0,57,8.0,5.0,27,18.0,,,,,,4.0,,,,5.0,,,,2018
Franklin,229,110,,,,,2.0,2.0,,,8.0,,2.0,3.0,93,2,,,119,,,4.0,1.0,23,,,,8.0,,,,,,1.0,,,1.0,4.0,,18.0,1.0,54,4.0,,,,,,,,,,,,,,,,,2018
Holbrook,372,118,,,,2.0,2.0,1.0,1.0,,1.0,,1.0,18.0,84,10,,,225,,,17.0,9.0,54,,,22.0,5.0,11.0,,,,,3.0,,,10.0,11.0,,12.0,2.0,56,8.0,5.0,29,26.0,,,,,,3.0,,,,,,,,2018
Mass Bay Community College,,,,,,,,,,,,,,,,,,,,,,,,,,,,,,,,,,,,,,,,,,,,,,,,,,,,,,,,,,,,2018
MBTA - Norfolk County,,,,,,,,,,,,,,,,,,,,,,,,,,,,,,,,,,,,,,,,,,,,,,,,,,,,,,,,,,,,2018
Medfield,,,,,,,,,,,,,,,,,,,,,,,,,,,,,,,,,,,,,,,,,,,,,,,,,,,,,,,,,,,,2018
Medway,131,47,,,,,4.0,4.0,,,1.0,,2.0,16.0,23,1,,,81,,,7.0,1.0,2,,1.0,,,3.0,,,,,1.0,,,7.0,1.0,,11.0,,45,2.0,,3,,,,,,,2.0,,,,1.0,,,,2018
Millis,96,32,,,,,,,,,,1.0,,6.0,17,8,,,56,,,9.0,1.0,12,,,5.0,1.0,1.0,,,1.0,,1.0,,,4.0,2.0,,1.0,,17,1.0,,8,4.0,,,,,,1.0,,,,3.0,,,,2018
Milton,135,37,,,,,3.0,3.0,,,2.0,,,7.0,25,,,,93,,,23.0,1.0,20,,1.0,,1.0,,,,7.0,,2.0,,1.0,,,,18.0,1.0,9,8.0,1.0,5,4.0,,,,,,1.0,,,,,,,,2018
Mt. Ida College,,,,,,,,,,,,,,,,,,,,,,,,,,,,,,,,,,,,,,,,,,,,,,,,,,,,,,,,,,,,2018
Needham,422,71,1.0,,,,2.0,2.0,,,2.0,,,11.0,30,25,,,324,1.0,,7.0,17.0,35,3.0,,54.0,4.0,53.0,,,,,2.0,3.0,3.0,8.0,26.0,,8.0,,90,3.0,7.0,27,19.0,1.0,,,,,3.0,,,,4.0,,,,2018
Norfolk,97,12,,,,,1.0,1.0,,,,,,2.0,9,,,,76,,,5.0,,15,,,2.0,3.0,,,5.0,23.0,,,,,2.0,2.0,,10.0,,7,2.0,,9,7.0,1.0,,,,,,,,,1.0,,,,2018
Norfolk State Police,,,,,,,,,,,,,,,,,,,,,,,,,,,,,,,,,,,,,,,,,,,,,,,,,,,,,,,,,,,,2018
Norfolk State Police Framingham,,,,,,,,,,,,,,,,,,,,,,,,,,,,,,,,,,,,,,,,,,,,,,,,,,,,,,,,,,,,2018
Norfolk State Police Middleboro,,,,,,,,,,,,,,,,,,,,,,,,,,,,,,,,,,,,,,,,,,,,,,,,,,,,,,,,,,,,2018
Norwood,768,147,,,,1.0,9.0,4.0,5.0,,6.0,,,23.0,76,32,,,555,1.0,,23.0,19.0,100,3.0,3.0,54.0,19.0,45.0,,3.0,,,7.0,,2.0,19.0,33.0,,35.0,2.0,149,29.0,9.0,66,55.0,,,,,,3.0,2.0,,,6.0,,,,2018
Plainville,155,29,,,,1.0,,,,,,,,9.0,18,1,,,123,,,6.0,5.0,18,,,2.0,16.0,4.0,,2.0,13.0,,1.0,,,13.0,16.0,,8.0,4.0,11,4.0,,3,3.0,,,,,,,,,,,,,,2018
Quincy,"3,265","1,076",,,,9.0,32.0,32.0,,,15.0,,5.0,272.0,399,344,,,"1,992",4.0,,265.0,59.0,274,5.0,6.0,81.0,75.0,144.0,,2.0,,,49.0,20.0,,154.0,101.0,,170.0,22.0,469,74.0,18.0,197,160.0,,,,,,2.0,,,,35.0,,,,2018
Randolph,"1,237",422,,,,1.0,14.0,14.0,,,12.0,1.0,1.0,76.0,253,64,,,741,1.0,,74.0,14.0,188,1.0,1.0,27.0,23.0,,,12.0,,,18.0,1.0,,76.0,29.0,,36.0,7.0,200,33.0,,74,39.0,20.0,,,,,2.0,2.0,3.0,,8.0,,,,2018
Sharon,151,24,,,,,2.0,2.0,,,1.0,,,8.0,7,6,,,117,1.0,,11.0,4.0,26,1.0,,15.0,2.0,4.0,,,,,3.0,1.0,,3.0,5.0,,6.0,,28,2.0,5.0,10,7.0,,,,,,1.0,,,,2.0,,,,2018
Stoughton,965,316,,,,4.0,4.0,1.0,,3.0,5.0,5.0,5.0,60.0,164,69,,,583,3.0,,38.0,29.0,94,6.0,2.0,43.0,11.0,20.0,,,,,12.0,5.0,1.0,54.0,34.0,,30.0,1.0,156,30.0,14.0,66,47.0,,,,,,2.0,1.0,,,16.0,,,,2018
Walpole,695,187,,,,3.0,3.0,3.0,,,10.0,,2.0,35.0,101,33,,,458,,,34.0,13.0,69,,,51.0,13.0,16.0,,,,,4.0,2.0,1.0,80.0,24.0,,31.0,,103,8.0,9.0,50,39.0,,,,,,3.0,,,,8.0,,,,2018
Wellesley,344,47,,,,,3.0,1.0,2.0,,,,,8.0,21,15,,,279,,,11.0,12.0,37,1.0,1.0,26.0,14.0,36.0,,,1.0,,1.0,,1.0,6.0,12.0,,22.0,,85,,13.0,18,13.0,,,,,,,,,,5.0,,,,2018
Wellesley College,,,,,,,,,,,,,,,,,,,,,,,,,,,,,,,,,,,,,,,,,,,,,,,,,,,,,,,,,,,,2018
Westwood,341,43,,,,,3.0,2.0,1.0,,2.0,,1.0,7.0,13,17,,,278,,,8.0,9.0,28,4.0,3.0,31.0,9.0,35.0,,,2.0,,,3.0,2.0,25.0,14.0,,23.0,3.0,64,8.0,7.0,20,16.0,1.0,,,,,,,,,3.0,,,,2018
Weymouth,"1,483",406,1.0,,,11.0,14.0,10.0,4.0,,10.0,1.0,14.0,126.0,150,79,,,940,3.0,,48.0,22.0,189,11.0,3.0,73.0,18.0,35.0,,,,,20.0,6.0,10.0,128.0,74.0,,90.0,4.0,158,32.0,16.0,137,114.0,,,1.0,,,5.0,,,,17.0,,,,2018
Wrentham,306,25,,,,,2.0,2.0,,,1.0,,1.0,3.0,15,3,,,277,,,11.0,1.0,12,2.0,,13.0,4.0,3.0,,2.0,17.0,,,,,143.0,4.0,1.0,20.0,,29,12.0,3.0,4,3.0,,,,,,,,,,,1.0,,,2018
Abington,522,180,,,,1.0,5.0,5.0,,,,,3.0,33.0,88,50,,,279,,,19.0,8.0,61,,2.0,24.0,8.0,16.0,,,2.0,,3.0,3.0,,21.0,14.0,,,,73,24.0,1.0,63,49.0,,,,,,2.0,,,,12.0,,,,2018
Bridgewater,443,150,,,,2.0,4.0,4.0,,,1.0,1.0,9.0,52.0,61,20,,,272,,,30.0,13.0,69,,,25.0,7.0,17.0,,,,,1.0,,3.0,4.0,14.0,,12.0,,59,10.0,8.0,21,18.0,1.0,,,,,1.0,,,,1.0,,,,2018
Bridgewater State University,126,57,,,,,9.0,6.0,3.0,,3.0,,,10.0,29,6,,,60,,,3.0,1.0,15,,,8.0,,,,,,,1.0,,,,11.0,,4.0,,14,1.0,2.0,9,7.0,,,,,,,,,,2.0,,,,2018
Brockton,"6,154","2,322",9.0,,,28.0,72.0,64.0,8.0,,46.0,,49.0,613.0,"1,191",307,6.0,1.0,"3,448",7.0,1.0,277.0,52.0,712,13.0,3.0,133.0,25.0,126.0,,,,,184.0,30.0,14.0,159.0,83.0,,385.0,5.0,897,311.0,31.0,384,243.0,1.0,,2.0,,,17.0,13.0,,,108.0,,,,2018
Carver,263,92,,,,1.0,8.0,8.0,,,1.0,,3.0,20.0,36,23,,,160,,,6.0,2.0,46,,,13.0,3.0,16.0,,,2.0,,2.0,,,2.0,6.0,,9.0,,47,5.0,1.0,11,3.0,,,,,,3.0,1.0,1.0,,3.0,,,,2018
Duxbury,232,47,,,,,,,,,3.0,,2.0,7.0,21,14,,,179,1.0,,18.0,4.0,28,,,31.0,3.0,11.0,,,1.0,,,1.0,,1.0,22.0,,7.0,,48,,3.0,6,5.0,,,,,,,,,,1.0,,,,2018
East Bridgewater,311,93,,,,,2.0,2.0,,,,,5.0,19.0,47,20,,,203,,,15.0,6.0,46,1.0,,31.0,1.0,11.0,,,1.0,,1.0,2.0,,7.0,10.0,,19.0,,39,10.0,3.0,15,5.0,,,,,,3.0,,,,7.0,,,,2018
Halifax,217,44,,,,,1.0,,1.0,,2.0,,2.0,3.0,28,8,,,171,1.0,,13.0,1.0,40,,1.0,16.0,,9.0,,,,,,1.0,,27.0,10.0,,19.0,,23,4.0,6.0,2,2.0,,,,,,,,,,,,,,2018
Hanover,260,9,,,,,1.0,1.0,,,,,,1.0,7,,,,251,,,6.0,3.0,46,,,30.0,36.0,8.0,,1.0,,,,2.0,3.0,61.0,12.0,,5.0,2.0,26,4.0,6.0,,,,,,,,,,,,,,,,2018
Hanson,213,82,,,,,4.0,1.0,3.0,,2.0,,4.0,25.0,32,15,,,119,2.0,,12.0,7.0,26,1.0,,9.0,6.0,4.0,,,1.0,,1.0,1.0,1.0,4.0,11.0,,1.0,,25,5.0,2.0,12,6.0,,,,,,3.0,,,,3.0,,,,2018
Hingham,429,95,,,,,7.0,3.0,4.0,,1.0,,5.0,30.0,32,20,,,315,,,20.0,7.0,48,1.0,,32.0,20.0,19.0,,,,,,2.0,1.0,44.0,26.0,,6.0,1.0,78,8.0,2.0,19,16.0,1.0,,,,,1.0,,,,1.0,,,,2018
Hull,339,132,,,,2.0,2.0,,2.0,,3.0,,3.0,34.0,68,20,,,181,,,15.0,5.0,56,,,11.0,2.0,7.0,,,,,,,1.0,6.0,16.0,,9.0,,49,3.0,1.0,26,18.0,,,2.0,,,,,,,6.0,,,,2018
Kingston,276,68,,,,2.0,2.0,2.0,,,1.0,,,23.0,31,9,,,201,,,9.0,8.0,42,1.0,1.0,21.0,10.0,8.0,,,,,1.0,,1.0,19.0,14.0,,24.0,1.0,31,7.0,3.0,7,2.0,,,,,,3.0,,,,2.0,,,,2018
Lakeville,210,39,,,,,3.0,2.0,1.0,,,,,12.0,20,4,,,142,,,28.0,,25,,,,,,,,,,1.0,,,2.0,3.0,,24.0,1.0,49,8.0,1.0,29,26.0,,,,,,1.0,,2.0,,,,,,2018
Marion,167,41,,,,,1.0,1.0,,,,,1.0,8.0,21,10,,,119,,,7.0,3.0,34,3.0,2.0,17.0,,8.0,,,,,,,,1.0,14.0,,1.0,,24,3.0,2.0,7,5.0,,,,,,1.0,,,,1.0,,,,2018
Marshfield,265,84,,,,1.0,5.0,1.0,4.0,,,,3.0,27.0,37,11,,,154,,,14.0,2.0,45,,,11.0,,2.0,,,,,1.0,4.0,2.0,3.0,8.0,,11.0,,46,3.0,2.0,27,18.0,,,,,,3.0,,,,6.0,,,,2018
Massasoit Community College,27,7,,,,,,,,,,,,2.0,3,2,,,17,,,1.0,,9,,,1.0,,1.0,,,,,,,1.0,,3.0,,,,,,1.0,3,2.0,,,,,,,,,,1.0,,,,2018
Mattapoisett,112,34,,,,,3.0,3.0,,,1.0,,2.0,10.0,10,8,,,66,,,12.0,1.0,12,,,4.0,3.0,,,,1.0,,,,,1.0,4.0,,,,18,5.0,5.0,12,9.0,,,,,,,,,,3.0,,,,2018
MBTA - Plymouth County,,,,,,,,,,,,,,,,,,,,,,,,,,,,,,,,,,,,,,,,,,,,,,,,,,,,,,,,,,,,2018
Middleborough,829,322,,,,4.0,16.0,12.0,4.0,,1.0,1.0,7.0,90.0,178,25,,,465,4.0,,39.0,9.0,111,,3.0,37.0,10.0,20.0,,1.0,2.0,1.0,6.0,1.0,,11.0,32.0,,48.0,,98,20.0,12.0,42,24.0,,,,,,5.0,1.0,,,12.0,,,,2018
Norwell,121,26,,,,,2.0,,2.0,,3.0,,,7.0,9,5,,,86,,,6.0,4.0,12,,,10.0,1.0,4.0,,,1.0,,,,,10.0,7.0,,4.0,1.0,23,3.0,,9,7.0,,,,,,1.0,,,,1.0,,,,2018
Pembroke,297,88,,,,1.0,5.0,5.0,,,2.0,,2.0,11.0,54,13,,,181,,,9.0,4.0,31,3.0,1.0,16.0,3.0,32.0,,,,,,,,22.0,7.0,,14.0,1.0,34,3.0,1.0,28,24.0,,,,,,2.0,,,,2.0,,,,2018
Plymouth,"1,830",718,,,,7.0,42.0,31.0,10.0,1.0,11.0,3.0,18.0,172.0,362,102,,1.0,"1,004",3.0,,89.0,19.0,266,4.0,,72.0,16.0,38.0,,,,,17.0,7.0,4.0,143.0,82.0,,46.0,,150,23.0,25.0,108,79.0,,,1.0,,,6.0,1.0,,,21.0,,,,2018
Plymouth State Police,,,,,,,,,,,,,,,,,,,,,,,,,,,,,,,,,,,,,,,,,,,,,,,,,,,,,,,,,,,,2018
Plymouth State Police Middleboro,,,,,,,,,,,,,,,,,,,,,,,,,,,,,,,,,,,,,,,,,,,,,,,,,,,,,,,,,,,,2018
Plympton,84,26,,,,,,,,,,,,4.0,17,5,,,58,,,6.0,1.0,12,2.0,,4.0,1.0,5.0,,,,,1.0,,,,,,12.0,,13,1.0,,,,,,,,,,,,,,,,,2018
Rochester,109,41,,,,2.0,,,,,,,2.0,6.0,21,10,,,57,,,3.0,5.0,11,,,6.0,3.0,4.0,,,,,1.0,,,,6.0,,4.0,,12,2.0,,11,5.0,,,,,,5.0,,,,1.0,,,,2018
Rockland,1,,,,,,,,,,,,,,,,,,1,,,,,,,,,,,,,,,,,,,,,,,1,,,,,,,,,,,,,,,,,,2018
Scituate,217,73,,,,,4.0,3.0,1.0,,,,3.0,11.0,49,6,,,132,,1.0,8.0,1.0,28,,,13.0,7.0,9.0,,,,,,1.0,1.0,3.0,20.0,,11.0,,26,1.0,2.0,12,8.0,,,,,,1.0,,,,3.0,,,,2018
Wareham,"1,062",338,,,,1.0,17.0,11.0,5.0,1.0,4.0,1.0,8.0,129.0,132,46,,,688,2.0,,59.0,22.0,150,6.0,,44.0,6.0,14.0,,1.0,1.0,,15.0,13.0,8.0,60.0,48.0,,11.0,,182,29.0,17.0,36,23.0,,,,,,1.0,1.0,,,11.0,,,,2018
West Bridgewater,211,31,,,,,,,,,,,,5.0,16,10,,,170,,,7.0,10.0,16,,1.0,32.0,3.0,11.0,,,1.0,,1.0,,,14.0,5.0,,26.0,,30,9.0,4.0,10,8.0,,,,,,,,,,1.0,1.0,,,2018
Whitman,353,116,,,,1.0,5.0,1.0,4.0,,1.0,,1.0,31.0,58,19,,,204,1.0,,15.0,6.0,57,,,16.0,2.0,5.0,,,,,2.0,,,27.0,9.0,,6.0,1.0,45,10.0,2.0,33,26.0,,,,,,2.0,,,,5.0,,,,2018
Berklee College of Music,,,,,,,,,,,,,,,,,,,,,,,,,,,,,,,,,,,,,,,,,,,,,,,,,,,,,,,,,,,,2018
Beth Israel Deaconess Med Ctr,,,,,,,,,,,,,,,,,,,,,,,,,,,,,,,,,,,,,,,,,,,,,,,,,,,,,,,,,,,,2018
Boston,,,,,,,,,,,,,,,,,,,,,,,,,,,,,,,,,,,,,,,,,,,,,,,,,,,,,,,,,,,,2018
Boston College(Old ORI),,,,,,,,,,,,,,,,,,,,,,,,,,,,,,,,,,,,,,,,,,,,,,,,,,,,,,,,,,,,2018
Boston University,711,99,,,,,10.0,10.0,,,1.0,,,11.0,44,33,,,600,2.0,,23.0,6.0,65,1.0,7.0,40.0,15.0,4.0,,17.0,,,2.0,2.0,,13.0,264.0,,10.0,,118,,11.0,12,8.0,,,,,,1.0,,,,3.0,,,,2018
Bunker Hill Community College,,,,,,,,,,,,,,,,,,,,,,,,,,,,,,,,,,,,,,,,,,,,,,,,,,,,,,,,,,,,2018
"Capitol PD, Boston",,,,,,,,,,,,,,,,,,,,,,,,,,,,,,,,,,,,,,,,,,,,,,,,,,,,,,,,,,,,2018
Chelsea,"2,303","1,031",,,,9.0,40.0,27.0,13.0,,15.0,,22.0,181.0,557,207,,,"1,149",1.0,,79.0,25.0,318,4.0,,66.0,18.0,45.0,,,,,63.0,10.0,7.0,101.0,130.0,,110.0,30.0,42,80.0,20.0,123,60.0,,,6.0,,,6.0,4.0,1.0,,46.0,,,,2018
Emerson College,,,,,,,,,,,,,,,,,,,,,,,,,,,,,,,,,,,,,,,,,,,,,,,,,,,,,,,,,,,,2018
Emerson College,,,,,,,,,,,,,,,,,,,,,,,,,,,,,,,,,,,,,,,,,,,,,,,,,,,,,,,,,,,,2018
Environmental Police,67,6,,,,,,,,,,,,5.0,1,,,,37,1.0,,7.0,1.0,9,,,,,1.0,,,,,,,,,,,2.0,,7,4.0,5.0,24,5.0,,,,,,,,,,18.0,1.0,,,2018
Fisher College,,,,,,,,,,,,,,,,,,,,,,,,,,,,,,,,,,,,,,,,,,,,,,,,,,,,,,,,,,,,2018
Fisher College,,,,,,,,,,,,,,,,,,,,,,,,,,,,,,,,,,,,,,,,,,,,,,,,,,,,,,,,,,,,2018
Mass College of Art,,,,,,,,,,,,,,,,,,,,,,,,,,,,,,,,,,,,,,,,,,,,,,,,,,,,,,,,,,,,2018
Mass General Hospital,,,,,,,,,,,,,,,,,,,,,,,,,,,,,,,,,,,,,,,,,,,,,,,,,,,,,,,,,,,,2018
MBTA,,,,,,,,,,,,,,,,,,,,,,,,,,,,,,,,,,,,,,,,,,,,,,,,,,,,,,,,,,,,2018
MBTA - Suffolk County,,,,,,,,,,,,,,,,,,,,,,,,,,,,,,,,,,,,,,,,,,,,,,,,,,,,,,,,,,,,2018
MCPHS University,,,,,,,,,,,,,,,,,,,,,,,,,,,,,,,,,,,,,,,,,,,,,,,,,,,,,,,,,,,,2018
Northeastern U,,,,,,,,,,,,,,,,,,,,,,,,,,,,,,,,,,,,,,,,,,,,,,,,,,,,,,,,,,,,2018
Northeastern University,,,,,,,,,,,,,,,,,,,,,,,,,,,,,,,,,,,,,,,,,,,,,,,,,,,,,,,,,,,,2018
Revere,"2,277",741,,,,4.0,31.0,23.0,5.0,3.0,22.0,,4.0,196.0,343,139,2.0,,"1,438",1.0,,102.0,21.0,274,5.0,,91.0,14.0,63.0,,,,,35.0,14.0,8.0,205.0,77.0,,105.0,6.0,309,86.0,22.0,98,65.0,,,,,,10.0,3.0,1.0,,19.0,,,,2018
Roxbury Community College,,,,,,,,,,,,,,,,,,,,,,,,,,,,,,,,,,,,,,,,,,,,,,,,,,,,,,,,,,,,2018
Simmons University,,,,,,,,,,,,,,,,,,,,,,,,,,,,,,,,,,,,,,,,,,,,,,,,,,,,,,,,,,,,2018
Suffolk State Police,,,,,,,,,,,,,,,,,,,,,,,,,,,,,,,,,,,,,,,,,,,,,,,,,,,,,,,,,,,,2018
Suffolk State Police Framingham,,,,,,,,,,,,,,,,,,,,,,,,,,,,,,,,,,,,,,,,,,,,,,,,,,,,,,,,,,,,2018
Suffolk State Police Logan Airport,,,,,,,,,,,,,,,,,,,,,,,,,,,,,,,,,,,,,,,,,,,,,,,,,,,,,,,,,,,,2018
Suffolk State Police Weston,,,,,,,,,,,,,,,,,,,,,,,,,,,,,,,,,,,,,,,,,,,,,,,,,,,,,,,,,,,,2018
Tufts University Suffolk,18,,,,,,,,,,,,,,,,,,18,,,1.0,,,,,1.0,,,,,,,,,,,7.0,,,,9,,,,,,,,,,,,,,,,,,2018
Tufts University Suffolk prior to 01/01/2017,,,,,,,,,,,,,,,,,,,,,,,,,,,,,,,,,,,,,,,,,,,,,,,,,,,,,,,,,,,,2018
U-Mass Boston,71,12,,,,,,,,,,,,,7,5,,,56,,,,,14,,,1.0,,2.0,,,,,,1.0,,,9.0,,,,27,,2.0,3,1.0,,,,,,,,,,2.0,,,,2018
Wentworth Institute,,,,,,,,,,,,,,,,,,,,,,,,,,,,,,,,,,,,,,,,,,,,,,,,,,,,,,,,,,,,2018
Wentworth Institute of Technology,,,,,,,,,,,,,,,,,,,,,,,,,,,,,,,,,,,,,,,,,,,,,,,,,,,,,,,,,,,,2018
Winthrop,364,96,,,,,6.0,5.0,1.0,,3.0,,,20.0,47,20,,,244,1.0,,24.0,5.0,66,,2.0,19.0,5.0,15.0,,,,,2.0,,2.0,6.0,15.0,,20.0,4.0,43,10.0,5.0,24,18.0,,,,,,,,,,6.0,,,,2018
Ashburnham,99,29,,,,,1.0,1.0,,,2.0,,,5.0,14,7,,,64,,,4.0,,27,,,9.0,2.0,,,2.0,,,,,,,,,,,17,3.0,,6,4.0,,,,,,1.0,,,,1.0,,,,2018
Assumption College,76,17,,,,,6.0,5.0,1.0,,3.0,,,4.0,1,3,,,58,,,1.0,,33,,,1.0,,2.0,,,,,,,,,9.0,,,,12,,,1,,,,,,,,,,,1.0,,,,2018
Assumption College,,,,,,,,,,,,,,,,,,,,,,,,,,,,,,,,,,,,,,,,,,,,,,,,,,,,,,,,,,,,2018
Athol,467,176,,,,,7.0,6.0,1.0,,,,10.0,46.0,102,11,,,257,1.0,,19.0,4.0,62,3.0,,20.0,1.0,7.0,,1.0,1.0,,4.0,1.0,,13.0,31.0,,6.0,,79,3.0,1.0,34,25.0,,,,,,,,,,9.0,,,,2018
Auburn,658,98,1.0,,,1.0,3.0,3.0,,,3.0,,,24.0,57,8,1.0,,524,3.0,,29.0,15.0,68,3.0,1.0,45.0,10.0,21.0,,,,,1.0,2.0,2.0,74.0,4.0,,17.0,,199,9.0,21.0,36,30.0,,,,,,,1.0,,,3.0,2.0,,,2018
Barre,128,60,,,,,2.0,2.0,,,,,3.0,12.0,27,16,,,44,2.0,,8.0,1.0,14,,,2.0,4.0,,,,,,,,,2.0,2.0,,3.0,,4,1.0,1.0,24,18.0,1.0,,,,,2.0,,,,3.0,,,,2018
Becker College,,,,,,,,,,,,,,,,,,,,,,,,,,,,,,,,,,,,,,,,,,,,,,,,,,,,,,,,,,,,2018
Berlin,62,4,,,,,2.0,2.0,,,,,,,1,1,,,54,,,4.0,2.0,9,,,3.0,1.0,2.0,,,3.0,,1.0,,1.0,6.0,4.0,,,,17,1.0,,4,3.0,,,,,,1.0,,,,,,,,2018
Blackstone,124,49,,,,,1.0,1.0,,,,,,1.0,39,8,,,70,,,11.0,1.0,23,,,1.0,,3.0,,1.0,,,1.0,,,2.0,6.0,,5.0,1.0,10,5.0,,5,3.0,,,,,,1.0,,,,1.0,,,,2018
Bolton,128,20,,,,,,,,,,,,,10,10,,,91,,,9.0,5.0,27,1.0,1.0,10.0,2.0,8.0,1.0,,,,,,,,2.0,,2.0,,21,2.0,,17,10.0,1.0,,,,,4.0,,,,2.0,,,,2018
Boylston,33,12,,,,,1.0,1.0,,,1.0,,1.0,2.0,6,1,,,20,,,7.0,,2,,,,5.0,,,,,,,,,,,,,,5,1.0,,1,1.0,,,,,,,,,,,,,,2018
Brookfield,,,,,,,,,,,,,,,,,,,,,,,,,,,,,,,,,,,,,,,,,,,,,,,,,,,,,,,,,,,,2018
Charlton,302,85,,,,,,,,,,1.0,3.0,12.0,49,20,,,205,1.0,,11.0,5.0,43,2.0,,23.0,1.0,25.0,,,1.0,,1.0,2.0,2.0,2.0,9.0,,8.0,2.0,52,8.0,7.0,12,6.0,,,,,,3.0,,,,3.0,,,,2018
Clark University,,,,,,,,,,,,,,,,,,,,,,,,,,,,,,,,,,,,,,,,,,,,,,,,,,,,,,,,,,,,2018
Clark University,,,,,,,,,,,,,,,,,,,,,,,,,,,,,,,,,,,,,,,,,,,,,,,,,,,,,,,,,,,,2018
Clinton,55,22,,,,,,,,,,,,9.0,12,1,,,28,,,1.0,,3,,,2.0,1.0,,,,,,2.0,,,12.0,3.0,,1.0,,2,,1.0,5,3.0,2.0,,,,,,,,,,,,,2018
Col of the Holy Cross,,,,,,,,,,,,,,,,,,,,,,,,,,,,,,,,,,,,,,,,,,,,,,,,,,,,,,,,,,,,2018
Douglas,138,58,,,,1.0,1.0,1.0,,,1.0,,3.0,18.0,21,13,,,48,,,4.0,2.0,9,,,9.0,,4.0,,,1.0,,1.0,,,1.0,2.0,,4.0,,8,2.0,1.0,32,23.0,,,,,,,,,,9.0,,,,2018
Dudley,222,123,,,,,7.0,6.0,1.0,,,1.0,4.0,16.0,83,12,,,74,1.0,,7.0,4.0,22,,,8.0,,3.0,,,,,,1.0,2.0,3.0,5.0,,3.0,,11,2.0,2.0,25,18.0,,,,,,3.0,,,,4.0,,,,2018
East Brookfield,29,11,,,,,1.0,1.0,,,,,,3.0,3,4,,,17,,,2.0,,2,,,3.0,1.0,3.0,,,,,,,,,1.0,,,,4,1.0,,1,,,,,,,,,,,1.0,,,,2018
Fitchburg,"1,798",561,2.0,,,2.0,32.0,22.0,10.0,,22.0,,4.0,170.0,274,55,,,"1,092",2.0,,113.0,34.0,317,3.0,1.0,62.0,17.0,40.0,,,,,36.0,3.0,3.0,71.0,74.0,,67.0,13.0,169,44.0,23.0,145,82.0,1.0,,,,,7.0,11.0,,,44.0,,,,2018
Fitchburg SC,2,1,,,,,1.0,1.0,,,,,,,,,,,1,,,,,,,,1.0,,,,,,,,,,,,,,,,,,,,,,,,,,,,,,,,,2018
Fitchburg State College,,,,,,,,,,,,,,,,,,,,,,,,,,,,,,,,,,,,,,,,,,,,,,,,,,,,,,,,,,,,2018
Gardner,"1,027",348,,,,,21.0,18.0,3.0,,5.0,,10.0,67.0,211,34,,,619,1.0,,65.0,9.0,136,,,62.0,4.0,14.0,,,,,4.0,3.0,2.0,81.0,42.0,,23.0,,136,31.0,6.0,60,47.0,,,,,,5.0,,,,8.0,,,,2018
Grafton,217,73,,,,,,,,,1.0,,2.0,19.0,43,8,,,134,,,13.0,2.0,28,,1.0,16.0,4.0,10.0,,,3.0,,2.0,,,1.0,7.0,,9.0,1.0,28,6.0,3.0,10,6.0,1.0,,,,,1.0,,,,2.0,,,,2018
Hardwick,106,28,,,,,,,,,5.0,,,6.0,15,2,,,67,,,6.0,,25,,,3.0,,4.0,,,1.0,,,,,2.0,6.0,,,,15,2.0,3.0,11,10.0,,,,,,,,,,1.0,,,,2018
Harvard,196,17,,,,,1.0,1.0,,,,,,3.0,6,7,,,178,1.0,,8.0,5.0,12,,2.0,37.0,7.0,35.0,,,,,,1.0,,,3.0,,1.0,,64,,2.0,1,,,,,,,1.0,,,,,,,,2018
Holden,153,48,1.0,,,,7.0,7.0,,,,,5.0,5.0,21,9,,,91,,,8.0,2.0,14,,,7.0,3.0,6.0,,,2.0,,,1.0,,7.0,8.0,,4.0,,19,7.0,3.0,14,12.0,,,,,,1.0,1.0,,,,,,,2018
Hopedale,75,35,,,,,2.0,2.0,,,1.0,,1.0,,23,8,,,33,,,4.0,1.0,10,,,3.0,2.0,,,,,,,,,1.0,3.0,,,,7,2.0,,7,6.0,,,,,,1.0,,,,,,,,2018
Hubbardston,53,15,,,,,,,,,,,2.0,,10,3,,,29,,,3.0,4.0,7,1.0,,2.0,1.0,1.0,,,,,,,,,1.0,,1.0,,3,2.0,3.0,9,5.0,,,,,,,,,,4.0,,,,2018
Lancaster,162,44,,,,,,,,,1.0,,1.0,15.0,16,10,1.0,,113,1.0,,12.0,1.0,29,,,11.0,5.0,5.0,,,1.0,,,,,2.0,6.0,,4.0,,27,5.0,4.0,5,1.0,,,,,,2.0,,,,2.0,,,,2018
Leicester,322,69,,,,,8.0,7.0,1.0,,2.0,,7.0,25.0,20,7,,,230,,,11.0,4.0,28,2.0,,18.0,2.0,14.0,,,1.0,,2.0,,,76.0,9.0,,13.0,,41,7.0,2.0,23,14.0,,,,,,3.0,,,,6.0,,,,2018
Leominster,"2,370",846,,,,10.0,17.0,13.0,2.0,2.0,15.0,1.0,10.0,189.0,418,186,,,"1,434",1.0,,127.0,47.0,273,4.0,1.0,135.0,21.0,33.0,,,,,12.0,7.0,9.0,253.0,56.0,,117.0,,288,29.0,21.0,90,60.0,,,,,,8.0,2.0,1.0,,18.0,1.0,,,2018
Lunenburg,376,66,,,,2.0,3.0,3.0,,,,,,15.0,36,10,,,290,,,30.0,7.0,55,,,27.0,6.0,4.0,,,3.0,,,1.0,2.0,83.0,13.0,,10.0,3.0,35,8.0,3.0,20,13.0,,,,,,2.0,,,,5.0,,,,2018
MBTA - Worcester County,,,,,,,,,,,,,,,,,,,,,,,,,,,,,,,,,,,,,,,,,,,,,,,,,,,,,,,,,,,,2018
Mendon,103,25,,,,,,,,,,1.0,3.0,4.0,13,4,,,70,,,4.0,3.0,14,2.0,,12.0,1.0,2.0,,,1.0,,,1.0,2.0,1.0,5.0,,1.0,,16,3.0,2.0,8,6.0,,,,,,2.0,,,,,,,,2018
Milford,824,319,,,,1.0,18.0,13.0,5.0,,,,6.0,41.0,218,34,1.0,,468,1.0,,19.0,12.0,95,,2.0,42.0,11.0,31.0,,1.0,,,2.0,2.0,2.0,44.0,54.0,,21.0,,99,22.0,8.0,37,26.0,,,,,,3.0,2.0,1.0,,3.0,2.0,,,2018
Millbury,411,97,,,,,1.0,1.0,,,3.0,,1.0,17.0,56,19,,,287,1.0,,22.0,7.0,41,1.0,,29.0,9.0,26.0,,,1.0,,1.0,,,49.0,13.0,,9.0,6.0,56,12.0,4.0,27,21.0,,,,,,1.0,2.0,,,3.0,,,,2018
Millville,63,5,,,,,,,,,,,1.0,,2,2,,,56,1.0,,3.0,2.0,20,,,2.0,2.0,4.0,,,1.0,,,,,1.0,,,7.0,,9,1.0,3.0,2,,,,,,,1.0,,,,1.0,,,,2018
Mount Wachusett CC,,,,,,,,,,,,,,,,,,,,,,,,,,,,,,,,,,,,,,,,,,,,,,,,,,,,,,,,,,,,2018
New Braintree,13,1,,,,,,,,,,,,1.0,,,,,6,,,,,2,,,,,,,,,,,,,,2.0,,,,1,1.0,,6,5.0,,,,,,,,,,1.0,,,,2018
North Brookfield,,,,,,,,,,,,,,,,,,,,,,,,,,,,,,,,,,,,,,,,,,,,,,,,,,,,,,,,,,,,2018
Northborough,163,24,,,,,,,,,,1.0,,,23,,,,127,,,5.0,,14,,,,,,,,,,,,,55.0,37.0,,12.0,1.0,,3.0,,12,7.0,,,,,,,4.0,,,1.0,,,,2018
Northbridge,423,77,,,,1.0,7.0,5.0,2.0,,1.0,,6.0,17.0,37,8,,,328,,,25.0,6.0,71,,1.0,28.0,4.0,14.0,,,,,3.0,,,31.0,23.0,,13.0,1.0,92,13.0,3.0,18,16.0,,,,,,,,,,2.0,,,,2018
Oakham,28,7,,,,,,,,,,,1.0,2.0,3,1,,,16,,,3.0,,1,,,1.0,,,,,1.0,,1.0,,,,1.0,,3.0,,4,1.0,,5,4.0,,,,,,,,,,1.0,,,,2018
Oxford,437,106,,,,,7.0,4.0,3.0,,5.0,1.0,4.0,21.0,59,9,,,303,2.0,,11.0,7.0,63,1.0,,37.0,3.0,7.0,,,1.0,,5.0,1.0,1.0,101.0,5.0,,3.0,,42,11.0,2.0,28,18.0,,,,,,2.0,1.0,,,7.0,,,,2018
Paxton,59,22,,,,,,,,,1.0,,,2.0,18,1,,,29,,,1.0,,9,,,2.0,,,,,1.0,,1.0,,,,2.0,,2.0,,8,1.0,2.0,8,5.0,,,,,,,,,,3.0,,,,2018
Petersham,,,,,,,,,,,,,,,,,,,,,,,,,,,,,,,,,,,,,,,,,,,,,,,,,,,,,,,,,,,,2018
Phillipston,,,,,,,,,,,,,,,,,,,,,,,,,,,,,,,,,,,,,,,,,,,,,,,,,,,,,,,,,,,,2018
Princeton,36,15,,,,,,,,,,1.0,,,11,3,,,19,,,2.0,1.0,8,,,1.0,1.0,1.0,,,,,,,,,,,,,5,,,2,1.0,,,,,,,,,,1.0,,,,2018
Quinsigamond CC,39,12,,,,,,,,,,,,2.0,9,1,,,26,,,1.0,1.0,12,,,,,1.0,,,,,,,,1.0,5.0,,1.0,,4,,,1,,,,,,,,,,,1.0,,,,2018
Royalston,9,4,,,,,,,,,,,,4.0,,,,,5,,,,,,,,1.0,1.0,,,,,,,,,,1.0,,,,1,,1.0,,,,,,,,,,,,,,,,2018
Rutland,166,72,,,,,1.0,1.0,,,,,2.0,17.0,31,21,,,86,,,4.0,2.0,26,,1.0,9.0,3.0,10.0,,,1.0,1.0,,,,1.0,4.0,,3.0,,13,3.0,5.0,8,4.0,,,,,,2.0,,,,2.0,,,,2018
Shrewsbury,282,60,,,,,2.0,1.0,,1.0,,,,2.0,55,1,,,208,1.0,,12.0,2.0,28,,,1.0,11.0,,,,42.0,1.0,1.0,1.0,,21.0,9.0,,20.0,1.0,46,10.0,1.0,14,9.0,2.0,,,,,1.0,,,,2.0,,,,2018
Southborough,104,32,,,,,6.0,5.0,1.0,,,,,5.0,11,10,,,66,,,2.0,3.0,10,,,10.0,3.0,11.0,,,1.0,,1.0,,,2.0,7.0,,2.0,1.0,9,2.0,2.0,6,4.0,,,,,,1.0,,,,1.0,,,,2018
Southbridge,996,279,1.0,,,3.0,6.0,6.0,,,4.0,2.0,10.0,74.0,113,66,,,577,1.0,,55.0,10.0,133,3.0,1.0,46.0,8.0,14.0,,,4.0,,9.0,,1.0,78.0,24.0,,44.0,,128,14.0,4.0,140,113.0,,,,,,6.0,,,,21.0,,,,2018
Spencer,210,49,,,,,4.0,1.0,3.0,,1.0,,,16.0,27,1,,,151,,,14.0,1.0,43,,,2.0,6.0,10.0,,17.0,,,,,,7.0,4.0,,2.0,1.0,37,7.0,,10,7.0,1.0,,,,,,,,,2.0,,,,2018
Sterling,109,27,,,,,1.0,1.0,,,,,,7.0,14,5,,,78,,,9.0,3.0,19,,,6.0,3.0,10.0,,,,,,1.0,,,7.0,,4.0,,13,2.0,1.0,4,3.0,,,,,,,,,,1.0,,,,2018
Sturbridge,412,126,1.0,,,,2.0,1.0,,1.0,5.0,,1.0,19.0,67,30,1.0,,237,,,15.0,9.0,50,2.0,,29.0,5.0,3.0,,,,,2.0,,3.0,33.0,17.0,,12.0,,41,9.0,7.0,49,39.0,1.0,,,,,1.0,,2.0,,6.0,,,,2018
Sutton,207,42,,,,,1.0,,1.0,,1.0,,,13.0,16,11,,,144,,,17.0,6.0,19,,,25.0,6.0,18.0,,,,,1.0,,,7.0,9.0,,,1.0,29,5.0,1.0,21,17.0,,,1.0,,,,,,,3.0,,,,2018
Templeton,125,62,,,,,1.0,1.0,,,1.0,,6.0,13.0,38,3,,,57,,,8.0,,16,,,5.0,2.0,4.0,,,,,1.0,,,2.0,4.0,,2.0,,9,3.0,1.0,6,3.0,1.0,,,,,2.0,,,,,,,,2018
Tufts University Worcester,3,,,,,,,,,,,,,,,,,,3,,,,,1,,,,1.0,,,,,,,,,,1.0,,,,,,,,,,,,,,,,,,,,,,2018
Tufts University Worcester,,,,,,,,,,,,,,,,,,,,,,,,,,,,,,,,,,,,,,,,,,,,,,,,,,,,,,,,,,,,2018
U-Mass Worcester,154,90,,,,,,,,,1.0,,,18.0,62,9,,,59,,,,,9,,,2.0,,2.0,,,,,,,,1.0,1.0,,,,43,1.0,,5,4.0,,,,,,,,,,1.0,,,,2018
U-Mass Worcester MA014UM00,,,,,,,,,,,,,,,,,,,,,,,,,,,,,,,,,,,,,,,,,,,,,,,,,,,,,,,,,,,,2018
Upton,124,35,,,,,3.0,1.0,2.0,,,,,2.0,13,17,,,72,,,3.0,2.0,18,2.0,,9.0,4.0,14.0,,,1.0,,,,,,2.0,,,,13,3.0,1.0,17,11.0,,,,,,1.0,,,,5.0,,,,2018
Uxbridge,286,98,,,,1.0,7.0,4.0,3.0,,,,6.0,15.0,52,17,,,169,,,12.0,7.0,37,,,23.0,3.0,15.0,,,1.0,,,2.0,,13.0,9.0,,5.0,,33,8.0,1.0,19,16.0,,,,,,1.0,1.0,,,1.0,,,,2018
Warren,190,64,,,,,1.0,1.0,,,,,5.0,16.0,22,20,,,105,3.0,,17.0,5.0,20,,,11.0,5.0,4.0,,,,,2.0,,,7.0,14.0,,,,13,1.0,3.0,21,14.0,,,,,,6.0,,,,1.0,,,,2018
Webster,866,393,1.0,,,8.0,16.0,12.0,4.0,,6.0,1.0,4.0,81.0,225,51,,,410,1.0,,53.0,10.0,107,2.0,,30.0,4.0,13.0,,1.0,,1.0,10.0,,,19.0,27.0,,14.0,,77,25.0,16.0,63,48.0,,,,,,3.0,1.0,,,10.0,1.0,,,2018
West Boylston,159,34,1.0,,,,1.0,1.0,,,,,1.0,7.0,20,4,,,114,,,7.0,,18,1.0,,12.0,4.0,10.0,1.0,2.0,4.0,,2.0,,1.0,16.0,8.0,,5.0,,19,3.0,1.0,11,10.0,,,,,,,,,,1.0,,,,2018
West Brookfield,,,,,,,,,,,,,,,,,,,,,,,,,,,,,,,,,,,,,,,,,,,,,,,,,,,,,,,,,,,,2018
Westborough,463,117,,,,,6.0,6.0,,,5.0,,3.0,9.0,62,32,,,335,,,38.0,7.0,55,,2.0,33.0,15.0,19.0,,1.0,9.0,1.0,2.0,1.0,2.0,22.0,16.0,,13.0,2.0,86,11.0,,11,7.0,,,,,,1.0,,,,2.0,1.0,,,2018
Westminster,126,32,,,,1.0,3.0,3.0,,,,,2.0,10.0,9,7,,,86,1.0,,4.0,3.0,13,1.0,,7.0,6.0,6.0,,,,,,,,1.0,10.0,,2.0,,31,1.0,,8,5.0,,,,,,2.0,,,,1.0,,,,2018
Winchendon,524,202,,,,1.0,9.0,5.0,4.0,,8.0,2.0,5.0,29.0,111,37,,,284,1.0,,20.0,6.0,90,,,18.0,1.0,11.0,,,,,,,,5.0,41.0,,6.0,,66,18.0,1.0,38,20.0,,,,,,7.0,,1.0,,10.0,,,,2018
Worcester,"11,200","3,411",5.0,,,53.0,57.0,50.0,6.0,1.0,50.0,,7.0,932.0,"1,703",589,13.0,2.0,"7,089",9.0,,879.0,123.0,"1,344",43.0,13.0,326.0,406.0,8.0,,98.0,269.0,14.0,290.0,4.0,2.0,789.0,369.0,3.0,764.0,180.0,744,350.0,62.0,700,489.0,1.0,,,,,10.0,54.0,2.0,,140.0,4.0,,,2018
Worcester Polytechnic In,75,6,,,,,1.0,1.0,,,,,,1.0,3,1,,,67,,,6.0,,7,,1.0,4.0,2.0,1.0,,,,,1.0,,,,12.0,,2.0,,27,,4.0,2,2.0,,,,,,,,,,,,,,2018
Worcester State,,,,,,,,,,,,,,,,,,,,,,,,,,,,,,,,,,,,,,,,,,,,,,,,,,,,,,,,,,,,2018
Worcester State Police,,,,,,,,,,,,,,,,,,,,,,,,,,,,,,,,,,,,,,,,,,,,,,,,,,,,,,,,,,,,2018
Worcester State Police Holden,,,,,,,,,,,,,,,,,,,,,,,,,,,,,,,,,,,,,,,,,,,,,,,,,,,,,,,,,,,,2018
Worcester State Police Weston,,,,,,,,,,,,,,,,,,,,,,,,,,,,,,,,,,,,,,,,,,,,,,,,,,,,,,,,,,,,2018
Worcester State University,,,,,,,,,,,,,,,,,,,,,,,,,,,,,,,,,,,,,,,,,,,,,,,,,,,,,,,,,,,,2018
Missing,,,,,,,,,,,,,,,,,,,,,,,,,,,,,,,,,,,,,,,,,,,,,,,,,,,,,,,,,,,,2018
MSCPA Police,,,,,,,,,,,,,,,,,,,,,,,,,,,,,,,,,,,,,,,,,,,,,,,,,,,,,,,,,,,,2018
Suffolk University,,,,,,,,,,,,,,,,,,,,,,,,,,,,,,,,,,,,,,,,,,,,,,,,,,,,,,,,,,,,2018
Jurisdiction by Geography,,,,,,,,,,,,,,,,,,,,,,,,,,,,,,,,,,,,,,,,,,,,,,,,,,,,,,,,,,,,2017
Barnstable,"1,926",641,1.0,,,2.0,18.0,13.0,4.0,1.0,19.0,,7.0,165.0,336,93,,,"1,035",4.0,,81,31.0,213,13.0,1.0,78.0,53.0,34.0,,2.0,3.0,1.0,13.0,3.0,,170.0,118.0,,74.0,14.0,79,23.0,27.0,250,186.0,1.0,,,,,7.0,2.0,,8.0,45.0,1.0,,,2017
Barnstable State Police,,,,,,,,,,,,,,,,,,,,,,,,,,,,,,,,,,,,,,,,,,,,,,,,,,,,,,,,,,,,2017
Barnstable State Police Middleboro,,,,,,,,,,,,,,,,,,,,,,,,,,,,,,,,,,,,,,,,,,,,,,,,,,,,,,,,,,,,2017
Bourne,832,214,,,,,4.0,4.0,,,5.0,,,32.0,144,29,,,568,1.0,,107,10.0,159,5.0,,38.0,16.0,27.0,,,2.0,,5.0,,,25.0,25.0,,21.0,2.0,95,11.0,19.0,50,37.0,,,,,,5.0,,,,8.0,,,,2017
Brewster,262,82,,,,,14.0,4.0,9.0,1.0,1.0,,4.0,8.0,44,11,,,166,,,23,2.0,35,2.0,,7.0,5.0,8.0,,,,,,,1.0,,23.0,,4.0,,54,,2.0,14,10.0,,,1.0,,,1.0,,,,2.0,,,,2017
Cape Cod Community College,,,,,,,,,,,,,,,,,,,,,,,,,,,,,,,,,,,,,,,,,,,,,,,,,,,,,,,,,,,,2017
Chatham,181,30,,,,,2.0,2.0,,,4.0,,,3.0,16,5,,,150,,,8,,37,1.0,,14.0,3.0,,,,,,,,,18.0,12.0,,8.0,,48,1.0,,1,1.0,,,,,,,,,,,,,,2017
Dennis,764,231,,,,2.0,7.0,5.0,2.0,,6.0,1.0,5.0,49.0,143,18,,,492,,,87,10.0,92,2.0,,32.0,12.0,12.0,,2.0,,,2.0,,,24.0,49.0,,24.0,,124,15.0,5.0,41,35.0,,,,,,,1.0,,,5.0,,,,2017
Eastham,135,26,,,,,1.0,,1.0,,,1.0,2.0,9.0,11,2,,,99,,,4,1.0,22,,,12.0,2.0,3.0,,,,,1.0,,,1.0,5.0,,13.0,,34,1.0,,10,8.0,,,,,,2.0,,,,,,,,2017
Falmouth,"1,701",587,,,,6.0,15.0,14.0,1.0,,14.0,1.0,2.0,107.0,330,110,2.0,,916,4.0,,191,16.0,259,2.0,1.0,69.0,11.0,49.0,,,,,3.0,6.0,6.0,37.0,47.0,,,,158,36.0,21.0,198,173.0,,,,,,8.0,1.0,1.0,,15.0,,,,2017
Harwich,378,93,,,,,1.0,1.0,,,3.0,,,22.0,56,11,,,268,,,58,8.0,69,1.0,1.0,11.0,8.0,7.0,,,,,,3.0,3.0,14.0,13.0,,1.0,,63,5.0,3.0,17,14.0,,,,,,1.0,,,,2.0,,,,2017
Mashpee,481,108,1.0,,,,3.0,2.0,1.0,,,,1.0,34.0,38,31,,,338,,,19,5.0,81,1.0,1.0,21.0,4.0,9.0,,1.0,,,2.0,1.0,1.0,39.0,16.0,,23.0,,96,11.0,7.0,35,30.0,,,,,,1.0,,,,4.0,,,,2017
MBTA - Barnstable County,,,,,,,,,,,,,,,,,,,,,,,,,,,,,,,,,,,,,,,,,,,,,,,,,,,,,,,,,,,,2017
Orleans,174,33,,,,,3.0,1.0,2.0,,,,2.0,4.0,19,5,,,131,,,22,5.0,32,,,9.0,5.0,5.0,,,,,1.0,,,7.0,6.0,,1.0,1.0,35,1.0,1.0,10,9.0,,,,,,,,,,1.0,,,,2017
Provincetown,329,107,,,,3.0,3.0,2.0,1.0,,2.0,,1.0,20.0,71,7,,,211,,,12,5.0,60,2.0,,9.0,3.0,3.0,,,,,,1.0,,29.0,14.0,,,,68,4.0,1.0,11,6.0,,,,,,,,,,5.0,,,,2017
Sandwich,574,167,,,,,5.0,2.0,3.0,,,4.0,3.0,29.0,79,47,,,371,,,30,5.0,135,3.0,,19.0,5.0,41.0,,,,,,,,7.0,20.0,,28.0,,66,8.0,4.0,36,31.0,,,,,,,1.0,1.0,,3.0,,,,2017
Truro,98,38,,,,,2.0,1.0,1.0,,1.0,,,12.0,22,1,,,58,,,7,4.0,20,,,6.0,1.0,3.0,,,1.0,,,,,,4.0,,1.0,,8,3.0,,2,2.0,,,,,,,,,,,,,,2017
Wellfleet,94,12,,,,,,,,,,,1.0,2.0,5,4,,,78,2.0,,17,,18,,,11.0,,2.0,,,,,1.0,,,1.0,6.0,,1.0,,16,2.0,1.0,4,3.0,,,,,,,,,,1.0,,,,2017
Yarmouth,"1,105",356,1.0,,,5.0,14.0,11.0,3.0,,6.0,,7.0,134.0,141,46,,2.0,659,3.0,,78,13.0,137,1.0,1.0,28.0,28.0,17.0,,,1.0,,11.0,3.0,4.0,39.0,41.0,,82.0,1.0,153,10.0,8.0,90,72.0,,,,,,1.0,1.0,,,16.0,,,,2017
Adams,285,76,,,,,10.0,9.0,1.0,,7.0,1.0,2.0,9.0,41,6,,,197,,,46,3.0,61,,,6.0,2.0,2.0,,,,,1.0,,,3.0,14.0,,7.0,1.0,38,8.0,5.0,12,4.0,,,,,,5.0,1.0,,,2.0,,,,2017
Alford,,,,,,,,,,,,,,,,,,,,,,,,,,,,,,,,,,,,,,,,,,,,,,,,,,,,,,,,,,,,2017
Becket,,,,,,,,,,,,,,,,,,,,,,,,,,,,,,,,,,,,,,,,,,,,,,,,,,,,,,,,,,,,2017
Berkshire State Police,,,,,,,,,,,,,,,,,,,,,,,,,,,,,,,,,,,,,,,,,,,,,,,,,,,,,,,,,,,,2017
Berkshire State Police Northampton,,,,,,,,,,,,,,,,,,,,,,,,,,,,,,,,,,,,,,,,,,,,,,,,,,,,,,,,,,,,2017
Berkshire State Police Weston,,,,,,,,,,,,,,,,,,,,,,,,,,,,,,,,,,,,,,,,,,,,,,,,,,,,,,,,,,,,2017
Cheshire,18,4,,,,,,,,,,,,,2,2,,,13,,,1,,2,,,1.0,,,,,,,,,,,2.0,,2.0,1.0,2,2.0,,1,1.0,,,,,,,,,,,,,,2017
Clarksburg,,,,,,,,,,,,,,,,,,,,,,,,,,,,,,,,,,,,,,,,,,,,,,,,,,,,,,,,,,,,2017
Dalton,124,43,,,,,,,,,1.0,,3.0,15.0,13,11,,,76,,,17,3.0,21,1.0,,2.0,,,,,,,,,1.0,,11.0,,2.0,,13,1.0,4.0,5,4.0,,,,,,,,,,1.0,,,,2017
Egremont,,,,,,,,,,,,,,,,,,,,,,,,,,,,,,,,,,,,,,,,,,,,,,,,,,,,,,,,,,,,2017
Florida,,,,,,,,,,,,,,,,,,,,,,,,,,,,,,,,,,,,,,,,,,,,,,,,,,,,,,,,,,,,2017
Great Barrington,200,67,,,,,5.0,4.0,1.0,,,,,19.0,33,10,,,118,1.0,,10,1.0,27,3.0,,10.0,1.0,2.0,,,,,2.0,1.0,1.0,4.0,18.0,,5.0,,26,5.0,1.0,15,8.0,,,,,,2.0,,,,5.0,,,,2017
Hancock,,,,,,,,,,,,,,,,,,,,,,,,,,,,,,,,,,,,,,,,,,,,,,,,,,,,,,,,,,,,2017
Hinsdale,,,,,,,,,,,,,,,,,,,,,,,,,,,,,,,,,,,,,,,,,,,,,,,,,,,,,,,,,,,,2017
Lanesboro,,,,,,,,,,,,,,,,,,,,,,,,,,,,,,,,,,,,,,,,,,,,,,,,,,,,,,,,,,,,2017
Lee,218,53,,,,,1.0,1.0,,,,,5.0,7.0,37,3,,,154,,,16,3.0,26,,,9.0,,1.0,,,,,,,,30.0,22.0,,6.0,,33,4.0,4.0,11,5.0,,,1.0,,,1.0,1.0,,,3.0,,,,2017
Lenox,165,38,,,,1.0,3.0,,3.0,,1.0,,,7.0,24,2,,,122,,,17,,17,,1.0,7.0,2.0,1.0,,,1.0,,1.0,3.0,1.0,16.0,9.0,,6.0,,34,3.0,3.0,5,4.0,,,,,,,,,,1.0,,,,2017
MA College of Liberal Arts,43,4,,,,,,,,,,,,1.0,1,2,,,36,,,1,,25,1.0,,1.0,,,,,,,,,,1.0,5.0,,,,2,,,3,2.0,,,,,,,1.0,,,,,,,2017
MBTA - Berkshire County,,,,,,,,,,,,,,,,,,,,,,,,,,,,,,,,,,,,,,,,,,,,,,,,,,,,,,,,,,,,2017
Monterey,8,2,,,,,,,,,,,,1.0,1,,,,5,,,,,,,,1.0,1.0,,,,,,,,,,,,,,3,,,1,,,,,,,,,,,1.0,,,,2017
Mount Washington,,,,,,,,,,,,,,,,,,,,,,,,,,,,,,,,,,,,,,,,,,,,,,,,,,,,,,,,,,,,2017
New Ashford,,,,,,,,,,,,,,,,,,,,,,,,,,,,,,,,,,,,,,,,,,,,,,,,,,,,,,,,,,,,2017
New Marlboro,,,,,,,,,,,,,,,,,,,,,,,,,,,,,,,,,,,,,,,,,,,,,,,,,,,,,,,,,,,,2017
North Adams,"1,242",446,,,,3.0,15.0,12.0,3.0,,1.0,1.0,9.0,167.0,196,54,,,733,2.0,,121,12.0,222,2.0,1.0,42.0,6.0,5.0,,,,,11.0,4.0,2.0,66.0,49.0,,,,172,6.0,10.0,63,50.0,,,,,,6.0,,1.0,,6.0,,,,2017
Otis,,,,,,,,,,,,,,,,,,,,,,,,,,,,,,,,,,,,,,,,,,,,,,,,,,,,,,,,,,,,2017
Peru,,,,,,,,,,,,,,,,,,,,,,,,,,,,,,,,,,,,,,,,,,,,,,,,,,,,,,,,,,,,2017
Pittsfield,"3,155","1,079",4.0,,,7.0,52.0,31.0,21.0,,34.0,,21.0,282.0,571,108,,,"1,837",5.0,1.0,405,26.0,460,4.0,,92.0,15.0,43.0,,,,,43.0,23.0,12.0,151.0,101.0,,66.0,15.0,315,41.0,19.0,239,130.0,,,,,,18.0,6.0,5.0,,80.0,,,,2017
Richmond,,,,,,,,,,,,,,,,,,,,,,,,,,,,,,,,,,,,,,,,,,,,,,,,,,,,,,,,,,,,2017
Sandisfield,,,,,,,,,,,,,,,,,,,,,,,,,,,,,,,,,,,,,,,,,,,,,,,,,,,,,,,,,,,,2017
Savoy,,,,,,,,,,,,,,,,,,,,,,,,,,,,,,,,,,,,,,,,,,,,,,,,,,,,,,,,,,,,2017
Sheffield,,,,,,,,,,,,,,,,,,,,,,,,,,,,,,,,,,,,,,,,,,,,,,,,,,,,,,,,,,,,2017
Stockbridge,85,27,,,,,3.0,3.0,,,6.0,1.0,1.0,2.0,8,6,,,52,,,12,1.0,9,,,2.0,,,,,,,,,,1.0,7.0,,3.0,,16,1.0,,6,2.0,,,,,,1.0,,,,3.0,,,,2017
Tyringham,,,,,,,,,,,,,,,,,,,,,,,,,,,,,,,,,,,,,,,,,,,,,,,,,,,,,,,,,,,,2017
Washington,,,,,,,,,,,,,,,,,,,,,,,,,,,,,,,,,,,,,,,,,,,,,,,,,,,,,,,,,,,,2017
West Stockbridge,,,,,,,,,,,,,,,,,,,,,,,,,,,,,,,,,,,,,,,,,,,,,,,,,,,,,,,,,,,,2017
Williamstown,222,33,,,,,4.0,4.0,,,4.0,1.0,5.0,6.0,12,1,,,181,1.0,,6,2.0,28,1.0,,7.0,1.0,1.0,,,,,,,,,42.0,,2.0,,87,1.0,2.0,8,5.0,,,,,,2.0,,,,1.0,,,,2017
Windsor,,,,,,,,,,,,,,,,,,,,,,,,,,,,,,,,,,,,,,,,,,,,,,,,,,,,,,,,,,,,2017
Acushnet,283,80,,,,1.0,4.0,1.0,3.0,,3.0,3.0,2.0,25.0,25,16,1.0,,195,,,29,2.0,55,1.0,,10.0,5.0,9.0,,,,,3.0,,,2.0,11.0,,4.0,,50,13.0,1.0,8,5.0,,,,,,,,1.0,,2.0,,,,2017
Attleboro,"1,862",639,1.0,,,5.0,21.0,17.0,2.0,2.0,36.0,,1.0,101.0,388,86,,,"1,117",1.0,,121,33.0,217,9.0,1.0,77.0,18.0,75.0,1.0,23.0,1.0,,20.0,1.0,2.0,115.0,132.0,1.0,92.0,62.0,63,21.0,31.0,106,70.0,2.0,,,,,6.0,,1.0,,27.0,,,,2017
Berkley,93,28,,,,,5.0,5.0,,,,,1.0,6.0,14,2,,,59,,,9,1.0,6,,,4.0,,3.0,,,,,2.0,1.0,,,7.0,,9.0,,11,5.0,1.0,6,4.0,,,,,,,,,,2.0,,,,2017
Bristol Comm College,,,,,,,,,,,,,,,,,,,,,,,,,,,,,,,,,,,,,,,,,,,,,,,,,,,,,,,,,,,,2017
Bristol State Police,,,,,,,,,,,,,,,,,,,,,,,,,,,,,,,,,,,,,,,,,,,,,,,,,,,,,,,,,,,,2017
Bristol State Police Framingham,,,,,,,,,,,,,,,,,,,,,,,,,,,,,,,,,,,,,,,,,,,,,,,,,,,,,,,,,,,,2017
Bristol State Police Middleboro,,,,,,,,,,,,,,,,,,,,,,,,,,,,,,,,,,,,,,,,,,,,,,,,,,,,,,,,,,,,2017
Dartmouth,"1,610",326,,,,1.0,8.0,4.0,4.0,,3.0,,6.0,54.0,174,80,,,"1,226",5.0,,87,19.0,220,6.0,,84.0,17.0,40.0,,,,,11.0,3.0,1.0,250.0,47.0,,77.0,13.0,280,43.0,23.0,58,43.0,,,,,,4.0,2.0,,,9.0,,,,2017
Dighton,126,29,,,,,3.0,3.0,,,1.0,,,4.0,10,11,,,96,,,21,1.0,29,,1.0,11.0,,3.0,,,1.0,,1.0,1.0,1.0,1.0,2.0,,5.0,,12,4.0,2.0,1,1.0,,,,,,,,,,,,,,2017
Easton,454,114,,,,1.0,6.0,5.0,1.0,,3.0,,6.0,28.0,59,11,,,319,,,28,6.0,53,,,25.0,8.0,38.0,,,1.0,,6.0,1.0,,9.0,13.0,,24.0,,94,7.0,6.0,21,10.0,,,,,,1.0,,,,10.0,,,,2017
Fairhaven,864,249,1.0,,,1.0,8.0,6.0,2.0,,,1.0,4.0,30.0,129,72,,3.0,587,,,45,7.0,119,2.0,,37.0,12.0,15.0,,,,,1.0,3.0,1.0,76.0,53.0,,55.0,,140,19.0,2.0,28,20.0,,,,,,4.0,,,,4.0,,,,2017
Fall River,"5,880","2,266",3.0,,,32.0,55.0,52.0,2.0,1.0,57.0,,21.0,658.0,"1,200",240,,,"3,193",29.0,,463,54.0,706,11.0,6.0,175.0,16.0,87.0,,,,,187.0,21.0,13.0,222.0,185.0,,224.0,1.0,479,244.0,70.0,421,253.0,,,1.0,,,14.0,29.0,,,124.0,,,,2017
Freetown,303,69,,,,,4.0,4.0,,,1.0,3.0,2.0,17.0,28,14,,,214,1.0,,31,1.0,53,,,15.0,1.0,17.0,,,,,2.0,,,1.0,21.0,,19.0,,37,13.0,2.0,20,14.0,,,,,,2.0,,,,4.0,,,,2017
Mansfield,738,220,,1.0,,,8.0,7.0,1.0,,1.0,1.0,9.0,29.0,150,21,,,491,,,31,15.0,84,1.0,3.0,40.0,14.0,55.0,,,4.0,,3.0,2.0,1.0,50.0,45.0,,26.0,5.0,95,9.0,8.0,27,20.0,,,,,,1.0,,,,6.0,,,,2017
MBTA - Bristol County,,,,,,,,,,,,,,,,,,,,,,,,,,,,,,,,,,,,,,,,,,,,,,,,,,,,,,,,,,,,2017
New Bedford,"9,309","3,427",8.0,,,26.0,36.0,29.0,7.0,,55.0,1.0,8.0,353.0,"2,194",744,1.0,1.0,"5,245",36.0,,580,76.0,"1,481",,4.0,313.0,35.0,143.0,,,,,241.0,7.0,10.0,409.0,150.0,,323.0,178.0,990,176.0,93.0,637,449.0,,,1.0,,,14.0,49.0,3.0,,121.0,,,,2017
North Attleborough,803,168,,,,1.0,3.0,3.0,,,,,2.0,24.0,132,6,,,619,,,50,8.0,76,7.0,,,28.0,,,20.0,3.0,,,,,155.0,1.0,,97.0,,159,15.0,,16,12.0,,,,,,,,,,4.0,,,,2017
Norton,27,3,,,,,,,,,,,,1.0,1,1,,,23,,,12,,1,,,4.0,,,,,,,,,,,,,1.0,1.0,3,1.0,,1,1.0,,,,,,,,,,,,,,2017
Raynham,454,92,,,,1.0,6.0,5.0,1.0,,,,,26.0,52,7,,,328,,,31,12.0,30,,,33.0,2.0,3.0,,,,,4.0,3.0,,79.0,12.0,,22.0,,85,11.0,1.0,34,25.0,,,,,,,,2.0,,7.0,,,,2017
Rehoboth,252,66,,,,,1.0,,1.0,,,,3.0,9.0,39,14,,,172,1.0,,15,1.0,50,,,7.0,3.0,28.0,,,5.0,,,,1.0,2.0,9.0,,5.0,1.0,29,8.0,7.0,14,5.0,,,,,,6.0,,,,3.0,,,,2017
Seekonk,613,73,,,,,2.0,2.0,,,,,2.0,19.0,37,13,,,464,,,22,14.0,92,3.0,,24.0,14.0,20.0,,,,,6.0,,3.0,45.0,24.0,,12.0,,157,18.0,10.0,76,63.0,,,,,,1.0,3.0,,,9.0,,,,2017
Somerset,568,166,,,,,15.0,11.0,4.0,,7.0,,4.0,18.0,77,45,,,358,1.0,,18,8.0,81,2.0,,29.0,11.0,29.0,,,,,2.0,2.0,,24.0,43.0,,22.0,,66,15.0,5.0,44,31.0,,,2.0,,,6.0,2.0,,,3.0,,,,2017
Stonehill College,,,,,,,,,,,,,,,,,,,,,,,,,,,,,,,,,,,,,,,,,,,,,,,,,,,,,,,,,,,,2017
Swansea,588,136,,,,,2.0,2.0,,,1.0,1.0,5.0,16.0,78,33,,,432,2.0,,34,15.0,72,2.0,,27.0,7.0,9.0,,,,,6.0,,2.0,83.0,31.0,,30.0,1.0,81,22.0,8.0,20,16.0,,,,,,2.0,,,,2.0,,,,2017
Taunton,"1,511",575,,1.0,,5.0,16.0,16.0,,,1.0,,7.0,188.0,306,51,,,798,3.0,,144,14.0,165,1.0,,33.0,4.0,,,,,,29.0,7.0,,51.0,14.0,,51.0,,220,62.0,,138,103.0,,,,,,4.0,2.0,,4.0,25.0,,,,2017
U-Mass Dartmouth,,,,,,,,,,,,,,,,,,,,,,,,,,,,,,,,,,,,,,,,,,,,,,,,,,,,,,,,,,,,2017
Uncategorized,,,,,,,,,,,,,,,,,,,,,,,,,,,,,,,,,,,,,,,,,,,,,,,,,,,,,,,,,,,,2017
Westport,391,80,,,,1.0,7.0,1.0,6.0,,,,2.0,13.0,40,17,,,281,2.0,,35,3.0,69,,1.0,22.0,3.0,12.0,,,,,3.0,1.0,,14.0,12.0,,18.0,,66,17.0,3.0,30,22.0,,,,,,4.0,1.0,,,3.0,,,,2017
Wheaton College,,,,,,,,,,,,,,,,,,,,,,,,,,,,,,,,,,,,,,,,,,,,,,,,,,,,,,,,,,,,2017
Aquinnah,3,1,,,,,,,,,,,,1.0,,,,,2,,,,,,,,,,,,,,,,,,,,,,,2,,,,,,,,,,,,,,,,,,2017
Chilmark,29,7,,,,,,,,,,,,2.0,4,1,,,20,,,1,2.0,2,,,1.0,,,,,,,,,,,1.0,,,,13,,,2,1.0,,,,,,,,,,1.0,,,,2017
Dukes State Police,,,,,,,,,,,,,,,,,,,,,,,,,,,,,,,,,,,,,,,,,,,,,,,,,,,,,,,,,,,,2017
Dukes State Police Middleboro,,,,,,,,,,,,,,,,,,,,,,,,,,,,,,,,,,,,,,,,,,,,,,,,,,,,,,,,,,,,2017
Edgartown,164,47,,,,,2.0,2.0,,,,,,14.0,28,3,,,110,,,11,3.0,27,,,5.0,,,,,,,,1.0,,11.0,4.0,,,,45,3.0,,7,7.0,,,,,,,,,,,,,,2017
Gosnold,,,,,,,,,,,,,,,,,,,,,,,,,,,,,,,,,,,,,,,,,,,,,,,,,,,,,,,,,,,,2017
MBTA - Dukes County,,,,,,,,,,,,,,,,,,,,,,,,,,,,,,,,,,,,,,,,,,,,,,,,,,,,,,,,,,,,2017
Oak Bluffs,210,64,,,,,4.0,4.0,,,,,1.0,12.0,43,4,,,133,,,19,1.0,27,,,8.0,,,,,,,,,,19.0,4.0,,,,53,2.0,,13,11.0,,,,,,,,,,2.0,,,,2017
Tisbury,183,61,,,,,,,,,,,1.0,26.0,21,13,,,114,,,14,2.0,19,,,7.0,,,,,,,,1.0,,11.0,8.0,,2.0,,45,5.0,,8,7.0,,,,,,1.0,,,,,,,,2017
West Tisbury,76,23,,,,,2.0,2.0,,,,,,8.0,12,1,,,51,,,6,1.0,11,,,7.0,,,,,,,,,,,5.0,,,,19,2.0,,2,2.0,,,,,,,,,,,,,,2017
Amesbury,447,133,,,,,6.0,2.0,,4.0,,,,44.0,64,19,,,277,,,12,16.0,65,4.0,,35.0,9.0,7.0,,,,,,1.0,2.0,3.0,15.0,,20.0,,76,4.0,8.0,37,32.0,,,,,,,1.0,,,4.0,,,,2017
Andover,712,131,,,,2.0,5.0,5.0,,,8.0,,,57.0,48,11,,,504,1.0,,25,7.0,105,,1.0,15.0,33.0,3.0,,5.0,37.0,6.0,3.0,,,8.0,18.0,,100.0,11.0,103,23.0,,77,76.0,,,,,,,,,,1.0,,,,2017
Beverly,590,96,,,,,6.0,6.0,,,2.0,,,36.0,31,21,,,462,,,25,4.0,127,,,10.0,33.0,42.0,,4.0,,,6.0,,,8.0,25.0,,37.0,7.0,126,8.0,,32,23.0,6.0,,,,,2.0,,,,1.0,,,,2017
Boxford,90,4,,,,,,,,,,,1.0,,1,2,,,86,,,3,1.0,36,,1.0,7.0,7.0,,,3.0,3.0,1.0,,,,,2.0,,4.0,,18,,,,,,,,,,,,,,,,,,2017
Danvers,"1,087",256,,,,,4.0,3.0,1.0,,9.0,1.0,,37.0,154,51,,,785,2.0,,33,26.0,91,18.0,2.0,44.0,45.0,30.0,,3.0,,,7.0,7.0,1.0,224.0,40.0,,78.0,11.0,86,28.0,9.0,46,28.0,1.0,,,,,4.0,2.0,,,11.0,,,,2017
Endicott College,,,,,,,,,,,,,,,,,,,,,,,,,,,,,,,,,,,,,,,,,,,,,,,,,,,,,,,,,,,,2017
Essex,,,,,,,,,,,,,,,,,,,,,,,,,,,,,,,,,,,,,,,,,,,,,,,,,,,,,,,,,,,,2017
Essex State Police,,,,,,,,,,,,,,,,,,,,,,,,,,,,,,,,,,,,,,,,,,,,,,,,,,,,,,,,,,,,2017
Essex State Police Framingham,,,,,,,,,,,,,,,,,,,,,,,,,,,,,,,,,,,,,,,,,,,,,,,,,,,,,,,,,,,,2017
Georgetown,144,24,,,,,1.0,1.0,,,3.0,,,3.0,16,1,,,104,,,7,3.0,26,,,8.0,8.0,5.0,,,,,,,,2.0,9.0,,17.0,3.0,12,2.0,2.0,16,12.0,,,,,,3.0,,,,1.0,,,,2017
Gloucester,842,331,,,,,4.0,4.0,,,6.0,,1.0,71.0,210,39,,,448,1.0,,19,20.0,115,5.0,,36.0,15.0,21.0,,,1.0,,7.0,9.0,2.0,34.0,31.0,,9.0,,107,7.0,9.0,63,43.0,,,1.0,,,9.0,,1.0,,9.0,,,,2017
Gordon College,,,,,,,,,,,,,,,,,,,,,,,,,,,,,,,,,,,,,,,,,,,,,,,,,,,,,,,,,,,,2017
Groveland,45,10,,,,,4.0,4.0,,,,,,,6,,,,34,,,14,,1,,,,10.0,3.0,,,,,,,,,2.0,,,,3,,1.0,1,,,,,,,,,,,1.0,,,,2017
Hamilton,104,13,,,,,1.0,,1.0,,,,2.0,3.0,4,3,,,84,1.0,,7,2.0,20,1.0,,6.0,4.0,9.0,,,,,,2.0,1.0,,9.0,,8.0,,11,1.0,2.0,7,6.0,,,,,,,,,,,1.0,,,2017
Haverhill,"3,105","1,199",3.0,,,17.0,15.0,15.0,,,,,4.0,347.0,648,165,,,"1,680",4.0,,209,35.0,429,,2.0,105.0,28.0,4.0,,,,,40.0,7.0,,69.0,20.0,,184.0,1.0,411,132.0,,226,176.0,,,,,,6.0,5.0,,,39.0,,,,2017
Ipswich,208,47,,,,1.0,1.0,,1.0,,,,,8.0,35,2,,,151,1.0,,15,4.0,25,1.0,,11.0,8.0,17.0,,,,,,1.0,,3.0,12.0,,6.0,,42,3.0,2.0,10,8.0,,,,,,,,,,2.0,,,,2017
Lawrence,,,,,,,,,,,,,,,,,,,,,,,,,,,,,,,,,,,,,,,,,,,,,,,,,,,,,,,,,,,,2017
Lynn,"4,621","1,484",13.0,,,13.0,29.0,29.0,,,54.0,,9.0,482.0,788,96,,,"2,795",8.0,,304,36.0,689,1.0,3.0,117.0,42.0,30.0,1.0,,,,165.0,34.0,,111.0,56.0,,295.0,6.0,658,239.0,,342,234.0,,,,,,8.0,8.0,1.0,,91.0,,,,2017
Lynnfield,208,29,,,,,,,,,,1.0,,5.0,18,5,,,175,,,5,2.0,20,,,16.0,9.0,14.0,,,,,2.0,,,8.0,8.0,,16.0,,68,6.0,1.0,4,4.0,,,,,,,,,,,,,,2017
Manchester-by-the-sea,73,7,,,,,1.0,1.0,,,,,,1.0,3,2,,,54,,,,,18,,,1.0,,,,15.0,,,,,,2.0,7.0,,3.0,,2,,6.0,12,10.0,1.0,,,,,,,,,1.0,,,,2017
Marblehead,394,90,,,,1.0,4.0,2.0,2.0,,1.0,,2.0,32.0,41,9,,,287,,,26,6.0,72,2.0,,25.0,10.0,,,,1.0,,,,,12.0,19.0,,20.0,,89,2.0,3.0,17,13.0,,,,,,1.0,,,,3.0,,,,2017
MBTA - Essex County,,,,,,,,,,,,,,,,,,,,,,,,,,,,,,,,,,,,,,,,,,,,,,,,,,,,,,,,,,,,2017
Merrimac,66,12,,,,,2.0,1.0,,1.0,,,,,9,1,,,51,,,8,,16,,,1.0,,6.0,,,1.0,,,,,,6.0,,,,11,2.0,,3,3.0,,,,,,,,,,,,,,2017
Merrimack College,,,,,,,,,,,,,,,,,,,,,,,,,,,,,,,,,,,,,,,,,,,,,,,,,,,,,,,,,,,,2017
Methuen,"1,527",251,,,,,,,,,,,,70.0,123,58,,,"1,144",,,82,10.0,198,1.0,,81.0,109.0,29.0,,3.0,,,26.0,,,184.0,,,124.0,13.0,214,65.0,5.0,132,128.0,2.0,,,,,,,,,2.0,,,,2017
Middleton,207,34,1.0,,,1.0,,,,,,,,14.0,11,7,,,171,,,5,35.0,62,,,3.0,,,,,,,,,,1.0,,,7.0,,48,9.0,1.0,2,2.0,,,,,,,,,,,,,,2017
Nahant,81,20,,,,,1.0,1.0,,,,,,10.0,2,7,,,54,1.0,,5,,14,,1.0,3.0,1.0,2.0,,,,,1.0,,,,7.0,,3.0,,10,2.0,4.0,7,4.0,,,,,,,,,,3.0,,,,2017
Newbury,140,43,,,,,3.0,2.0,1.0,,,,4.0,6.0,25,5,,,83,,,12,,15,1.0,1.0,11.0,4.0,8.0,,,,,,,,1.0,5.0,,,,20,2.0,3.0,14,9.0,,,,,,2.0,,,,3.0,,,,2017
Newburyport,594,150,,,,,4.0,3.0,1.0,,1.0,,5.0,20.0,64,56,,,418,,,26,17.0,81,8.0,,25.0,11.0,41.0,,,,,2.0,1.0,1.0,28.0,34.0,,43.0,,85,10.0,5.0,26,17.0,,,,,,4.0,,,,5.0,,,,2017
North Andover,390,86,,,,,4.0,3.0,1.0,,5.0,,1.0,23.0,40,13,,,246,,,19,5.0,37,,,12.0,5.0,12.0,,,,,2.0,,1.0,58.0,17.0,,16.0,,52,9.0,1.0,58,51.0,,,1.0,,,2.0,,,,4.0,,,,2017
North Shore CC,,,,,,,,,,,,,,,,,,,,,,,,,,,,,,,,,,,,,,,,,,,,,,,,,,,,,,,,,,,,2017
North Shore CC,,,,,,,,,,,,,,,,,,,,,,,,,,,,,,,,,,,,,,,,,,,,,,,,,,,,,,,,,,,,2017
North Shore Community College,,,,,,,,,,,,,,,,,,,,,,,,,,,,,,,,,,,,,,,,,,,,,,,,,,,,,,,,,,,,2017
Northern Essex Community College,,,,,,,,,,,,,,,,,,,,,,,,,,,,,,,,,,,,,,,,,,,,,,,,,,,,,,,,,,,,2017
Peabody,"1,620",432,2.0,,,4.0,13.0,7.0,6.0,,4.0,,2.0,124.0,205,78,,,"1,114",,,86,20.0,252,4.0,,66.0,43.0,34.0,,,,,18.0,1.0,5.0,99.0,46.0,,107.0,1.0,266,45.0,21.0,74,63.0,1.0,,,,,,,1.0,,9.0,,,,2017
Rockport,63,27,,,,,3.0,1.0,2.0,,1.0,,1.0,4.0,13,5,,,34,1.0,,,,19,,,2.0,,,,,,,,,1.0,1.0,4.0,,,,6,,,2,1.0,,,,,,,,,,1.0,,,,2017
Rowley,125,37,,,,,2.0,2.0,,,,2.0,3.0,4.0,19,7,,,70,,,4,2.0,10,,1.0,7.0,2.0,3.0,,1.0,,,1.0,1.0,1.0,1.0,2.0,,,,27,4.0,3.0,18,13.0,,,,,,1.0,1.0,,,3.0,,,,2017
Salem,"2,563",703,,,,4.0,19.0,18.0,1.0,,15.0,,,69.0,423,173,,,"1,713",3.0,,115,11.0,455,,,109.0,71.0,37.0,,8.0,5.0,,28.0,1.0,,167.0,105.0,,139.0,13.0,394,51.0,1.0,147,103.0,18.0,,,,,2.0,1.0,,,20.0,3.0,,,2017
Salem State College,,,,,,,,,,,,,,,,,,,,,,,,,,,,,,,,,,,,,,,,,,,,,,,,,,,,,,,,,,,,2017
Salem State University,88,7,,,,,,,,,,,,1.0,6,,,,80,,,7,,29,,1.0,,1.0,,,,,,,,,,,,,,41,1.0,,1,1.0,,,,,,,,,,,,,,2017
Salisbury,447,141,,,,1.0,2.0,2.0,,,2.0,1.0,,29.0,79,27,,,255,1.0,,18,7.0,66,,1.0,21.0,8.0,13.0,,,,,2.0,,,4.0,15.0,,23.0,,50,19.0,7.0,51,46.0,,,,,,,,,,5.0,,,,2017
Saugus,"1,178",218,,,,2.0,5.0,4.0,1.0,,1.0,1.0,6.0,59.0,115,29,,,918,1.0,,42,28.0,202,,1.0,51.0,32.0,48.0,,,1.0,,11.0,2.0,5.0,107.0,17.0,,75.0,2.0,246,36.0,11.0,42,31.0,,,,,,,,,,10.0,1.0,,,2017
Swampscott,396,65,,,,,2.0,2.0,,,2.0,,,11.0,46,4,,,327,,,17,8.0,84,,,28.0,14.0,,,,,,1.0,4.0,,25.0,10.0,,26.0,,105,5.0,,4,2.0,,,,,,1.0,,,,1.0,,,,2017
Topsfield,65,12,,,,,,,,,,,,7.0,5,,,,49,,,6,5.0,13,,,6.0,,,,,,,,,,,,,15.0,,3,,1.0,4,4.0,,,,,,,,,,,,,,2017
Wenham,23,3,,,,,,,,,,,,1.0,1,1,,,20,,,,5.0,4,,,2.0,,,,,,,1.0,,,,,,,,8,,,,,,,,,,,,,,,,,,2017
West Newbury,124,31,,,,,1.0,,1.0,,,,,8.0,11,11,,,84,,,3,4.0,39,,,7.0,2.0,13.0,,,,,,,,,,,1.0,,14,1.0,,9,6.0,,,,,,1.0,,,,2.0,,,,2017
Ashfield,,,,,,,,,,,,,,,,,,,,,,,,,,,,,,,,,,,,,,,,,,,,,,,,,,,,,,,,,,,,2017
Bernardston,65,7,,,,1.0,1.0,1.0,,,,,,,4,1,,,57,,,8,1.0,15,,,5.0,,3.0,,,,,,,,,8.0,,2.0,,14,,1.0,1,1.0,,,,,,,,,,,,,,2017
Buckland,,,,,,,,,,,,,,,,,,,,,,,,,,,,,,,,,,,,,,,,,,,,,,,,,,,,,,,,,,,,2017
Charlemont,,,,,,,,,,,,,,,,,,,,,,,,,,,,,,,,,,,,,,,,,,,,,,,,,,,,,,,,,,,,2017
Colrain,,,,,,,,,,,,,,,,,,,,,,,,,,,,,,,,,,,,,,,,,,,,,,,,,,,,,,,,,,,,2017
Conway,,,,,,,,,,,,,,,,,,,,,,,,,,,,,,,,,,,,,,,,,,,,,,,,,,,,,,,,,,,,2017
Deerfield,164,47,,,,,,,,,,,2.0,11.0,27,7,,,96,,,11,3.0,17,4.0,,9.0,2.0,5.0,,,,,,,,4.0,6.0,,1.0,,31,,3.0,21,16.0,1.0,,,,,,,,,4.0,,,,2017
Erving,170,15,,,,,2.0,2.0,,,,,1.0,2.0,7,3,,,58,,,8,,23,,,5.0,,2.0,,,,,,,,2.0,3.0,,2.0,,9,3.0,1.0,97,84.0,1.0,,,,,2.0,,,,10.0,,,,2017
Franklin State Police,,,,,,,,,,,,,,,,,,,,,,,,,,,,,,,,,,,,,,,,,,,,,,,,,,,,,,,,,,,,2017
Franklin State Police Holden,,,,,,,,,,,,,,,,,,,,,,,,,,,,,,,,,,,,,,,,,,,,,,,,,,,,,,,,,,,,2017
Franklin State Police Northampton,,,,,,,,,,,,,,,,,,,,,,,,,,,,,,,,,,,,,,,,,,,,,,,,,,,,,,,,,,,,2017
Gill,,,,,,,,,,,,,,,,,,,,,,,,,,,,,,,,,,,,,,,,,,,,,,,,,,,,,,,,,,,,2017
Greenfield,940,264,,,,3.0,23.0,18.0,5.0,,2.0,,14.0,77.0,116,29,,,597,6.0,,44,17.0,106,3.0,,30.0,17.0,11.0,,,1.0,,14.0,5.0,3.0,37.0,45.0,,46.0,,195,11.0,6.0,79,72.0,,,,,,1.0,,,,6.0,,,,2017
Greenfield CC,,,,,,,,,,,,,,,,,,,,,,,,,,,,,,,,,,,,,,,,,,,,,,,,,,,,,,,,,,,,2017
Hawley,,,,,,,,,,,,,,,,,,,,,,,,,,,,,,,,,,,,,,,,,,,,,,,,,,,,,,,,,,,,2017
Heath,,,,,,,,,,,,,,,,,,,,,,,,,,,,,,,,,,,,,,,,,,,,,,,,,,,,,,,,,,,,2017
Leverett,22,3,,,,,,,,,,,1.0,,1,1,,,17,,,3,,10,,,,,,,,,,,,,,2.0,,,,2,,,2,1.0,,,,,,,,,,1.0,,,,2017
Leyden,,,,,,,,,,,,,,,,,,,,,,,,,,,,,,,,,,,,,,,,,,,,,,,,,,,,,,,,,,,,2017
MBTA - Franklin County,,,,,,,,,,,,,,,,,,,,,,,,,,,,,,,,,,,,,,,,,,,,,,,,,,,,,,,,,,,,2017
Monroe,,,,,,,,,,,,,,,,,,,,,,,,,,,,,,,,,,,,,,,,,,,,,,,,,,,,,,,,,,,,2017
Montague,382,112,,,,,8.0,5.0,3.0,,,,1.0,56.0,34,13,,,252,,,52,1.0,84,1.0,,19.0,3.0,8.0,,,,,,1.0,1.0,13.0,8.0,,,,50,9.0,2.0,18,15.0,,,,,,2.0,,,,1.0,,,,2017
New Salem,,,,,,,,,,,,,,,,,,,,,,,,,,,,,,,,,,,,,,,,,,,,,,,,,,,,,,,,,,,,2017
Northfield,102,22,,,,,,,,,,,,6.0,7,9,,,69,1.0,,8,1.0,34,,1.0,3.0,,1.0,,,,,,3.0,,3.0,6.0,,1.0,,6,,1.0,11,9.0,,,,,,2.0,,,,,,,,2017
Orange,278,105,,,,,1.0,1.0,,,,2.0,4.0,22.0,67,9,,,156,1.0,,38,1.0,35,,,7.0,,1.0,,,,,,,,23.0,7.0,,,,36,4.0,3.0,17,13.0,,,,,,3.0,1.0,,,,,,,2017
Rowe,,,,,,,,,,,,,,,,,,,,,,,,,,,,,,,,,,,,,,,,,,,,,,,,,,,,,,,,,,,,2017
Shelburne,30,3,,,,,,,,,,,,,3,,,,26,,,5,,8,,,,,1.0,,,,,,,,,,,,,10,2.0,,1,1.0,,,,,,,,,,,,,,2017
Shutesbury,,,,,,,,,,,,,,,,,,,,,,,,,,,,,,,,,,,,,,,,,,,,,,,,,,,,,,,,,,,,2017
Sunderland,81,25,,,,,2.0,1.0,1.0,,1.0,,,2.0,12,8,,,55,,,11,1.0,10,1.0,,4.0,1.0,3.0,,,2.0,,2.0,,,,7.0,,,,10,2.0,1.0,1,1.0,,,,,,,,,,,,,,2017
Warwick,,,,,,,,,,,,,,,,,,,,,,,,,,,,,,,,,,,,,,,,,,,,,,,,,,,,,,,,,,,,2017
Wendell,,,,,,,,,,,,,,,,,,,,,,,,,,,,,,,,,,,,,,,,,,,,,,,,,,,,,,,,,,,,2017
Whately,38,5,,,,,,,,,,,,1.0,,4,,,31,,,9,,8,,,1.0,1.0,4.0,,,,,,,,,3.0,,,,4,1.0,,2,,,,,,,,,1.0,,1.0,,,,2017
Agawam,"1,191",294,,,,1.0,3.0,3.0,,,1.0,,8.0,54.0,182,44,,1.0,865,3.0,,179,19.0,154,1.0,2.0,45.0,18.0,51.0,,,,,9.0,,,31.0,35.0,,6.0,3.0,256,39.0,14.0,32,18.0,1.0,,,,,5.0,,,,8.0,,,,2017
Blandford,,,,,,,,,,,,,,,,,,,,,,,,,,,,,,,,,,,,,,,,,,,,,,,,,,,,,,,,,,,,2017
Brimfield,57,20,,,,,,,,,1.0,,,7.0,8,4,,,35,,,8,1.0,10,,,3.0,,3.0,,,,,,,,,2.0,,,,8,,,2,1.0,,,,,,,,,,1.0,,,,2017
Chester,,,,,,,,,,,,,,,,,,,,,,,,,,,,,,,,,,,,,,,,,,,,,,,,,,,,,,,,,,,,2017
Chicopee,"3,601","1,258",3.0,,,19.0,36.0,33.0,3.0,,33.0,1.0,11.0,191.0,702,262,,,"2,204",,,307,47.0,416,8.0,,127.0,20.0,96.0,,,,,60.0,1.0,8.0,135.0,112.0,,156.0,92.0,457,139.0,23.0,139,85.0,,,,,,13.0,1.0,,,40.0,,,,2017
East Longmeadow,611,119,,,,1.0,5.0,1.0,4.0,,,1.0,3.0,17.0,70,22,,,467,2.0,,51,5.0,89,3.0,1.0,29.0,14.0,13.0,,,,,3.0,1.0,2.0,46.0,31.0,,25.0,1.0,129,14.0,8.0,25,17.0,,,,,,1.0,,,,7.0,,,,2017
Granville,,,,,,,,,,,,,,,,,,,,,,,,,,,,,,,,,,,,,,,,,,,,,,,,,,,,,,,,,,,,2017
Hampden,100,16,,,,,,,,,,,,6.0,9,1,,,79,,,4,,22,,,3.0,1.0,5.0,,,,,,,,,3.0,,12.0,,21,8.0,,5,3.0,,,,,,1.0,,,,1.0,,,,2017
Hampden State Police,,,,,,,,,,,,,,,,,,,,,,,,,,,,,,,,,,,,,,,,,,,,,,,,,,,,,,,,,,,,2017
Hampden State Police Northampton,,,,,,,,,,,,,,,,,,,,,,,,,,,,,,,,,,,,,,,,,,,,,,,,,,,,,,,,,,,,2017
Hampden State Police Weston,,,,,,,,,,,,,,,,,,,,,,,,,,,,,,,,,,,,,,,,,,,,,,,,,,,,,,,,,,,,2017
Holland,66,12,,,,,,,,,,,,1.0,6,5,,,49,,,7,2.0,16,1.0,,3.0,1.0,2.0,,,,,,,,1.0,2.0,,4.0,,9,1.0,,5,4.0,,,,,,,,,,1.0,,,,2017
Holyoke,"5,235","1,421",4.0,,,8.0,32.0,32.0,,,,1.0,,306.0,751,319,,,"3,186",9.0,,307,31.0,795,,,5.0,64.0,,,,,,99.0,1.0,1.0,420.0,4.0,,215.0,6.0,"1,049",113.0,67.0,628,542.0,,,,,,8.0,1.0,,,77.0,,,,2017
Holyoke Community College,37,12,,,,,,,,,,,,2.0,6,4,,,21,,,1,,8,,,,,,,,,,,1.0,,,1.0,,2.0,,7,1.0,,4,4.0,,,,,,,,,,,,,,2017
Longmeadow,324,27,,,,,2.0,2.0,,,1.0,,4.0,2.0,8,10,,,292,,,34,9.0,41,1.0,,28.0,6.0,35.0,,,,,2.0,1.0,1.0,12.0,32.0,,29.0,,46,8.0,7.0,5,4.0,,,,,,,,,,1.0,,,,2017
Ludlow,671,148,,,,2.0,2.0,2.0,,,2.0,,1.0,46.0,69,26,,,464,1.0,,45,24.0,96,4.0,,42.0,7.0,41.0,,,,,4.0,2.0,1.0,33.0,20.0,,26.0,2.0,88,25.0,3.0,59,43.0,,,,,,5.0,,,,11.0,,,,2017
MBTA - Hampden County,,,,,,,,,,,,,,,,,,,,,,,,,,,,,,,,,,,,,,,,,,,,,,,,,,,,,,,,,,,,2017
Monson,268,81,,,,,3.0,1.0,2.0,,1.0,,3.0,26.0,38,9,1.0,,145,1.0,,29,2.0,43,1.0,,11.0,1.0,3.0,,,,,2.0,1.0,1.0,2.0,14.0,,,,24,5.0,5.0,42,31.0,,,,,,1.0,2.0,,,8.0,,,,2017
Montgomery,,,,,,,,,,,,,,,,,,,,,,,,,,,,,,,,,,,,,,,,,,,,,,,,,,,,,,,,,,,,2017
Palmer,558,234,,,,1.0,4.0,3.0,,1.0,,,3.0,40.0,154,32,,,259,,,35,11.0,75,,,15.0,4.0,12.0,,,2.0,,3.0,,1.0,9.0,9.0,,12.0,2.0,55,10.0,4.0,65,49.0,,,,,,5.0,,,,11.0,,,,2017
Russell,,,,,,,,,,,,,,,,,,,,,,,,,,,,,,,,,,,,,,,,,,,,,,,,,,,,,,,,,,,,2017
Southwick,214,46,,,,,3.0,3.0,,,,1.0,1.0,8.0,25,8,,,145,,,23,7.0,50,1.0,,3.0,1.0,4.0,,,,,,1.0,,5.0,7.0,,,,38,2.0,3.0,23,15.0,,,,,,2.0,,,,6.0,,,,2017
Springfield,"15,096","5,819",14.0,,,61.0,78.0,56.0,14.0,8.0,79.0,2.0,13.0,897.0,"3,110","1,565",,,"8,200",37.0,1.0,"1,152",158.0,"2,081",43.0,13.0,200.0,210.0,227.0,,19.0,2.0,,382.0,51.0,2.0,329.0,754.0,17.0,796.0,366.0,734,533.0,93.0,"1,077",616.0,,,,,,23.0,24.0,3.0,34.0,377.0,,,,2017
Springfield College,,,,,,,,,,,,,,,,,,,,,,,,,,,,,,,,,,,,,,,,,,,,,,,,,,,,,,,,,,,,2017
Springfield Technical Community College,45,9,,,,,,,,,,,,,5,4,,,36,,,1,1.0,7,,,,,,,,,,,,,1.0,9.0,,,,15,1.0,1.0,,,,,,,,,,,,,,,,2017
Tolland,,,,,,,,,,,,,,,,,,,,,,,,,,,,,,,,,,,,,,,,,,,,,,,,,,,,,,,,,,,,2017
Wales,12,1,,,,,1.0,1.0,,,,,,,,,,,11,,,3,,2,,,2.0,,1.0,,,,,,,,,1.0,,,,1,,1.0,,,,,,,,,,,,,,,,2017
West Springfield,"2,363",425,1.0,,,11.0,23.0,21.0,2.0,,10.0,,6.0,131.0,198,44,,1.0,"1,787",5.0,,123,40.0,323,15.0,,90.0,19.0,62.0,,,,,21.0,6.0,2.0,332.0,108.0,,139.0,,404,70.0,28.0,151,132.0,,,,,,4.0,,1.0,,14.0,,,,2017
Western New England Coll,,,,,,,,,,,,,,,,,,,,,,,,,,,,,,,,,,,,,,,,,,,,,,,,,,,,,,,,,,,,2017
Western New England University,,,,,,,,,,,,,,,,,,,,,,,,,,,,,,,,,,,,,,,,,,,,,,,,,,,,,,,,,,,,2017
Westfield,"1,346",353,,1.0,,1.0,22.0,19.0,3.0,,8.0,,,71.0,211,39,,,955,3.0,,99,23.0,161,,,39.0,22.0,60.0,,,,,15.0,,12.0,49.0,345.0,,71.0,5.0,6,32.0,13.0,38,27.0,,,,,,6.0,,,,5.0,,,,2017
Westfield State College,183,38,,,,,3.0,3.0,,,,,,5.0,26,4,,,95,,,2,,53,,,4.0,,,,,,,,,,,13.0,,4.0,,18,1.0,,50,45.0,1.0,,,,,1.0,,,,3.0,,,,2017
Wilbraham,409,88,,,,,4.0,4.0,,,2.0,,4.0,7.0,46,25,,,290,1.0,,31,3.0,41,2.0,,19.0,3.0,18.0,,,1.0,,2.0,,1.0,50.0,13.0,,20.0,2.0,61,13.0,9.0,31,29.0,,,,,,1.0,,,,1.0,,,,2017
Amherst,688,194,,,,,20.0,18.0,2.0,,3.0,,10.0,79.0,74,8,,,452,3.0,,57,5.0,104,2.0,,20.0,3.0,23.0,,,,,3.0,,2.0,47.0,26.0,,19.0,,125,7.0,6.0,42,30.0,,,,,,3.0,1.0,,,8.0,,,,2017
Amherst College,,,,,,,,,,,,,,,,,,,,,,,,,,,,,,,,,,,,,,,,,,,,,,,,,,,,,,,,,,,,2017
Belchertown,268,65,,,,,5.0,3.0,,2.0,1.0,1.0,4.0,18.0,31,5,,,179,,,23,6.0,43,1.0,,10.0,7.0,6.0,,,,,2.0,,,7.0,20.0,,10.0,,38,4.0,2.0,24,16.0,,,,,,5.0,,,,3.0,,,,2017
Chesterfield,10,,,,,,,,,,,,,,,,,,10,,,3,,4,,,,,,,,,,,,,,1.0,,,,2,,,,,,,,,,,,,,,,,,2017
Cummington,,,,,,,,,,,,,,,,,,,,,,,,,,,,,,,,,,,,,,,,,,,,,,,,,,,,,,,,,,,,2017
Easthampton,453,115,,,,1.0,5.0,4.0,1.0,,,,8.0,33.0,61,7,,,314,1.0,,34,4.0,74,1.0,2.0,21.0,2.0,12.0,,,,,3.0,2.0,,8.0,20.0,,29.0,,83,11.0,7.0,24,16.0,,,1.0,,,2.0,,,,5.0,,,,2017
Goshen,11,1,,,,,,,,,,,,1.0,,,,,10,,,4,,2,,,,,1.0,,,,,,,,,,,1.0,,2,,,,,,,,,,,,,,,,,,2017
Granby,104,27,,,,,1.0,1.0,,,,,,9.0,16,1,,,73,,,9,1.0,22,,1.0,2.0,2.0,7.0,,,,,,1.0,,3.0,8.0,,,,11,4.0,2.0,4,2.0,,,,,,,,,,2.0,,,,2017
Hadley,293,58,,,,,2.0,1.0,1.0,,1.0,,,13.0,20,22,,,228,2.0,,11,8.0,36,1.0,,23.0,4.0,8.0,,,,,2.0,,7.0,40.0,10.0,,15.0,,53,6.0,2.0,7,5.0,,,,,,1.0,,,,1.0,,,,2017
Hampshire College,81,8,,,,,2.0,2.0,,,,,,1.0,3,2,,,71,1.0,,6,,32,,,2.0,,,,,,,,,,,19.0,,,,11,,,2,,1.0,,,,,,,,,1.0,,,,2017
Hampshire College,,,,,,,,,,,,,,,,,,,,,,,,,,,,,,,,,,,,,,,,,,,,,,,,,,,,,,,,,,,,2017
Hampshire State Police,,,,,,,,,,,,,,,,,,,,,,,,,,,,,,,,,,,,,,,,,,,,,,,,,,,,,,,,,,,,2017
Hampshire State Police Northampton,,,,,,,,,,,,,,,,,,,,,,,,,,,,,,,,,,,,,,,,,,,,,,,,,,,,,,,,,,,,2017
Hatfield,57,7,,,,,2.0,1.0,1.0,,,,,1.0,4,,,,46,,,7,3.0,14,,,1.0,,5.0,,,,,,,1.0,1.0,5.0,,1.0,,6,1.0,1.0,4,1.0,,,,,,1.0,,,,2.0,,,,2017
Huntington,,,,,,,,,,,,,,,,,,,,,,,,,,,,,,,,,,,,,,,,,,,,,,,,,,,,,,,,,,,,2017
MBTA - Hampshire County,,,,,,,,,,,,,,,,,,,,,,,,,,,,,,,,,,,,,,,,,,,,,,,,,,,,,,,,,,,,2017
Middlefield,,,,,,,,,,,,,,,,,,,,,,,,,,,,,,,,,,,,,,,,,,,,,,,,,,,,,,,,,,,,2017
Mt. Holyoke College,,,,,,,,,,,,,,,,,,,,,,,,,,,,,,,,,,,,,,,,,,,,,,,,,,,,,,,,,,,,2017
Mt. Holyoke College,58,6,,,,,1.0,1.0,,,,,,,2,3,,,51,,,,1.0,12,,,8.0,10.0,1.0,,1.0,,,,,,,10.0,,,,8,,,1,1.0,,,,,,,,,,,,,,2017
Northampton,"1,516",502,,,,7.0,30.0,12.0,18.0,,12.0,,4.0,115.0,297,37,,,921,3.0,,76,24.0,161,12.0,1.0,62.0,19.0,35.0,,,,,21.0,4.0,2.0,143.0,132.0,,68.0,12.0,117,15.0,14.0,93,71.0,1.0,,,,,10.0,3.0,,,8.0,,,,2017
Pelham,10,2,,,,,,,,,,,,,1,1,,,6,,,1,,,1.0,,2.0,,2.0,,,,,,,,,,,,,,,,2,2.0,,,,,,,,,,,,,,2017
Plainfield,,,,,,,,,,,,,,,,,,,,,,,,,,,,,,,,,,,,,,,,,,,,,,,,,,,,,,,,,,,,2017
Smith College,57,4,,,,,1.0,1.0,,,,,,,2,1,,,53,,,8,,5,,,,,1.0,,,,,,,,,12.0,,,,27,,,,,,,,,,,,,,,,,,2017
Smith College,,,,,,,,,,,,,,,,,,,,,,,,,,,,,,,,,,,,,,,,,,,,,,,,,,,,,,,,,,,,2017
South Hadley,552,139,,,,,2.0,2.0,,,,1.0,2.0,21.0,77,36,,,393,1.0,,52,7.0,67,,1.0,34.0,2.0,36.0,,,,,4.0,,,27.0,22.0,,38.0,1.0,88,8.0,5.0,20,14.0,,,,,,2.0,,,,4.0,,,,2017
Southampton,118,26,,,,,3.0,1.0,2.0,,,,3.0,8.0,8,4,,,89,1.0,,13,6.0,21,1.0,2.0,5.0,6.0,1.0,,,1.0,,,,,8.0,2.0,,6.0,,11,5.0,,3,1.0,,,,,,2.0,,,,,,,,2017
U-Mass Amherst,307,41,,,,,6.0,6.0,,,1.0,,,8.0,19,7,,,258,1.0,,18,4.0,56,,,9.0,5.0,2.0,,,,,,2.0,,,20.0,,1.0,,129,4.0,7.0,8,8.0,,,,,,,,,,,,,,2017
Ware,503,142,,,,,,,,,,,2.0,40.0,94,6,,,315,2.0,,19,4.0,71,2.0,,16.0,4.0,9.0,,,1.0,,5.0,1.0,,76.0,12.0,,3.0,,79,8.0,3.0,46,37.0,,,,,,2.0,,,,7.0,,,,2017
Westhampton,,,,,,,,,,,,,,,,,,,,,,,,,,,,,,,,,,,,,,,,,,,,,,,,,,,,,,,,,,,,2017
Williamsburg,10,1,,,,,,,,,,,,,,1,,,9,,,4,,,,,1.0,,,,,,,,,,,,,,,4,,,,,,,,,,,,,,,,,,2017
Worthington,,,,,,,,,,,,,,,,,,,,,,,,,,,,,,,,,,,,,,,,,,,,,,,,,,,,,,,,,,,,2017
Acton,487,110,,,,,1.0,1.0,,,,,,21.0,70,18,,,370,1.0,,33,5.0,60,5.0,2.0,63.0,28.0,30.0,,,2.0,,1.0,1.0,,12.0,23.0,,31.0,2.0,67,3.0,1.0,7,4.0,,,,,,3.0,,,,,,,,2017
Arlington,718,186,,,,1.0,7.0,6.0,1.0,,1.0,,,24.0,99,54,,,498,,,80,9.0,106,2.0,1.0,45.0,8.0,50.0,,,,,7.0,2.0,,28.0,29.0,,44.0,5.0,61,18.0,3.0,34,19.0,,,,,,6.0,,1.0,,8.0,,,,2017
Ashby,,,,,,,,,,,,,,,,,,,,,,,,,,,,,,,,,,,,,,,,,,,,,,,,,,,,,,,,,,,,2017
Ashland,297,71,,,,,5.0,5.0,,,1.0,,2.0,13.0,27,23,,,215,1.0,,11,8.0,46,1.0,,21.0,6.0,33.0,,,,,1.0,,,5.0,20.0,,6.0,,45,8.0,3.0,11,10.0,,,,,,1.0,,,,,,,,2017
Ayer,258,80,,,,2.0,1.0,1.0,,,2.0,1.0,1.0,19.0,46,8,,,157,,,22,2.0,37,,,20.0,4.0,2.0,,,1.0,,3.0,,1.0,7.0,7.0,,4.0,,44,1.0,2.0,21,11.0,,,,,,2.0,3.0,,,5.0,,,,2017
Bedford,126,23,,,,,1.0,1.0,,,3.0,,2.0,4.0,12,1,,,94,,,9,3.0,16,2.0,,4.0,4.0,,,,,,4.0,,,10.0,7.0,,11.0,,19,3.0,2.0,9,9.0,,,,,,,,,,,,,,2017
Belmont,408,50,,,,,4.0,4.0,,,,,,6.0,31,9,,,354,,,85,6.0,34,,1.0,38.0,1.0,50.0,,,,,3.0,1.0,,3.0,13.0,,,,110,9.0,,4,1.0,,,,,,,,,,3.0,,,,2017
Bentley College,156,19,,,,,3.0,3.0,,,,,,1.0,7,8,,,104,2.0,,6,6.0,38,,,2.0,2.0,,,2.0,,,,,,,24.0,,6.0,1.0,14,1.0,,33,14.0,18.0,,,,,,,,,1.0,,,,2017
Billerica,788,146,1.0,,,1.0,5.0,5.0,,,2.0,,2.0,26.0,83,26,,,515,2.0,,52,14.0,130,,,29.0,37.0,,1.0,7.0,34.0,7.0,8.0,,1.0,19.0,38.0,,51.0,25.0,43,16.0,1.0,127,64.0,45.0,,,,,3.0,1.0,,,11.0,3.0,,,2017
Boston and Maine Railroad Police Dept,,,,,,,,,,,,,,,,,,,,,,,,,,,,,,,,,,,,,,,,,,,,,,,,,,,,,,,,,,,,2017
Boston College,,,,,,,,,,,,,,,,,,,,,,,,,,,,,,,,,,,,,,,,,,,,,,,,,,,,,,,,,,,,2017
Boston College(Old ORI pre-2011),,,,,,,,,,,,,,,,,,,,,,,,,,,,,,,,,,,,,,,,,,,,,,,,,,,,,,,,,,,,2017
Boxborough,94,33,,,,,3.0,2.0,1.0,,,,1.0,15.0,10,4,,,46,,,3,1.0,9,1.0,,5.0,1.0,5.0,,,,,,,,,5.0,,,,13,3.0,,15,6.0,,,,,,,6.0,,,3.0,,,,2017
Brandeis University,,,,,,,,,,,,,,,,,,,,,,,,,,,,,,,,,,,,,,,,,,,,,,,,,,,,,,,,,,,,2017
Brandeis University,,,,,,,,,,,,,,,,,,,,,,,,,,,,,,,,,,,,,,,,,,,,,,,,,,,,,,,,,,,,2017
Burlington,921,149,,,,1.0,7.0,2.0,5.0,,4.0,,8.0,41.0,49,39,,,745,1.0,,26,16.0,100,3.0,,50.0,26.0,27.0,,,,,5.0,,3.0,169.0,43.0,,31.0,3.0,212,12.0,18.0,27,14.0,,,,,,1.0,6.0,2.0,,4.0,,,,2017
Cambridge,"4,509","1,090",2.0,,,1.0,17.0,15.0,2.0,,,,2.0,202.0,612,254,,,"3,301",3.0,,253,82.0,427,1.0,9.0,253.0,80.0,184.0,,,,,101.0,86.0,1.0,229.0,177.0,,261.0,26.0,981,95.0,52.0,118,74.0,,,,,,6.0,9.0,1.0,,28.0,,,,2017
Carlisle,52,8,,,,,1.0,,1.0,,,,1.0,2.0,4,,,,40,,,2,2.0,6,,,3.0,1.0,14.0,,,2.0,,,,,,6.0,,,,3,,1.0,4,3.0,,,1.0,,,,,,,,,,,2017
Chelmsford,904,135,,,,,3.0,3.0,,,6.0,,3.0,37.0,58,28,,,756,1.0,,48,7.0,117,,1.0,6.0,29.0,46.0,,30.0,,,5.0,,2.0,216.0,28.0,,64.0,5.0,109,26.0,16.0,13,11.0,,,,,,2.0,,,,,,,,2017
Concord,248,54,,,,,,,,,,,,14.0,24,16,,,186,,,9,9.0,25,1.0,3.0,15.0,9.0,9.0,,,,,,,,16.0,15.0,,15.0,,51,1.0,8.0,8,4.0,,,,,,,,,,4.0,,,,2017
Dracut,744,170,,,,1.0,4.0,3.0,1.0,,1.0,,,33.0,103,28,,,559,,,64,6.0,112,1.0,,26.0,33.0,33.0,,,17.0,,4.0,,,17.0,44.0,,103.0,14.0,63,20.0,2.0,15,9.0,,,,,,,,,,6.0,,,,2017
Dunstable,63,8,,,,,,,,,,,1.0,1.0,5,1,,,49,,,6,,16,,,5.0,1.0,2.0,,,,,1.0,,,,5.0,,,,8,2.0,3.0,6,3.0,,,,,,,,,,3.0,,,,2017
Everett,"1,737",357,2.0,,,2.0,18.0,18.0,,,10.0,,6.0,112.0,112,95,,,"1,252",2.0,,121,12.0,304,,3.0,17.0,135.0,3.0,,4.0,55.0,,30.0,,2.0,99.0,19.0,,145.0,4.0,215,73.0,9.0,128,49.0,25.0,,,,,2.0,,,,52.0,,,,2017
Framingham,"2,104",600,,,,4.0,14.0,7.0,,7.0,5.0,,2.0,203.0,362,10,,,"1,369",2.0,,137,23.0,358,,,4.0,47.0,93.0,,,,,20.0,18.0,,99.0,26.0,,152.0,,296,68.0,26.0,135,108.0,1.0,,,,,2.0,4.0,,,20.0,,,,2017
Framingham SC,,,,,,,,,,,,,,,,,,,,,,,,,,,,,,,,,,,,,,,,,,,,,,,,,,,,,,,,,,,,2017
Framingham State University,,,,,,,,,,,,,,,,,,,,,,,,,,,,,,,,,,,,,,,,,,,,,,,,,,,,,,,,,,,,2017
Groton,108,22,4.0,,,,1.0,1.0,,,5.0,,1.0,1.0,2,8,,,80,1.0,,6,2.0,17,1.0,,7.0,2.0,10.0,,,,,,,,8.0,6.0,,6.0,,14,,,6,5.0,,,,,,1.0,,,,,,,,2017
Harvard University,,,,,,,,,,,,,,,,,,,,,,,,,,,,,,,,,,,,,,,,,,,,,,,,,,,,,,,,,,,,2017
Holliston,96,29,,,,,1.0,,,1.0,,,,7.0,20,1,,,61,,,2,3.0,15,,,2.0,2.0,3.0,,,,,2.0,,,1.0,5.0,,3.0,,22,,1.0,6,5.0,,,,,,,,,,1.0,,,,2017
Hopkinton,167,50,,,,,,,,,,,,,46,4,,,107,,,2,,30,1.0,1.0,6.0,3.0,1.0,,,6.0,,,,,2.0,6.0,,11.0,2.0,36,,,10,8.0,,,,,,,,,,2.0,,,,2017
Hudson,312,56,,,,,2.0,,,2.0,,,,4.0,4,46,,,255,1.0,,21,1.0,55,,,8.0,37.0,,,,,,1.0,,,,75.0,,22.0,1.0,31,2.0,,1,1.0,,,,,,,,,,,,,,2017
Lasell College,,,,,,,,,,,,,,,,,,,,,,,,,,,,,,,,,,,,,,,,,,,,,,,,,,,,,,,,,,,,2017
Lexington,246,30,,,,,2.0,2.0,,,2.0,,,12.0,3,11,,,213,1.0,,20,3.0,36,1.0,,14.0,16.0,9.0,,6.0,,,,,,5.0,13.0,,27.0,,61,,1.0,3,2.0,1.0,,,,,,,,,,,,,2017
Lincoln,102,23,,,,,,,,,2.0,,,2.0,14,5,,,75,,,5,2.0,7,,1.0,4.0,8.0,,,,10.0,1.0,,,,2.0,13.0,,7.0,,13,,2.0,4,4.0,,,,,,,,,,,,,,2017
Littleton,181,44,,,,,2.0,2.0,,,,,3.0,9.0,24,6,,,133,,,21,5.0,27,1.0,,13.0,5.0,3.0,,,,,,,3.0,2.0,11.0,,3.0,,34,4.0,1.0,4,2.0,,,,,,1.0,,,,1.0,,,,2017
Lowell,"6,138","2,019",1.0,,,14.0,14.0,13.0,1.0,,21.0,,3.0,164.0,"1,590",212,,,"3,676",10.0,,478,58.0,865,9.0,,70.0,109.0,76.0,,30.0,1.0,,144.0,4.0,6.0,186.0,34.0,,427.0,140.0,603,360.0,66.0,443,250.0,,,,,,9.0,32.0,,20.0,132.0,,,,2017
Malden,"1,819",535,1.0,,,7.0,7.0,7.0,,,15.0,,1.0,169.0,299,36,,,"1,229",,,116,23.0,267,,,75.0,26.0,,,,,,35.0,14.0,,88.0,31.0,,183.0,2.0,293,76.0,,55,31.0,,,,,,2.0,1.0,1.0,,20.0,,,,2017
Marlborough,"1,848",538,,,,8.0,16.0,8.0,8.0,,21.0,,4.0,129.0,264,96,,,"1,231",4.0,,69,29.0,277,4.0,2.0,104.0,46.0,82.0,,,,1.0,8.0,1.0,2.0,72.0,45.0,,91.0,4.0,346,32.0,12.0,79,59.0,,,,,,4.0,,,,16.0,,,,2017
Maynard,220,69,,,,1.0,3.0,3.0,,,,,3.0,18.0,31,13,,,130,,,8,8.0,40,,,10.0,3.0,11.0,,,,,,,,1.0,5.0,,4.0,,37,3.0,,21,9.0,,,1.0,,,2.0,6.0,,,3.0,,,,2017
MBTA - Middlesex County,,,,,,,,,,,,,,,,,,,,,,,,,,,,,,,,,,,,,,,,,,,,,,,,,,,,,,,,,,,,2017
Medford,"1,464",375,,,,3.0,5.0,5.0,,,,,2.0,72.0,242,51,,,"1,050",1.0,,116,29.0,209,,,77.0,,,,,,,14.0,12.0,,31.0,21.0,,170.0,3.0,304,63.0,,39,34.0,,,2.0,,,,,,,3.0,,,,2017
Melrose,475,102,,,,3.0,1.0,1.0,,,1.0,,,20.0,64,13,,,367,3.0,,24,1.0,95,,,26.0,4.0,4.0,,,,,3.0,,1.0,5.0,29.0,,52.0,,96,19.0,5.0,6,5.0,,,,,,,,,,1.0,,,,2017
Middlesex State Police,,,,,,,,,,,,,,,,,,,,,,,,,,,,,,,,,,,,,,,,,,,,,,,,,,,,,,,,,,,,2017
Middlesex State Police Framingham,,,,,,,,,,,,,,,,,,,,,,,,,,,,,,,,,,,,,,,,,,,,,,,,,,,,,,,,,,,,2017
Middlesex State Police Holden,,,,,,,,,,,,,,,,,,,,,,,,,,,,,,,,,,,,,,,,,,,,,,,,,,,,,,,,,,,,2017
Middlesex State Police Weston,,,,,,,,,,,,,,,,,,,,,,,,,,,,,,,,,,,,,,,,,,,,,,,,,,,,,,,,,,,,2017
MIT,328,28,,,,,3.0,3.0,,,,,,5.0,14,6,,,297,,,15,,23,,4.0,16.0,,,,,,,1.0,3.0,,1.0,22.0,,,,211,1.0,,3,1.0,,,,,,,,,,2.0,,,,2017
Mount IDA College,,,,,,,,,,,,,,,,,,,,,,,,,,,,,,,,,,,,,,,,,,,,,,,,,,,,,,,,,,,,2017
Natick,969,189,,,,2.0,4.0,4.0,,,5.0,,5.0,33.0,105,35,,,767,1.0,,46,14.0,138,10.0,1.0,55.0,22.0,12.0,,,,,2.0,3.0,4.0,32.0,123.0,,54.0,6.0,215,14.0,15.0,13,9.0,,,,,,3.0,,,,1.0,,,,2017
Newton,"1,252",277,,,,1.0,5.0,5.0,,,12.0,,,39.0,164,56,,,941,2.0,,88,21.0,160,10.0,,91.0,53.0,4.0,,9.0,,,5.0,4.0,,69.0,130.0,1.0,122.0,9.0,138,18.0,7.0,34,20.0,,,,,,4.0,3.0,,,7.0,,,,2017
North Reading,179,41,,,,,6.0,1.0,5.0,,,,,13.0,14,8,,,117,,,6,5.0,16,,,9.0,3.0,7.0,,,,,5.0,2.0,2.0,8.0,3.0,,11.0,,29,7.0,4.0,21,16.0,,,,,,,,1.0,,4.0,,,,2017
Pepperell,330,99,,,,,2.0,2.0,,,1.0,1.0,,12.0,58,25,,,212,1.0,,20,7.0,67,1.0,,25.0,4.0,22.0,,,,,1.0,,,4.0,15.0,,10.0,,26,7.0,2.0,19,6.0,,,1.0,,,4.0,,,,8.0,,,,2017
Reading,427,66,,,,1.0,2.0,2.0,,,3.0,,,4.0,29,27,,,342,,,26,4.0,86,,1.0,22.0,41.0,5.0,,8.0,,,2.0,,2.0,17.0,54.0,,32.0,1.0,38,3.0,,19,9.0,8.0,,,,,,,,,2.0,,,,2017
Regis College,,,,,,,,,,,,,,,,,,,,,,,,,,,,,,,,,,,,,,,,,,,,,,,,,,,,,,,,,,,,2017
Regis College,,,,,,,,,,,,,,,,,,,,,,,,,,,,,,,,,,,,,,,,,,,,,,,,,,,,,,,,,,,,2017
Regis College,,,,,,,,,,,,,,,,,,,,,,,,,,,,,,,,,,,,,,,,,,,,,,,,,,,,,,,,,,,,2017
Sherborn,46,13,,,,,1.0,,1.0,,,,,5.0,2,5,,,28,,,,2.0,7,,,5.0,,5.0,,,,,,,,,6.0,,,,3,,,5,4.0,,,,,,,,,,1.0,,,,2017
Shirley,136,49,1.0,,,,3.0,3.0,,,,2.0,1.0,11.0,24,7,,,83,1.0,,4,1.0,31,,,1.0,1.0,1.0,,,,,1.0,,,,6.0,,3.0,,29,2.0,2.0,4,4.0,,,,,,,,,,,,,,2017
Somerville,"2,114",450,1.0,,,5.0,16.0,16.0,,,24.0,,,137.0,240,27,,,"1,564",5.0,,175,32.0,237,1.0,2.0,88.0,45.0,,,,,,41.0,21.0,,147.0,67.0,,179.0,1.0,432,91.0,,100,67.0,,,,,,4.0,,2.0,,27.0,,,,2017
Stoneham,503,113,,,,1.0,1.0,1.0,,,2.0,,,25.0,74,10,,,369,,,74,15.0,53,,,42.0,3.0,22.0,,,,,1.0,,,24.0,10.0,,2.0,,106,10.0,7.0,21,20.0,,,,,,,,,,1.0,,,,2017
Stow,93,24,,,,,,,,,,1.0,1.0,5.0,13,4,,,66,,,7,5.0,5,2.0,,8.0,3.0,9.0,,1.0,,,,,,1.0,1.0,,1.0,,16,5.0,2.0,3,1.0,,,,,,1.0,,,,1.0,,,,2017
Sudbury,205,40,,,,3.0,1.0,1.0,,,1.0,,4.0,10.0,14,7,,,148,,,14,3.0,26,,,12.0,10.0,21.0,,,,,,,,,13.0,,17.0,,28,2.0,2.0,17,12.0,,,,,,2.0,,,,3.0,,,,2017
Tewksbury,"1,052",292,,,,3.0,23.0,20.0,2.0,1.0,4.0,,4.0,52.0,166,40,,,655,2.0,,52,18.0,111,6.0,1.0,62.0,24.0,42.0,,,,,10.0,1.0,7.0,54.0,36.0,,38.0,,150,21.0,20.0,105,87.0,,,,,,5.0,3.0,,,9.0,1.0,,,2017
Townsend,112,14,,,,,3.0,3.0,,,1.0,,1.0,5.0,,4,,,98,1.0,,27,2.0,8,,,14.0,8.0,,,,,,,,,9.0,,,,,28,1.0,,,,,,,,,,,,,,,,,2017
Tufts University Medford,99,14,,,,,1.0,1.0,,,1.0,,,3.0,5,4,,,82,,,4,,29,,,3.0,,,,,,,1.0,1.0,,,26.0,,1.0,,17,,,3,2.0,,,,,,1.0,,,,,,,,2017
Tufts University prior 01/01/2015,,,,,,,,,,,,,,,,,,,,,,,,,,,,,,,,,,,,,,,,,,,,,,,,,,,,,,,,,,,,2017
Tufts University since 01/01/2015,,,,,,,,,,,,,,,,,,,,,,,,,,,,,,,,,,,,,,,,,,,,,,,,,,,,,,,,,,,,2017
Tyngsborough,313,84,,,,,,,,,,1.0,,8.0,51,24,,,196,1.0,,18,4.0,68,2.0,,13.0,3.0,5.0,,,,1.0,,,,1.0,4.0,,3.0,1.0,62,6.0,4.0,33,24.0,,,,,,1.0,,,,8.0,,,,2017
U-Mass Lowell,,,,,,,,,,,,,,,,,,,,,,,,,,,,,,,,,,,,,,,,,,,,,,,,,,,,,,,,,,,,2017
Wakefield,664,144,,,,1.0,5.0,3.0,2.0,,5.0,2.0,4.0,38.0,68,21,,,445,,,38,16.0,94,1.0,,27.0,12.0,54.0,,,2.0,,4.0,1.0,3.0,6.0,39.0,,40.0,,87,9.0,12.0,75,62.0,,,,,,2.0,3.0,1.0,,7.0,,,,2017
Waltham,"1,558",434,1.0,,,3.0,16.0,16.0,,,,,1.0,68.0,292,53,,,"1,003",2.0,,118,21.0,195,,1.0,134.0,2.0,1.0,,,,,14.0,4.0,,38.0,11.0,,77.0,3.0,338,44.0,,121,41.0,,,,,,3.0,,,,77.0,,,,2017
Watertown,845,192,,,,1.0,5.0,5.0,,,7.0,,3.0,23.0,117,36,,,620,,,37,10.0,94,3.0,3.0,49.0,37.0,51.0,,2.0,,,6.0,,4.0,93.0,38.0,,46.0,20.0,104,16.0,7.0,33,24.0,,,,,,3.0,,,,4.0,2.0,,,2017
Wayland,12,2,,,,,,,,,,,,2.0,,,,,9,,,5,,,,,,,,,,,,,,,,,,1.0,,,3.0,,1,1.0,,,,,,,,,,,,,,2017
Westford,230,36,,,,2.0,1.0,1.0,,,2.0,,,8.0,12,11,,,162,1.0,,14,6.0,37,1.0,,12.0,4.0,10.0,,,1.0,,2.0,,,4.0,13.0,,6.0,,38,5.0,8.0,32,23.0,,,,,,3.0,,,,6.0,,,,2017
Weston,95,16,,,,,3.0,3.0,,,,,3.0,2.0,3,5,,,75,,,8,2.0,15,1.0,,5.0,7.0,5.0,,,,,,,,,3.0,,6.0,,21,2.0,,4,4.0,,,,,,,,,,,,,,2017
Wilmington,514,94,,,,1.0,4.0,2.0,2.0,,,,1.0,24.0,36,28,,,393,,,26,17.0,83,2.0,,45.0,18.0,14.0,,,,,6.0,1.0,1.0,10.0,32.0,,24.0,,92,8.0,14.0,27,19.0,,,,,,,1.0,,,7.0,,,,2017
Winchester,184,20,,,,,1.0,1.0,,,,,,7.0,7,5,,,158,1.0,,18,3.0,29,,,,,,,,,,1.0,,,6.0,11.0,,18.0,,68,2.0,1.0,6,4.0,,,,,,,,,,2.0,,,,2017
Woburn,"1,054",244,,,,1.0,4.0,4.0,,,3.0,,4.0,56.0,149,27,,,732,,,40,15.0,147,5.0,2.0,46.0,24.0,24.0,,5.0,,,5.0,2.0,4.0,69.0,62.0,,62.0,4.0,167,41.0,8.0,78,45.0,2.0,,,,,2.0,18.0,4.0,,7.0,,,,2017
MBTA - Nantucket County,,,,,,,,,,,,,,,,,,,,,,,,,,,,,,,,,,,,,,,,,,,,,,,,,,,,,,,,,,,,2017
Nantucket,661,121,,,,,7.0,6.0,1.0,,5.0,,,40.0,67,2,,,497,5.0,,36,2.0,171,,,10.0,19.0,6.0,,7.0,,,,,,9.0,40.0,,32.0,,142,16.0,2.0,43,36.0,6.0,,,,,,,,,1.0,,,,2017
Nantucket State Police,,,,,,,,,,,,,,,,,,,,,,,,,,,,,,,,,,,,,,,,,,,,,,,,,,,,,,,,,,,,2017
Avon,,,,,,,,,,,,,,,,,,,,,,,,,,,,,,,,,,,,,,,,,,,,,,,,,,,,,,,,,,,,2017
Babson College,,,,,,,,,,,,,,,,,,,,,,,,,,,,,,,,,,,,,,,,,,,,,,,,,,,,,,,,,,,,2017
Bellingham,740,144,,,,1.0,4.0,3.0,1.0,,5.0,,,21.0,82,31,,,540,,,16,4.0,90,5.0,1.0,44.0,14.0,21.0,,,,,3.0,1.0,1.0,96.0,21.0,,45.0,1.0,156,8.0,13.0,56,48.0,1.0,,,,,1.0,,,,6.0,,,,2017
Braintree,"1,247",276,,,,2.0,2.0,2.0,,,5.0,,,41.0,188,38,,,867,,,45,14.0,79,,,6.0,72.0,9.0,,2.0,3.0,,5.0,64.0,1.0,284.0,42.0,,129.0,9.0,67,36.0,,104,73.0,18.0,,,,,2.0,2.0,,1.0,8.0,,,,2017
Brookline,"1,015",185,,,,2.0,4.0,4.0,,,11.0,,,32.0,129,7,,,828,1.0,,91,8.0,74,,2.0,24.0,13.0,3.0,,6.0,1.0,,12.0,4.0,,81.0,213.0,,107.0,18.0,155,12.0,3.0,2,1.0,,,,,,,,,,1.0,,,,2017
Canton,460,139,,,,1.0,8.0,5.0,3.0,,,,1.0,75.0,39,15,,,302,,,22,6.0,77,3.0,,22.0,8.0,16.0,,,,,8.0,1.0,2.0,13.0,43.0,,18.0,1.0,52,5.0,5.0,19,14.0,1.0,,,,,,,,,4.0,,,,2017
Cohasset,186,30,,,,,3.0,1.0,2.0,,1.0,,,3.0,15,8,,,150,,,20,3.0,42,,,6.0,4.0,15.0,,1.0,1.0,,,,,2.0,20.0,,,,33,,3.0,6,3.0,,,,,,,,,,3.0,,,,2017
Curry College,,,,,,,,,,,,,,,,,,,,,,,,,,,,,,,,,,,,,,,,,,,,,,,,,,,,,,,,,,,,2017
Dean College,41,9,,,,,,,,,,,,,9,,,,32,,,13,,5,,,,,,,,,,1.0,,,,11.0,,,,2,,,,,,,,,,,,,,,,,,2017
Dedham,626,43,,,,,2.0,2.0,,,,,1.0,2.0,38,,,,580,,,15,4.0,97,7.0,,7.0,27.0,,,2.0,,3.0,6.0,,2.0,156.0,6.0,,77.0,,156,15.0,,3,2.0,,,,,,,,,,1.0,,,,2017
Dover,53,8,,,,,,,,,,,,1.0,5,2,,,43,,,1,,6,,,5.0,2.0,10.0,,,1.0,,,,1.0,,1.0,,3.0,1.0,10,2.0,,2,2.0,,,,,,,,,,,,,,2017
Foxborough,648,211,1.0,,,,4.0,4.0,,,,1.0,,40.0,127,37,1.0,,379,1.0,,46,12.0,77,1.0,,33.0,12.0,27.0,,,4.0,,,1.0,,29.0,20.0,,3.0,1.0,90,13.0,9.0,58,50.0,,,,,,1.0,,,,7.0,,,,2017
Franklin,176,85,,,,,,,,,1.0,,,8.0,75,1,,,84,,,20,1.0,6,,,,2.0,,,,,,1.0,,,7.0,1.0,,18.0,,25,3.0,,7,4.0,,,,,,1.0,,,,2.0,,,,2017
Holbrook,373,104,,,,3.0,3.0,2.0,1.0,,2.0,,6.0,27.0,56,7,,,245,1.0,1.0,15,12.0,52,1.0,,13.0,2.0,6.0,,,,,9.0,1.0,,11.0,18.0,,35.0,,54,8.0,6.0,24,20.0,,,,,,1.0,1.0,,,2.0,,,,2017
Mass Bay Community College,,,,,,,,,,,,,,,,,,,,,,,,,,,,,,,,,,,,,,,,,,,,,,,,,,,,,,,,,,,,2017
MBTA - Norfolk County,,,,,,,,,,,,,,,,,,,,,,,,,,,,,,,,,,,,,,,,,,,,,,,,,,,,,,,,,,,,2017
Medfield,,,,,,,,,,,,,,,,,,,,,,,,,,,,,,,,,,,,,,,,,,,,,,,,,,,,,,,,,,,,2017
Medway,106,23,,,,,2.0,2.0,,,1.0,,,4.0,16,,,,80,,,12,,12,,,2.0,,9.0,,,,,,,,1.0,1.0,,6.0,1.0,32,4.0,,3,,,,,,,3.0,,,,,,,,2017
Millis,75,41,,,,,,,,,,,1.0,12.0,21,7,,,27,,,3,1.0,7,1.0,,1.0,1.0,1.0,,,,,,,,,4.0,,1.0,,5,1.0,1.0,7,5.0,,,,,,,,,,2.0,,,,2017
Milton,302,31,,,,,1.0,1.0,,,1.0,,,7.0,20,2,,,265,,,58,,43,,,,,,,,,,7.0,,,3.0,26.0,,54.0,,63,11.0,,6,6.0,,,,,,,,,,,,,,2017
Mt. Ida College,,,,,,,,,,,,,,,,,,,,,,,,,,,,,,,,,,,,,,,,,,,,,,,,,,,,,,,,,,,,2017
Needham,475,52,1.0,,,,2.0,2.0,,,2.0,,,6.0,30,11,,,401,1.0,,6,16.0,58,3.0,1.0,32.0,23.0,66.0,,,,,,1.0,3.0,13.0,32.0,,12.0,1.0,127,2.0,4.0,22,17.0,,,,,,2.0,,,,3.0,,,,2017
Norfolk,95,11,,,,,1.0,1.0,,,,,,,9,1,,,80,1.0,,7,3.0,9,,,7.0,3.0,,,3.0,16.0,3.0,,,,1.0,6.0,,15.0,,5,1.0,,4,3.0,,,,,,,,,,1.0,,,,2017
Norfolk State Police,,,,,,,,,,,,,,,,,,,,,,,,,,,,,,,,,,,,,,,,,,,,,,,,,,,,,,,,,,,,2017
Norfolk State Police Framingham,,,,,,,,,,,,,,,,,,,,,,,,,,,,,,,,,,,,,,,,,,,,,,,,,,,,,,,,,,,,2017
Norfolk State Police Middleboro,,,,,,,,,,,,,,,,,,,,,,,,,,,,,,,,,,,,,,,,,,,,,,,,,,,,,,,,,,,,2017
Norwood,910,207,,,,1.0,4.0,3.0,1.0,,4.0,,,36.0,125,37,,,640,,,26,23.0,142,12.0,,50.0,27.0,50.0,,,,,2.0,1.0,,21.0,66.0,,44.0,20.0,123,23.0,10.0,63,53.0,,,,,,2.0,1.0,,,7.0,,,,2017
Plainville,233,37,,,,,1.0,1.0,,,,,,10.0,23,3,,,191,,,16,2.0,39,,,,15.0,5.0,,3.0,,,,,,25.0,36.0,,29.0,6.0,10,5.0,,5,4.0,,,,,,,,,,1.0,,,,2017
Quincy,"3,762","1,090",,1.0,,12.0,24.0,21.0,3.0,,16.0,,3.0,302.0,421,311,,,"2,470",6.0,,323,88.0,287,8.0,7.0,83.0,124.0,127.0,1.0,4.0,,,65.0,24.0,,184.0,134.0,,275.0,68.0,553,90.0,19.0,202,157.0,,,,,,8.0,6.0,,,31.0,,,,2017
Randolph,"1,278",387,1.0,,,,10.0,8.0,,2.0,5.0,,,90.0,212,69,,,774,,,94,20.0,185,,1.0,10.0,41.0,1.0,,6.0,,,20.0,,2.0,68.0,32.0,,52.0,8.0,195,39.0,,117,68.0,32.0,,,,,,,,,17.0,,,,2017
Sharon,221,47,,,,2.0,3.0,1.0,2.0,,,,1.0,10.0,23,8,,,157,,,4,5.0,46,,,13.0,6.0,33.0,,,,,4.0,1.0,,6.0,9.0,,2.0,,24,2.0,2.0,17,10.0,2.0,,,,,,,,,5.0,,,,2017
Stoughton,"1,076",347,,,,4.0,9.0,1.0,1.0,7.0,2.0,,7.0,87.0,169,69,,,667,4.0,,31,16.0,134,,,48.0,22.0,1.0,,,1.0,,10.0,7.0,3.0,67.0,32.0,,33.0,,217,27.0,14.0,62,47.0,,,,,,3.0,1.0,1.0,,10.0,,,,2017
Walpole,748,224,,,,2.0,10.0,8.0,2.0,,5.0,,1.0,47.0,127,32,,,468,,,29,13.0,72,6.0,,40.0,19.0,34.0,,1.0,,,2.0,2.0,,49.0,28.0,,27.0,2.0,122,13.0,9.0,56,46.0,,,,,,3.0,,,,7.0,,,,2017
Wellesley,334,37,,,,,1.0,1.0,,,1.0,,1.0,8.0,13,13,,,276,,,16,14.0,42,1.0,,19.0,19.0,35.0,,,,,3.0,1.0,,10.0,9.0,,3.0,,88,5.0,11.0,21,17.0,,,,,,,,,,4.0,,,,2017
Wellesley College,,,,,,,,,,,,,,,,,,,,,,,,,,,,,,,,,,,,,,,,,,,,,,,,,,,,,,,,,,,,2017
Westwood,359,52,,,,,6.0,4.0,2.0,,,,3.0,12.0,19,12,,,285,,,10,11.0,39,,1.0,21.0,6.0,19.0,,,3.0,,1.0,,,62.0,24.0,,20.0,3.0,60,2.0,3.0,22,17.0,,,,,,2.0,,,,3.0,,,,2017
Weymouth,"1,599",406,1.0,,,4.0,16.0,13.0,3.0,,9.0,,10.0,115.0,176,75,,,"1,056",2.0,1.0,69,26.0,234,3.0,3.0,70.0,20.0,44.0,,,,,19.0,2.0,8.0,101.0,88.0,,115.0,1.0,195,34.0,21.0,137,125.0,,,,,,5.0,,,,7.0,,,,2017
Wrentham,309,41,,,,,,,,,,,,8.0,32,1,,,260,,,14,7.0,6,3.0,1.0,6.0,10.0,1.0,,1.0,16.0,,,,,122.0,1.0,,5.0,,55,9.0,3.0,8,6.0,,,,,,,,,,2.0,,,,2017
Abington,439,121,,,,,4.0,4.0,,,,,7.0,23.0,70,17,,,279,,,26,7.0,63,,,19.0,4.0,8.0,,,3.0,,6.0,1.0,3.0,37.0,12.0,,3.0,,69,12.0,6.0,39,34.0,,,,,,4.0,,,,1.0,,,,2017
Bridgewater,484,133,,,,2.0,11.0,9.0,2.0,,,,3.0,66.0,45,6,,,310,,,21,11.0,70,2.0,,21.0,3.0,20.0,,,,,2.0,1.0,1.0,9.0,29.0,,18.0,1.0,77,16.0,8.0,41,32.0,,,,,,1.0,,,,8.0,,,,2017
Bridgewater State University,110,42,,,,1.0,8.0,6.0,2.0,,,,,8.0,14,11,,,58,,,4,3.0,11,,,3.0,2.0,,,,,,1.0,,,1.0,14.0,,,,16,,3.0,10,8.0,,,,,,,,,,2.0,,,,2017
Brockton,"6,337","2,363",8.0,,,19.0,94.0,87.0,7.0,,38.0,,24.0,651.0,"1,277",249,2.0,1.0,"3,531",16.0,1.0,342,63.0,904,10.0,2.0,91.0,41.0,125.0,,,1.0,,175.0,20.0,5.0,105.0,74.0,,311.0,5.0,815,391.0,34.0,443,260.0,,,2.0,,,10.0,20.0,1.0,,150.0,,,,2017
Carver,331,93,,,,,5.0,5.0,,,,1.0,1.0,19.0,43,24,,,224,1.0,,26,3.0,60,1.0,,13.0,3.0,10.0,,,,,1.0,2.0,1.0,2.0,10.0,,33.0,,55,2.0,1.0,14,10.0,,,,,,1.0,,,,3.0,,,,2017
Duxbury,242,39,,,,,2.0,2.0,,,,,5.0,6.0,18,8,,,195,,,23,4.0,37,1.0,1.0,21.0,2.0,20.0,,,,,1.0,3.0,,,13.0,,33.0,,32,4.0,,8,5.0,,,,,,,,,,3.0,,,,2017
East Bridgewater,401,86,,,,,2.0,2.0,,,,1.0,3.0,15.0,54,11,,,297,1.0,,16,4.0,97,,,30.0,5.0,19.0,,,1.0,,,1.0,2.0,1.0,18.0,,31.0,,62,5.0,4.0,18,9.0,,,,,,5.0,,,,4.0,,,,2017
Halifax,183,37,,,,,,,,,,,1.0,6.0,19,11,,,138,,,13,5.0,42,,,4.0,2.0,9.0,,,1.0,,,,,12.0,9.0,,11.0,1.0,26,2.0,1.0,8,3.0,,,,,,2.0,2.0,1.0,,,,,,2017
Hanover,239,13,,,,,,,,,,,,5.0,4,4,,,221,1.0,,10,3.0,42,,,10.0,45.0,7.0,1.0,2.0,,,,,,31.0,17.0,,4.0,3.0,29,7.0,9.0,5,5.0,,,,,,,,,,,,,,2017
Hanson,216,72,,,,,5.0,4.0,1.0,,3.0,,5.0,12.0,41,6,,,129,1.0,,16,4.0,46,,,9.0,3.0,11.0,,,,,1.0,,,4.0,6.0,,4.0,,20,2.0,2.0,15,10.0,,,,,,2.0,,,,3.0,,,,2017
Hingham,505,93,,,,,1.0,1.0,,,,,,12.0,58,22,,,390,2.0,,54,6.0,65,,3.0,17.0,18.0,20.0,,,,,1.0,6.0,,28.0,32.0,,2.0,1.0,125,7.0,3.0,22,19.0,,,,,,1.0,,,,2.0,,,,2017
Hull,342,96,1.0,,,,10.0,5.0,5.0,,1.0,,3.0,16.0,57,8,,,204,,,12,5.0,102,,,8.0,2.0,4.0,,,,,2.0,,,4.0,13.0,,,,44,7.0,1.0,42,34.0,,,,,,1.0,,,,7.0,,,,2017
Kingston,374,81,,,,,3.0,3.0,,,2.0,,4.0,24.0,37,11,,,279,1.0,,30,4.0,54,1.0,1.0,28.0,7.0,10.0,,,,,3.0,,1.0,14.0,17.0,,26.0,,76,5.0,1.0,14,11.0,,,,,,1.0,,,1.0,1.0,,,,2017
Lakeville,213,35,,,,,5.0,5.0,,,,,3.0,11.0,15,1,,,142,1.0,,27,,31,,,,4.0,,,,,,3.0,,,4.0,,,16.0,,49,6.0,1.0,36,27.0,,,,,,1.0,,2.0,,5.0,1.0,,,2017
Marion,144,31,,,,,,,,,,,,8.0,10,13,,,107,,,16,3.0,25,,1.0,11.0,1.0,5.0,,,,,,,,2.0,9.0,,4.0,,24,5.0,1.0,6,5.0,,,,,,,,,,1.0,,,,2017
Marshfield,293,83,,,,1.0,5.0,4.0,1.0,,,,2.0,24.0,36,15,,,189,2.0,,15,4.0,64,2.0,,12.0,2.0,7.0,,,,,2.0,2.0,,7.0,15.0,,8.0,,44,3.0,,21,19.0,,,,,,,,,,2.0,,,,2017
Massasoit Community College,46,13,,,,,,,,,1.0,,,4.0,2,6,,,29,,,,,7,,,3.0,,,,,,,,2.0,,,7.0,,2.0,,7,,1.0,4,1.0,,,,,,1.0,,,,2.0,,,,2017
Mattapoisett,151,26,,,,,2.0,1.0,1.0,,,,1.0,9.0,7,7,,,118,,,13,4.0,30,,,16.0,6.0,1.0,,,,,,,,,8.0,,10.0,,24,2.0,4.0,7,3.0,1.0,,,,,3.0,,,,,,,,2017
MBTA - Plymouth County,,,,,,,,,,,,,,,,,,,,,,,,,,,,,,,,,,,,,,,,,,,,,,,,,,,,,,,,,,,,2017
Middleborough,834,283,,,,2.0,17.0,11.0,6.0,,7.0,,9.0,69.0,138,41,,,505,2.0,,37,16.0,119,2.0,2.0,39.0,23.0,21.0,,1.0,,,3.0,4.0,4.0,18.0,31.0,,32.0,1.0,117,24.0,9.0,46,27.0,,,,,,8.0,2.0,,,9.0,,,,2017
Norwell,86,17,,,,,1.0,1.0,,,2.0,,,2.0,3,9,,,64,,,6,3.0,13,,,1.0,1.0,,,,3.0,,,,,2.0,,,,,33,2.0,,5,3.0,,,,,,1.0,,,,1.0,,,,2017
Pembroke,304,80,,,,,2.0,,2.0,,1.0,2.0,,10.0,53,12,,,205,1.0,,11,7.0,45,,,15.0,12.0,10.0,,,,,,1.0,,30.0,10.0,,10.0,1.0,43,6.0,3.0,19,15.0,,,,,,1.0,,,,3.0,,,,2017
Plymouth,"1,532",432,1.0,,,4.0,21.0,13.0,7.0,1.0,12.0,,13.0,120.0,206,54,1.0,,"1,010",,,82,15.0,215,1.0,,58.0,47.0,28.0,,,1.0,,10.0,6.0,3.0,128.0,78.0,,88.0,2.0,206,26.0,16.0,90,69.0,,,1.0,,,6.0,1.0,1.0,,12.0,,,,2017
Plymouth State Police,,,,,,,,,,,,,,,,,,,,,,,,,,,,,,,,,,,,,,,,,,,,,,,,,,,,,,,,,,,,2017
Plymouth State Police Middleboro,,,,,,,,,,,,,,,,,,,,,,,,,,,,,,,,,,,,,,,,,,,,,,,,,,,,,,,,,,,,2017
Plympton,46,10,,,,,1.0,1.0,,,,,,3.0,5,1,,,34,,,6,,10,,,2.0,1.0,4.0,,,,,,,,,4.0,,1.0,,5,1.0,,2,2.0,,,,,,,,,,,,,,2017
Rochester,133,45,,,,,,,,,2.0,1.0,1.0,9.0,20,12,,,81,,,13,6.0,20,,,4.0,1.0,4.0,,,,,,,,,1.0,,8.0,,21,2.0,1.0,7,3.0,,,,,,2.0,,,,2.0,,,,2017
Rockland,,,,,,,,,,,,,,,,,,,,,,,,,,,,,,,,,,,,,,,,,,,,,,,,,,,,,,,,,,,,2017
Scituate,226,57,,,,1.0,1.0,,1.0,,,,4.0,12.0,28,11,,,159,1.0,,10,2.0,39,1.0,,3.0,2.0,10.0,,,,,,1.0,1.0,4.0,28.0,,14.0,,38,4.0,1.0,10,9.0,,,,,,,,,,1.0,,,,2017
Wareham,"1,109",324,,,,3.0,10.0,6.0,4.0,,2.0,1.0,7.0,114.0,148,39,,,725,2.0,,77,20.0,146,6.0,1.0,49.0,7.0,17.0,,,3.0,,6.0,4.0,5.0,45.0,68.0,,6.0,,212,25.0,26.0,60,43.0,1.0,,,,,3.0,,,,13.0,,,,2017
West Bridgewater,262,46,1.0,,,,1.0,1.0,,,,,1.0,18.0,22,3,,,187,,,12,9.0,32,1.0,1.0,23.0,6.0,7.0,,,,,1.0,,,9.0,9.0,,13.0,,48,8.0,8.0,29,23.0,,,,,,1.0,1.0,,,4.0,,,,2017
Whitman,345,100,,,,,3.0,3.0,,,1.0,,2.0,22.0,63,9,,,215,1.0,,15,5.0,68,2.0,1.0,18.0,8.0,5.0,,,,,,2.0,,13.0,8.0,,15.0,,43,5.0,6.0,30,24.0,,,,,,,,,,6.0,,,,2017
Berklee College of Music,,,,,,,,,,,,,,,,,,,,,,,,,,,,,,,,,,,,,,,,,,,,,,,,,,,,,,,,,,,,2017
Beth Israel Deaconess Med Ctr,,,,,,,,,,,,,,,,,,,,,,,,,,,,,,,,,,,,,,,,,,,,,,,,,,,,,,,,,,,,2017
Boston,,,,,,,,,,,,,,,,,,,,,,,,,,,,,,,,,,,,,,,,,,,,,,,,,,,,,,,,,,,,2017
Boston College(Old ORI),,,,,,,,,,,,,,,,,,,,,,,,,,,,,,,,,,,,,,,,,,,,,,,,,,,,,,,,,,,,2017
Boston University,620,81,,,,1.0,9.0,9.0,,,6.0,,,5.0,23,37,,,522,,,23,2.0,67,,,52.0,,,,,,,3.0,5.0,,12.0,32.0,1.0,17.0,,295,2.0,11.0,17,13.0,,,,,,,,,,4.0,,,,2017
Bunker Hill Community College,,,,,,,,,,,,,,,,,,,,,,,,,,,,,,,,,,,,,,,,,,,,,,,,,,,,,,,,,,,,2017
"Capitol PD, Boston",,,,,,,,,,,,,,,,,,,,,,,,,,,,,,,,,,,,,,,,,,,,,,,,,,,,,,,,,,,,2017
Chelsea,"2,716","1,168",3.0,1.0,,14.0,33.0,32.0,1.0,,42.0,,5.0,181.0,654,235,,,"1,401",2.0,,99,30.0,384,5.0,3.0,78.0,42.0,56.0,,,,,108.0,18.0,4.0,139.0,121.0,,117.0,43.0,57,75.0,20.0,147,82.0,2.0,,,,,7.0,14.0,,,42.0,,,,2017
Emerson College,,,,,,,,,,,,,,,,,,,,,,,,,,,,,,,,,,,,,,,,,,,,,,,,,,,,,,,,,,,,2017
Emerson College,,,,,,,,,,,,,,,,,,,,,,,,,,,,,,,,,,,,,,,,,,,,,,,,,,,,,,,,,,,,2017
Environmental Police,71,9,,1.0,,,,,,,,,,7.0,1,,,,36,1.0,,3,1.0,13,,,,,,,,,,1.0,,1.0,1.0,1.0,,,,5,2.0,7.0,26,6.0,,,,,,,,,,20.0,,,,2017
Fisher College,,,,,,,,,,,,,,,,,,,,,,,,,,,,,,,,,,,,,,,,,,,,,,,,,,,,,,,,,,,,2017
Fisher College,,,,,,,,,,,,,,,,,,,,,,,,,,,,,,,,,,,,,,,,,,,,,,,,,,,,,,,,,,,,2017
Mass College of Art,,,,,,,,,,,,,,,,,,,,,,,,,,,,,,,,,,,,,,,,,,,,,,,,,,,,,,,,,,,,2017
Mass General Hospital,,,,,,,,,,,,,,,,,,,,,,,,,,,,,,,,,,,,,,,,,,,,,,,,,,,,,,,,,,,,2017
MBTA,,,,,,,,,,,,,,,,,,,,,,,,,,,,,,,,,,,,,,,,,,,,,,,,,,,,,,,,,,,,2017
MBTA - Suffolk County,,,,,,,,,,,,,,,,,,,,,,,,,,,,,,,,,,,,,,,,,,,,,,,,,,,,,,,,,,,,2017
MCPHS University,,,,,,,,,,,,,,,,,,,,,,,,,,,,,,,,,,,,,,,,,,,,,,,,,,,,,,,,,,,,2017
Northeastern U,,,,,,,,,,,,,,,,,,,,,,,,,,,,,,,,,,,,,,,,,,,,,,,,,,,,,,,,,,,,2017
Northeastern University,,,,,,,,,,,,,,,,,,,,,,,,,,,,,,,,,,,,,,,,,,,,,,,,,,,,,,,,,,,,2017
Revere,"2,620",768,2.0,,,7.0,16.0,13.0,3.0,,14.0,,3.0,190.0,355,179,1.0,1.0,"1,727",1.0,,138,37.0,372,5.0,3.0,80.0,19.0,69.0,,,,,42.0,10.0,7.0,279.0,55.0,,70.0,12.0,391,108.0,29.0,125,87.0,,,1.0,,,6.0,5.0,1.0,,25.0,,,,2017
Roxbury Community College,,,,,,,,,,,,,,,,,,,,,,,,,,,,,,,,,,,,,,,,,,,,,,,,,,,,,,,,,,,,2017
Simmons University,,,,,,,,,,,,,,,,,,,,,,,,,,,,,,,,,,,,,,,,,,,,,,,,,,,,,,,,,,,,2017
Suffolk State Police,,,,,,,,,,,,,,,,,,,,,,,,,,,,,,,,,,,,,,,,,,,,,,,,,,,,,,,,,,,,2017
Suffolk State Police Framingham,,,,,,,,,,,,,,,,,,,,,,,,,,,,,,,,,,,,,,,,,,,,,,,,,,,,,,,,,,,,2017
Suffolk State Police Logan Airport,,,,,,,,,,,,,,,,,,,,,,,,,,,,,,,,,,,,,,,,,,,,,,,,,,,,,,,,,,,,2017
Suffolk State Police Weston,,,,,,,,,,,,,,,,,,,,,,,,,,,,,,,,,,,,,,,,,,,,,,,,,,,,,,,,,,,,2017
Tufts University Suffolk,2,,,,,,,,,,,,,,,,,,2,,,,,,1.0,,,,,,,,,,,,,,,,,,,1.0,,,,,,,,,,,,,,,,2017
Tufts University Suffolk prior to 01/01/2017,,,,,,,,,,,,,,,,,,,,,,,,,,,,,,,,,,,,,,,,,,,,,,,,,,,,,,,,,,,,2017
U-Mass Boston,69,10,,,,,1.0,,1.0,,,,,3.0,5,1,,,58,,,,2.0,27,,,,1.0,,,,,,,1.0,,1.0,8.0,,1.0,,17,,,1,1.0,,,,,,,,,,,,,,2017
Wentworth Institute,,,,,,,,,,,,,,,,,,,,,,,,,,,,,,,,,,,,,,,,,,,,,,,,,,,,,,,,,,,,2017
Wentworth Institute of Technology,,,,,,,,,,,,,,,,,,,,,,,,,,,,,,,,,,,,,,,,,,,,,,,,,,,,,,,,,,,,2017
Winthrop,424,156,,,,,1.0,,1.0,,2.0,,,32.0,86,35,,,243,,,28,5.0,74,1.0,,18.0,6.0,10.0,,1.0,,,3.0,2.0,1.0,2.0,22.0,,9.0,,48,8.0,5.0,25,18.0,,,,,,1.0,,,,6.0,,,,2017
Ashburnham,141,29,,,,,1.0,1.0,,,1.0,1.0,2.0,5.0,15,4,,,105,,,9,,30,1.0,,5.0,9.0,,,,,,1.0,,,,7.0,,16.0,,26,1.0,,7,2.0,,,,,,5.0,,,,,,,,2017
Assumption College,67,27,,,,,3.0,3.0,,,3.0,,,3.0,16,2,,,37,,,1,1.0,18,,1.0,,,,,,,,,,,2.0,7.0,,,,6,,1.0,3,3.0,,,,,,,,,,,,,,2017
Assumption College,,,,,,,,,,,,,,,,,,,,,,,,,,,,,,,,,,,,,,,,,,,,,,,,,,,,,,,,,,,,2017
Athol,572,173,,,,1.0,7.0,6.0,1.0,,2.0,,5.0,49.0,94,15,,,356,2.0,,51,4.0,70,5.0,,30.0,4.0,9.0,,,,,3.0,3.0,,14.0,24.0,,11.0,,113,5.0,8.0,43,31.0,,,,,,2.0,,,,10.0,,,,2017
Auburn,786,140,,,,3.0,4.0,4.0,,,3.0,,,35.0,83,12,,,588,3.0,1.0,33,18.0,92,7.0,,33.0,15.0,20.0,,,1.0,,2.0,,,92.0,5.0,,21.0,,208,15.0,22.0,58,45.0,,,1.0,,,1.0,1.0,,,10.0,,,,2017
Barre,,,,,,,,,,,,,,,,,,,,,,,,,,,,,,,,,,,,,,,,,,,,,,,,,,,,,,,,,,,,2017
Becker College,,,,,,,,,,,,,,,,,,,,,,,,,,,,,,,,,,,,,,,,,,,,,,,,,,,,,,,,,,,,2017
Berlin,86,10,,,,,,,,,,,,2.0,5,3,,,68,,,3,,5,,,3.0,6.0,2.0,,,2.0,,1.0,1.0,,9.0,5.0,,1.0,,26,4.0,,8,6.0,1.0,,,,,,,,,1.0,,,,2017
Blackstone,203,62,,,,,1.0,1.0,,,1.0,,,11.0,39,10,,,127,,,11,3.0,39,,,4.0,,3.0,,,,,2.0,,,1.0,9.0,,11.0,1.0,36,3.0,4.0,14,8.0,,,,,,4.0,,,,2.0,,,,2017
Bolton,147,23,,,,,,,,,2.0,,,5.0,12,4,,,111,,,5,3.0,22,,,10.0,8.0,30.0,,,,,1.0,,,,7.0,,,,22,3.0,,13,10.0,,,,,,2.0,,,,1.0,,,,2017
Boylston,24,2,,,,,,,,,,,,2.0,,,,,21,,,1,,5,,,,,,,,,,,,,,,,,,14,1.0,,1,1.0,,,,,,,,,,,,,,2017
Brookfield,,,,,,,,,,,,,,,,,,,,,,,,,,,,,,,,,,,,,,,,,,,,,,,,,,,,,,,,,,,,2017
Charlton,312,102,,,,,4.0,3.0,1.0,,,,4.0,14.0,58,22,,,194,1.0,,10,7.0,48,1.0,,17.0,5.0,13.0,,,,,2.0,,2.0,7.0,14.0,,9.0,,46,8.0,4.0,16,8.0,,,,,,2.0,,,,6.0,,,,2017
Clark University,,,,,,,,,,,,,,,,,,,,,,,,,,,,,,,,,,,,,,,,,,,,,,,,,,,,,,,,,,,,2017
Clark University,,,,,,,,,,,,,,,,,,,,,,,,,,,,,,,,,,,,,,,,,,,,,,,,,,,,,,,,,,,,2017
Clinton,85,25,,,,,,,,,,,,5.0,17,3,,,55,,,5,,15,,,1.0,2.0,,,1.0,,,1.0,,,17.0,3.0,,,,7,3.0,,5,3.0,2.0,,,,,,,,,,,,,2017
Col of the Holy Cross,,,,,,,,,,,,,,,,,,,,,,,,,,,,,,,,,,,,,,,,,,,,,,,,,,,,,,,,,,,,2017
Douglas,151,59,,,,,,,,,1.0,,4.0,14.0,30,10,,,81,,,12,4.0,17,,1.0,8.0,,4.0,,,,,,,,,4.0,,,,26,2.0,3.0,11,6.0,,,,,,,,,,5.0,,,,2017
Dudley,242,121,,,,,10.0,8.0,2.0,,1.0,,7.0,24.0,63,16,,,104,,,17,1.0,28,,,6.0,1.0,1.0,,,,,3.0,1.0,,3.0,12.0,,2.0,,17,9.0,3.0,17,13.0,,,,,,1.0,,,,3.0,,,,2017
East Brookfield,60,19,,,,,2.0,2.0,,,,4.0,,2.0,11,,,,34,,,5,1.0,11,,,,1.0,,,,,,,,1.0,,1.0,,1.0,,8,,5.0,7,5.0,2.0,,,,,,,,,,,,,2017
Fitchburg,"2,273",651,,,,8.0,45.0,29.0,16.0,,38.0,,7.0,207.0,305,40,1.0,,"1,445",7.0,,177,31.0,349,7.0,,56.0,36.0,44.0,,,1.0,,47.0,5.0,3.0,73.0,83.0,,156.0,23.0,254,58.0,35.0,177,124.0,,,,,,9.0,1.0,,,43.0,,,,2017
Fitchburg SC,,,,,,,,,,,,,,,,,,,,,,,,,,,,,,,,,,,,,,,,,,,,,,,,,,,,,,,,,,,,2017
Fitchburg State College,,,,,,,,,,,,,,,,,,,,,,,,,,,,,,,,,,,,,,,,,,,,,,,,,,,,,,,,,,,,2017
Gardner,"1,105",394,1.0,,,1.0,18.0,15.0,3.0,,,,10.0,73.0,247,44,,,646,5.0,,82,9.0,186,,,35.0,17.0,24.0,,,,,7.0,1.0,,48.0,50.0,,,,141,23.0,18.0,65,49.0,,,,,,1.0,,,,15.0,,,,2017
Grafton,257,87,,,,,6.0,1.0,,5.0,6.0,,3.0,14.0,39,19,,,151,,,11,7.0,31,1.0,1.0,13.0,8.0,12.0,,,9.0,,1.0,,,1.0,8.0,,12.0,,28,6.0,2.0,19,8.0,,,,,,3.0,,,,8.0,,,,2017
Hardwick,152,59,,,,,3.0,1.0,2.0,,1.0,,1.0,21.0,16,16,1.0,,81,,,9,4.0,26,,,6.0,2.0,1.0,,,1.0,,,,,,6.0,,8.0,,14,1.0,3.0,12,9.0,,,,,,,,,,3.0,,,,2017
Harvard,90,17,,,,,,,,,,,3.0,1.0,4,9,,,68,,,11,2.0,18,,,5.0,,14.0,,,,,,,,,2.0,,1.0,,14,,1.0,5,4.0,,,,,,,,,,1.0,,,,2017
Holden,179,46,,,,,,,,,,1.0,,9.0,28,8,,,123,1.0,,10,3.0,29,2.0,,10.0,7.0,7.0,,,2.0,,1.0,1.0,,3.0,11.0,,1.0,,24,4.0,7.0,10,5.0,,,,,,1.0,,,,4.0,,,,2017
Hopedale,96,32,,,,1.0,1.0,,1.0,,,,1.0,6.0,18,5,,,45,1.0,,5,,9,,,3.0,,3.0,,,1.0,1.0,,,,,6.0,,,,13,2.0,1.0,19,12.0,,,,,,2.0,1.0,,,4.0,,,,2017
Hubbardston,84,24,,,,,2.0,2.0,,,,,1.0,4.0,16,1,,,44,,,6,1.0,12,,,3.0,3.0,,,,1.0,,,1.0,,,3.0,,,,13,1.0,,16,11.0,1.0,,,,,1.0,,,,3.0,,,,2017
Lancaster,186,37,,,,,2.0,2.0,,,,1.0,4.0,7.0,20,3,,,140,,,13,3.0,42,,,18.0,5.0,10.0,,,,,1.0,,,1.0,6.0,,5.0,,32,3.0,1.0,9,6.0,,,,,,1.0,,,,2.0,,,,2017
Leicester,359,73,,,,,2.0,1.0,1.0,,1.0,,2.0,24.0,26,18,,,274,,,14,8.0,34,1.0,,17.0,5.0,12.0,,,,,2.0,1.0,2.0,84.0,19.0,,11.0,,54,5.0,5.0,12,4.0,,,,,,4.0,,,,4.0,,,,2017
Leominster,"2,602",879,2.0,,,2.0,18.0,16.0,,2.0,25.0,1.0,,197.0,448,186,,,"1,627",7.0,,121,51.0,311,8.0,2.0,109.0,48.0,51.0,,,,,20.0,5.0,4.0,277.0,53.0,1.0,148.0,7.0,327,49.0,28.0,96,67.0,1.0,,,,,7.0,,,,21.0,,,,2017
Lunenburg,347,67,,,,,5.0,5.0,,,2.0,,,20.0,31,8,1.0,,261,1.0,,38,7.0,46,,,17.0,7.0,7.0,,,4.0,,,,,36.0,2.0,,39.0,,41,9.0,7.0,19,13.0,,,,,,1.0,,,,5.0,,,,2017
MBTA - Worcester County,,,,,,,,,,,,,,,,,,,,,,,,,,,,,,,,,,,,,,,,,,,,,,,,,,,,,,,,,,,,2017
Mendon,134,39,,,,,1.0,1.0,,,1.0,,1.0,8.0,14,14,,,80,,,12,2.0,19,,,7.0,,2.0,,,1.0,,,,,3.0,9.0,,1.0,,18,5.0,1.0,15,14.0,,,,,,,,,,1.0,,,,2017
Milford,906,273,2.0,,,1.0,13.0,8.0,5.0,,4.0,2.0,10.0,42.0,169,29,1.0,,597,1.0,,40,12.0,131,1.0,1.0,28.0,16.0,41.0,,,,,2.0,,4.0,46.0,57.0,,22.0,,170,20.0,5.0,36,23.0,,,,,,3.0,2.0,,,8.0,,,,2017
Millbury,394,90,,,,,6.0,4.0,2.0,,1.0,,3.0,15.0,51,14,,,293,2.0,,19,5.0,44,1.0,,30.0,13.0,15.0,,,,,1.0,1.0,,60.0,14.0,,11.0,2.0,57,11.0,7.0,11,10.0,,,,,,,,,,1.0,,,,2017
Millville,42,5,,,,,1.0,1.0,,,1.0,,,,3,,,,33,,,2,,8,,,2.0,1.0,7.0,,,,,,,,1.0,1.0,,1.0,,8,1.0,1.0,4,2.0,,,,,,,,,,2.0,,,,2017
Mount Wachusett CC,,,,,,,,,,,,,,,,,,,,,,,,,,,,,,,,,,,,,,,,,,,,,,,,,,,,,,,,,,,,2017
New Braintree,,,,,,,,,,,,,,,,,,,,,,,,,,,,,,,,,,,,,,,,,,,,,,,,,,,,,,,,,,,,2017
North Brookfield,,,,,,,,,,,,,,,,,,,,,,,,,,,,,,,,,,,,,,,,,,,,,,,,,,,,,,,,,,,,2017
Northborough,269,47,,,,,3.0,,,3.0,,,,,36,8,,,196,1.0,,4,,39,,,,,,,,,,1.0,,,85.0,41.0,,20.0,1.0,1,3.0,,26,15.0,,,,,,,11.0,,,,,,,2017
Northbridge,493,107,,,,,9.0,9.0,,,3.0,,8.0,29.0,52,6,,,359,,,28,14.0,74,2.0,1.0,24.0,6.0,15.0,,,1.0,,1.0,,,59.0,14.0,,14.0,,88,14.0,4.0,27,17.0,,,,,,4.0,1.0,,,5.0,,,,2017
Oakham,15,8,,,,,,,,,,,,2.0,5,1,,,6,,,1,,2,,,,1.0,,,,,,,,,,1.0,,,,1,,,1,1.0,,,,,,,,,,,,,,2017
Oxford,407,108,,,,4.0,1.0,,1.0,,2.0,,6.0,18.0,67,10,,,278,1.0,,24,7.0,71,1.0,1.0,21.0,7.0,10.0,,,,,2.0,,2.0,31.0,5.0,,10.0,1.0,78,4.0,2.0,21,14.0,,,,,,1.0,,,,6.0,,,,2017
Paxton,40,7,,,,,,,,,,,,2.0,5,,,,28,,,5,1.0,3,,,1.0,,,,,2.0,,,,,,2.0,,,1.0,10,,3.0,5,4.0,,,,,,,,,,1.0,,,,2017
Petersham,,,,,,,,,,,,,,,,,,,,,,,,,,,,,,,,,,,,,,,,,,,,,,,,,,,,,,,,,,,,2017
Phillipston,,,,,,,,,,,,,,,,,,,,,,,,,,,,,,,,,,,,,,,,,,,,,,,,,,,,,,,,,,,,2017
Princeton,44,10,,,,,,,,,,1.0,,1.0,8,,,,31,,,4,,9,,,2.0,,2.0,,,,,,,,,1.0,,,,11,1.0,1.0,3,3.0,,,,,,,,,,,,,,2017
Quinsigamond CC,38,7,,,,,,,,,2.0,,,,4,1,,,29,,,,1.0,7,,,,,1.0,,,,,,,,1.0,10.0,,,,6,1.0,2.0,2,1.0,,,,,,,,,,1.0,,,,2017
Royalston,,,,,,,,,,,,,,,,,,,,,,,,,,,,,,,,,,,,,,,,,,,,,,,,,,,,,,,,,,,,2017
Rutland,280,110,,1.0,,,3.0,3.0,,,5.0,,,15.0,54,32,,,151,1.0,,19,5.0,47,,,8.0,3.0,8.0,,,2.0,,,,,3.0,6.0,,10.0,,34,4.0,1.0,19,13.0,,,,,,1.0,,,,5.0,,,,2017
Shrewsbury,314,61,,,,,1.0,,,1.0,,,,5.0,49,6,,,232,,,31,4.0,31,,,4.0,3.0,,,,19.0,,2.0,,,33.0,13.0,,26.0,3.0,54,9.0,,21,18.0,2.0,,,,,,,,,1.0,,,,2017
Southborough,153,27,,,,,2.0,1.0,1.0,,,1.0,,4.0,11,9,,,118,,,16,5.0,25,1.0,,9.0,5.0,10.0,,,1.0,,1.0,2.0,,,11.0,,,,32,,,8,4.0,,,,,,1.0,1.0,,,2.0,,,,2017
Southbridge,950,317,,,,1.0,11.0,7.0,3.0,1.0,3.0,3.0,12.0,74.0,143,70,,,543,2.0,,55,12.0,141,4.0,,37.0,5.0,23.0,,,1.0,,3.0,3.0,6.0,50.0,39.0,,17.0,1.0,124,15.0,5.0,90,75.0,,,,,,6.0,1.0,,,8.0,,,,2017
Spencer,207,59,,,,,4.0,4.0,,,3.0,,,15.0,31,6,,,126,1.0,,14,3.0,36,,,,7.0,2.0,,,,,,,2.0,8.0,8.0,,7.0,,30,8.0,,22,16.0,6.0,,,,,,,,,,,,,2017
Sterling,195,35,,,,,2.0,1.0,1.0,,1.0,,1.0,7.0,18,6,,,153,2.0,,12,6.0,30,1.0,1.0,6.0,5.0,10.0,,,1.0,,,1.0,,1.0,17.0,,23.0,,30,7.0,,7,3.0,,,,,,2.0,1.0,,,1.0,,,,2017
Sturbridge,427,113,,,,1.0,2.0,2.0,,,7.0,3.0,1.0,17.0,68,14,,,253,1.0,,21,9.0,45,3.0,,18.0,12.0,16.0,,,,,2.0,2.0,2.0,30.0,15.0,,8.0,1.0,51,11.0,6.0,61,47.0,,,1.0,,,4.0,1.0,,,8.0,,,,2017
Sutton,229,52,,,,,1.0,1.0,,,2.0,1.0,1.0,8.0,26,13,,,155,1.0,,29,8.0,29,1.0,,9.0,4.0,13.0,,,1.0,,,1.0,,1.0,17.0,,,,31,8.0,2.0,22,20.0,,,,,,,,,,2.0,,,,2017
Templeton,173,46,,,,,,,,,,,6.0,9.0,27,4,,,115,,,16,3.0,41,1.0,,11.0,1.0,2.0,,,,,,,,,12.0,,9.0,,14,4.0,1.0,12,7.0,,,1.0,,,,,,,4.0,,,,2017
Tufts University Worcester,3,1,,,,,,,,,,,,,,1,,,2,,,,,1,,,,,,,,,,,,,,1.0,,,,,,,,,,,,,,,,,,,,,,2017
Tufts University Worcester,,,,,,,,,,,,,,,,,,,,,,,,,,,,,,,,,,,,,,,,,,,,,,,,,,,,,,,,,,,,2017
U-Mass Worcester,200,100,,,,1.0,1.0,1.0,,,1.0,,,17.0,72,8,,,93,,,1,1.0,21,,,5.0,,4.0,,,,,,,,2.0,2.0,,,,54,2.0,1.0,7,6.0,,,,,,,,,,1.0,,,,2017
U-Mass Worcester MA014UM00,,,,,,,,,,,,,,,,,,,,,,,,,,,,,,,,,,,,,,,,,,,,,,,,,,,,,,,,,,,,2017
Upton,166,38,,,,,2.0,,2.0,,4.0,,,11.0,11,10,,,104,1.0,,8,3.0,20,2.0,,11.0,6.0,17.0,,,,,1.0,,,2.0,2.0,,3.0,,23,4.0,1.0,24,17.0,,,,,,1.0,,,,6.0,,,,2017
Uxbridge,354,126,,,,2.0,1.0,1.0,,,,,2.0,20.0,71,30,,,191,3.0,,25,1.0,44,,1.0,14.0,9.0,8.0,,,1.0,,,,1.0,19.0,12.0,,6.0,,37,9.0,1.0,37,30.0,,,,,,2.0,,,,5.0,,,,2017
Warren,197,73,,,,1.0,7.0,7.0,,,,,4.0,15.0,31,15,,,105,2.0,,15,2.0,36,,1.0,3.0,1.0,2.0,,,,,,1.0,,9.0,8.0,,,,20,4.0,1.0,19,14.0,,,,,,3.0,,,,2.0,,,,2017
Webster,952,380,,,,5.0,6.0,6.0,,,8.0,,8.0,106.0,210,37,,,518,4.0,,51,9.0,153,2.0,1.0,28.0,9.0,14.0,,,,,11.0,6.0,3.0,50.0,43.0,,11.0,1.0,94,17.0,11.0,54,45.0,1.0,,,,,1.0,,,,7.0,,,,2017
West Boylston,148,37,,,,,1.0,1.0,,,2.0,,,7.0,20,7,,,103,,,5,,29,,,6.0,2.0,3.0,,4.0,,,1.0,1.0,,11.0,5.0,,7.0,,22,5.0,2.0,8,5.0,1.0,,,,,1.0,,,,,1.0,,,2017
West Brookfield,,,,,,,,,,,,,,,,,,,,,,,,,,,,,,,,,,,,,,,,,,,,,,,,,,,,,,,,,,,,2017
Westborough,384,99,,,,,1.0,1.0,,,1.0,,,8.0,52,35,2.0,,276,,,17,5.0,45,,1.0,29.0,9.0,21.0,,,2.0,,1.0,,,10.0,14.0,,10.0,2.0,98,9.0,3.0,9,7.0,,,,,,1.0,,,,1.0,,,,2017
Westminster,162,35,,,,1.0,1.0,1.0,,,1.0,,2.0,18.0,6,6,,,118,,,7,1.0,21,1.0,,8.0,10.0,9.0,,,,,1.0,,,6.0,17.0,,10.0,,25,1.0,1.0,9,2.0,1.0,,,,,1.0,,,,5.0,,,,2017
Winchendon,600,248,,,,,7.0,5.0,2.0,,4.0,,5.0,24.0,145,63,,,322,2.0,,16,1.0,83,2.0,2.0,23.0,6.0,19.0,,,,,2.0,1.0,,6.0,58.0,,16.0,1.0,74,9.0,1.0,30,18.0,,,,,,4.0,,,,8.0,,,,2017
Worcester,"11,561","3,518",5.0,,,55.0,57.0,51.0,6.0,,51.0,,7.0,979.0,"1,758",604,2.0,,"7,309",7.0,,919,145.0,"1,478",59.0,8.0,378.0,389.0,8.0,,2.0,227.0,10.0,325.0,2.0,,808.0,364.0,2.0,693.0,212.0,791,400.0,82.0,734,549.0,,,,,,3.0,34.0,2.0,,141.0,5.0,,,2017
Worcester Polytechnic In,99,4,,,,1.0,1.0,1.0,,,,,,1.0,1,,,,95,,,1,,23,,,8.0,,,,,,,2.0,,,,15.0,,2.0,,43,,1.0,,,,,,,,,,,,,,,,2017
Worcester State,,,,,,,,,,,,,,,,,,,,,,,,,,,,,,,,,,,,,,,,,,,,,,,,,,,,,,,,,,,,2017
Worcester State Police,,,,,,,,,,,,,,,,,,,,,,,,,,,,,,,,,,,,,,,,,,,,,,,,,,,,,,,,,,,,2017
Worcester State Police Holden,,,,,,,,,,,,,,,,,,,,,,,,,,,,,,,,,,,,,,,,,,,,,,,,,,,,,,,,,,,,2017
Worcester State Police Weston,,,,,,,,,,,,,,,,,,,,,,,,,,,,,,,,,,,,,,,,,,,,,,,,,,,,,,,,,,,,2017
Worcester State University,,,,,,,,,,,,,,,,,,,,,,,,,,,,,,,,,,,,,,,,,,,,,,,,,,,,,,,,,,,,2017
Missing,,,,,,,,,,,,,,,,,,,,,,,,,,,,,,,,,,,,,,,,,,,,,,,,,,,,,,,,,,,,2017
MSCPA Police,,,,,,,,,,,,,,,,,,,,,,,,,,,,,,,,,,,,,,,,,,,,,,,,,,,,,,,,,,,,2017
Suffolk University,,,,,,,,,,,,,,,,,,,,,,,,,,,,,,,,,,,,,,,,,,,,,,,,,,,,,,,,,,,,2017
Jurisdiction by Geography,,,,,,,,,,,,,,,,,,,,,,,,,,,,,,,,,,,,,,,,,,,,,,,,,,,,,,,,,,,,2016
Barnstable,"2,252",684,1.0,,,5.0,16.0,16.0,,,23.0,1.0,5.0,168,389,76,,,"1,308",2.0,,136,50.0,249,8.0,1.0,115.0,49.0,20.0,,1.0,4.0,,15.0,,2.0,166.0,126.0,1.0,94,16.0,186,25.0,42.0,260,204.0,,,,,,7.0,3.0,,,46.0,,,,2016
Barnstable State Police,,,,,,,,,,,,,,,,,,,,,,,,,,,,,,,,,,,,,,,,,,,,,,,,,,,,,,,,,,,,2016
Barnstable State Police Middleboro,,,,,,,,,,,,,,,,,,,,,,,,,,,,,,,,,,,,,,,,,,,,,,,,,,,,,,,,,,,,2016
Bourne,889,208,,,,,4.0,4.0,,,5.0,,,39,122,38,,,567,1.0,,84,17.0,176,3.0,1.0,32.0,18.0,33.0,,,,,6.0,1.0,2.0,40.0,15.0,,9,,100,15.0,14.0,114,102.0,,,,,,1.0,,,,11.0,,,,2016
Brewster,233,48,,,,2.0,2.0,1.0,1.0,,1.0,,1.0,15,19,8,,,169,1.0,,27,7.0,36,,,14.0,5.0,3.0,,,,,,,,4.0,21.0,,,,49,1.0,1.0,16,9.0,,,,,,2.0,,,,5.0,,,,2016
Cape Cod Community College,,,,,,,,,,,,,,,,,,,,,,,,,,,,,,,,,,,,,,,,,,,,,,,,,,,,,,,,,,,,2016
Chatham,182,44,,,,,2.0,,2.0,,,2.0,,4,32,4,,,131,,,15,5.0,31,,,9.0,2.0,4.0,,,,,1.0,,1.0,12.0,7.0,,2,,41,1.0,,7,6.0,,,,,,,,,,1.0,,,,2016
Dennis,765,189,,,,,10.0,7.0,2.0,1.0,3.0,2.0,1.0,47,105,21,,,525,,,77,9.0,92,1.0,,32.0,5.0,11.0,,,,,1.0,1.0,3.0,18.0,48.0,,55,,152,16.0,4.0,51,42.0,,,,,,2.0,1.0,1.0,,5.0,,,,2016
Eastham,143,31,,,,,1.0,1.0,,,,,,7,19,4,,,103,,,9,1.0,26,1.0,1.0,9.0,3.0,1.0,,,,,1.0,,,,6.0,,3,,40,2.0,,9,6.0,1.0,,,,,1.0,,,,1.0,,,,2016
Falmouth,"1,983",578,,,,12.0,7.0,7.0,,,16.0,,2.0,109,309,123,,,"1,204",2.0,,269,28.0,343,3.0,1.0,78.0,21.0,60.0,,,,,4.0,6.0,6.0,70.0,52.0,,,,194,39.0,28.0,201,174.0,,,,,,4.0,1.0,,,22.0,,,,2016
Harwich,404,109,,,,1.0,4.0,4.0,,,1.0,,2.0,20,72,9,,,279,,,50,5.0,80,3.0,,13.0,7.0,8.0,,,,,1.0,1.0,,3.0,11.0,,,,86,8.0,3.0,16,12.0,,,,,,,,,,4.0,,,,2016
Mashpee,411,94,,,,,6.0,2.0,4.0,,,,4.0,26,35,23,,,280,4.0,,26,2.0,87,,,13.0,8.0,5.0,,1.0,,,2.0,1.0,,20.0,12.0,,11,,78,5.0,5.0,37,26.0,,,,,,1.0,,,,10.0,,,,2016
MBTA - Barnstable County,,,,,,,,,,,,,,,,,,,,,,,,,,,,,,,,,,,,,,,,,,,,,,,,,,,,,,,,,,,,2016
Orleans,220,35,,,,1.0,1.0,1.0,,,,,2.0,1,24,6,,,180,,,14,1.0,44,2.0,,9.0,1.0,7.0,,,,,,,,7.0,11.0,,,,82,2.0,,5,5.0,,,,,,,,,,,,,,2016
Provincetown,248,78,,,,,3.0,2.0,1.0,,2.0,,1.0,17,51,4,,,160,,,20,2.0,33,,,13.0,1.0,3.0,,,,,,1.0,1.0,7.0,12.0,,1,,62,4.0,,10,6.0,,,,,,,1.0,,,3.0,,,,2016
Sandwich,453,109,,,,,3.0,3.0,,,1.0,1.0,1.0,30,46,27,,,311,,,29,10.0,95,1.0,,17.0,4.0,22.0,,,,,,3.0,,13.0,14.0,,26,,63,6.0,8.0,33,28.0,,,,,,,,,,5.0,,,,2016
Truro,79,23,,,,,,,,,1.0,,,6,15,1,,,49,1.0,,3,,11,,1.0,5.0,4.0,4.0,,,,,,,,,2.0,,,,15,2.0,1.0,7,6.0,,,,,,,,,,1.0,,,,2016
Wellfleet,76,16,,,,,2.0,,2.0,,,,,1,9,4,,,57,,,6,,19,,,3.0,,1.0,,,,,,,,3.0,2.0,,,,18,3.0,2.0,3,3.0,,,,,,,,,,,,,,2016
Yarmouth,"1,309",332,,,,2.0,13.0,13.0,,,5.0,,3.0,185,78,43,,3.0,856,2.0,,102,19.0,166,2.0,2.0,69.0,27.0,15.0,,,,,4.0,3.0,,49.0,57.0,,107,,195,20.0,17.0,121,99.0,,,,,,1.0,3.0,1.0,,17.0,,,,2016
Adams,292,91,,,,,4.0,3.0,1.0,,8.0,1.0,8.0,19,43,8,,,196,1.0,,31,5.0,44,,,10.0,2.0,7.0,,,,,1.0,,,5.0,27.0,,19,,39,3.0,2.0,5,3.0,,,,,,1.0,1.0,,,,,,,2016
Alford,,,,,,,,,,,,,,,,,,,,,,,,,,,,,,,,,,,,,,,,,,,,,,,,,,,,,,,,,,,,2016
Becket,,,,,,,,,,,,,,,,,,,,,,,,,,,,,,,,,,,,,,,,,,,,,,,,,,,,,,,,,,,,2016
Berkshire State Police,,,,,,,,,,,,,,,,,,,,,,,,,,,,,,,,,,,,,,,,,,,,,,,,,,,,,,,,,,,,2016
Berkshire State Police Northampton,,,,,,,,,,,,,,,,,,,,,,,,,,,,,,,,,,,,,,,,,,,,,,,,,,,,,,,,,,,,2016
Berkshire State Police Weston,,,,,,,,,,,,,,,,,,,,,,,,,,,,,,,,,,,,,,,,,,,,,,,,,,,,,,,,,,,,2016
Cheshire,23,7,,,,,1.0,,1.0,,,,1.0,,5,,,,16,,,3,1.0,5,,,1.0,,1.0,,,,,,,,,2.0,,,,2,1.0,,,,,,,,,,,,,,,,,2016
Clarksburg,,,,,,,,,,,,,,,,,,,,,,,,,,,,,,,,,,,,,,,,,,,,,,,,,,,,,,,,,,,,2016
Dalton,164,37,,,,,1.0,1.0,,,,,5.0,11,15,5,,,119,1.0,,17,3.0,23,,,7.0,5.0,9.0,,,,,,,2.0,1.0,17.0,,7,1.0,24,2.0,,8,6.0,,,,,,1.0,,,,1.0,,,,2016
Egremont,,,,,,,,,,,,,,,,,,,,,,,,,,,,,,,,,,,,,,,,,,,,,,,,,,,,,,,,,,,,2016
Florida,,,,,,,,,,,,,,,,,,,,,,,,,,,,,,,,,,,,,,,,,,,,,,,,,,,,,,,,,,,,2016
Great Barrington,168,49,,,,,4.0,4.0,,,3.0,,1.0,7,30,4,,,106,,,17,1.0,20,2.0,,2.0,1.0,4.0,,,,,,,,14.0,7.0,,8,,25,1.0,4.0,13,11.0,,,,,,1.0,,,,1.0,,,,2016
Hancock,,,,,,,,,,,,,,,,,,,,,,,,,,,,,,,,,,,,,,,,,,,,,,,,,,,,,,,,,,,,2016
Hinsdale,,,,,,,,,,,,,,,,,,,,,,,,,,,,,,,,,,,,,,,,,,,,,,,,,,,,,,,,,,,,2016
Lanesboro,1,,,,,,,,,,,,,,,,,,1,,,,,,,,,,,,,,,,,,1.0,,,,,,,,,,,,,,,,,,,,,,,2016
Lee,213,41,,,,,3.0,2.0,1.0,,,,,10,25,3,,,167,,,18,2.0,33,1.0,1.0,9.0,4.0,3.0,,,,,,,2.0,19.0,19.0,,13,,34,4.0,5.0,5,5.0,,,,,,,,,,,,,,2016
Lenox,169,30,,,,,1.0,1.0,,,3.0,1.0,,7,14,4,,,130,,,11,4.0,18,2.0,,4.0,2.0,,,,,,,,1.0,12.0,11.0,,15,,40,2.0,8.0,9,6.0,,,,,,,,,,3.0,,,,2016
MA College of Liberal Arts,63,7,,,,,1.0,1.0,,,,,,3,3,,,,51,,,5,,18,,,2.0,1.0,,,,,,,,,3.0,6.0,,1,,14,,1.0,5,3.0,,,,,,,,,,2.0,,,,2016
MBTA - Berkshire County,,,,,,,,,,,,,,,,,,,,,,,,,,,,,,,,,,,,,,,,,,,,,,,,,,,,,,,,,,,,2016
Monterey,7,2,,,,,,,,,,,,1,1,,,,5,,,2,,1,,,1.0,,,,,,,,,,,,,,,,,1.0,,,,,,,,,,,,,,,,2016
Mount Washington,,,,,,,,,,,,,,,,,,,,,,,,,,,,,,,,,,,,,,,,,,,,,,,,,,,,,,,,,,,,2016
New Ashford,,,,,,,,,,,,,,,,,,,,,,,,,,,,,,,,,,,,,,,,,,,,,,,,,,,,,,,,,,,,2016
New Marlboro,,,,,,,,,,,,,,,,,,,,,,,,,,,,,,,,,,,,,,,,,,,,,,,,,,,,,,,,,,,,2016
North Adams,"1,310",463,,,,3.0,20.0,12.0,8.0,,,,4.0,153,208,75,,,759,1.0,,129,16.0,210,1.0,,44.0,4.0,13.0,,,,,9.0,2.0,3.0,72.0,35.0,,1,,183,23.0,13.0,88,59.0,,,1.0,,,10.0,,1.0,,17.0,,,,2016
Otis,,,,,,,,,,,,,,,,,,,,,,,,,,,,,,,,,,,,,,,,,,,,,,,,,,,,,,,,,,,,2016
Peru,,,,,,,,,,,,,,,,,,,,,,,,,,,,,,,,,,,,,,,,,,,,,,,,,,,,,,,,,,,,2016
Pittsfield,"2,860",952,3.0,,,6.0,37.0,30.0,7.0,,21.0,,20.0,264,487,114,,,"1,740",9.0,,374,32.0,429,4.0,1.0,75.0,14.0,43.0,,,,,39.0,12.0,10.0,143.0,100.0,,106,5.0,285,33.0,26.0,168,78.0,,,,,,12.0,,,,78.0,,,,2016
Richmond,,,,,,,,,,,,,,,,,,,,,,,,,,,,,,,,,,,,,,,,,,,,,,,,,,,,,,,,,,,,2016
Sandisfield,,,,,,,,,,,,,,,,,,,,,,,,,,,,,,,,,,,,,,,,,,,,,,,,,,,,,,,,,,,,2016
Savoy,,,,,,,,,,,,,,,,,,,,,,,,,,,,,,,,,,,,,,,,,,,,,,,,,,,,,,,,,,,,2016
Sheffield,,,,,,,,,,,,,,,,,,,,,,,,,,,,,,,,,,,,,,,,,,,,,,,,,,,,,,,,,,,,2016
Stockbridge,52,13,,,,,2.0,1.0,1.0,,,,,2,6,3,,,38,,,8,,7,2.0,,1.0,,3.0,,,,,,,,1.0,4.0,,,,11,1.0,,1,1.0,,,,,,,,,,,,,,2016
Tyringham,,,,,,,,,,,,,,,,,,,,,,,,,,,,,,,,,,,,,,,,,,,,,,,,,,,,,,,,,,,,2016
Washington,,,,,,,,,,,,,,,,,,,,,,,,,,,,,,,,,,,,,,,,,,,,,,,,,,,,,,,,,,,,2016
West Stockbridge,,,,,,,,,,,,,,,,,,,,,,,,,,,,,,,,,,,,,,,,,,,,,,,,,,,,,,,,,,,,2016
Williamstown,248,36,,1.0,,,6.0,6.0,,,2.0,,4.0,5,13,5,,,168,,,12,1.0,24,,,7.0,1.0,1.0,,,,,1.0,,,2.0,42.0,,,,74,1.0,2.0,44,41.0,,,,,,3.0,,,,,,,,2016
Windsor,,,,,,,,,,,,,,,,,,,,,,,,,,,,,,,,,,,,,,,,,,,,,,,,,,,,,,,,,,,,2016
Acushnet,341,86,,,,1.0,1.0,1.0,,,,1.0,3.0,18,52,10,,,237,,,61,2.0,64,1.0,,8.0,5.0,10.0,,,1.0,,1.0,,,2.0,4.0,,8,,57,9.0,4.0,18,9.0,,,,,,1.0,,1.0,,7.0,,,,2016
Attleboro,"1,996",588,,,,1.0,11.0,10.0,1.0,,27.0,1.0,2.0,68,367,111,,,"1,277",4.0,,140,38.0,173,11.0,1.0,71.0,36.0,85.0,1.0,17.0,,,15.0,10.0,1.0,197.0,122.0,2.0,168,38.0,77,34.0,36.0,131,91.0,,,,,,9.0,2.0,,,29.0,,,,2016
Berkley,87,28,,,,,,,,,,,3.0,7,17,1,,,52,,,13,,5,,,3.0,5.0,2.0,,,,,,2.0,,,1.0,,4,,10,5.0,2.0,7,3.0,,,,,,,,,,4.0,,,,2016
Bristol Comm College,,,,,,,,,,,,,,,,,,,,,,,,,,,,,,,,,,,,,,,,,,,,,,,,,,,,,,,,,,,,2016
Bristol State Police,,,,,,,,,,,,,,,,,,,,,,,,,,,,,,,,,,,,,,,,,,,,,,,,,,,,,,,,,,,,2016
Bristol State Police Framingham,,,,,,,,,,,,,,,,,,,,,,,,,,,,,,,,,,,,,,,,,,,,,,,,,,,,,,,,,,,,2016
Bristol State Police Middleboro,,,,,,,,,,,,,,,,,,,,,,,,,,,,,,,,,,,,,,,,,,,,,,,,,,,,,,,,,,,,2016
Dartmouth,"1,764",373,,,,9.0,6.0,6.0,,,1.0,1.0,8.0,59,181,108,,,"1,346",,,101,25.0,237,3.0,,96.0,16.0,39.0,,,,,7.0,1.0,2.0,343.0,57.0,,67,3.0,289,36.0,24.0,45,37.0,,,,,,2.0,2.0,,,4.0,,,,2016
Dighton,,,,,,,,,,,,,,,,,,,,,,,,,,,,,,,,,,,,,,,,,,,,,,,,,,,,,,,,,,,,2016
Easton,551,111,1.0,,,1.0,9.0,9.0,,,2.0,1.0,1.0,24,53,19,,,418,,,39,9.0,77,2.0,1.0,27.0,8.0,28.0,,,,,4.0,,2.0,18.0,23.0,,56,,98,19.0,7.0,22,17.0,,,,,,1.0,,,,4.0,,,,2016
Fairhaven,968,261,,,,,9.0,9.0,,,,,2.0,43,137,70,,,674,,,69,10.0,146,,1.0,39.0,16.0,17.0,,,,,4.0,1.0,,106.0,46.0,,58,,130,27.0,4.0,33,19.0,1.0,,,,,3.0,1.0,,,9.0,,,,2016
Fall River,"6,223","2,459",1.0,,,61.0,67.0,46.0,21.0,,59.0,,19.0,716,"1,274",262,,,"3,360",49.0,,508,67.0,672,11.0,7.0,168.0,17.0,92.0,,,,,191.0,10.0,7.0,204.0,206.0,,284,,538,246.0,83.0,404,257.0,,,1.0,,,15.0,27.0,1.0,,103.0,,,,2016
Freetown,322,85,,,,,3.0,3.0,,,1.0,1.0,6.0,16,40,18,,,230,3.0,,22,2.0,63,1.0,1.0,12.0,,19.0,,,,,2.0,,,3.0,26.0,,13,,43,18.0,2.0,7,3.0,,,,,,,,,,4.0,,,,2016
Mansfield,724,221,,,,3.0,9.0,5.0,4.0,,1.0,,7.0,27,143,31,,,450,3.0,,43,28.0,92,,,55.0,12.0,36.0,,,,,3.0,1.0,,38.0,31.0,,1,2.0,81,20.0,4.0,53,46.0,,,,,,,,,,7.0,,,,2016
MBTA - Bristol County,,,,,,,,,,,,,,,,,,,,,,,,,,,,,,,,,,,,,,,,,,,,,,,,,,,,,,,,,,,,2016
New Bedford,"9,501","3,461",3.0,,,16.0,32.0,19.0,12.0,1.0,52.0,,9.0,539,"2,060",750,,,"5,360",22.0,,626,69.0,"1,434",2.0,5.0,265.0,35.0,143.0,,,,,239.0,12.0,7.0,379.0,166.0,,365,152.0,"1,041",286.0,112.0,680,514.0,,,,,,14.0,39.0,1.0,,112.0,,,,2016
North Attleborough,778,173,,,,,5.0,5.0,,,,1.0,2.0,25,123,17,,,584,1.0,,55,5.0,67,9.0,,,45.0,,,16.0,,,5.0,,,160.0,1.0,,50,6.0,149,14.0,1.0,21,17.0,,,,,,,,,,4.0,,,,2016
Norton,70,17,1.0,,,,2.0,2.0,,,,,,7,6,1,,,52,,,16,,7,,,4.0,5.0,,,,,,,,,1.0,3.0,,,,13,2.0,1.0,1,1.0,,,,,,,,,,,,,,2016
Raynham,562,118,,1.0,,,3.0,3.0,,,,,1.0,23,69,21,,,408,,,27,18.0,30,,,43.0,4.0,5.0,,,,,4.0,1.0,,106.0,8.0,,11,1.0,121,29.0,,36,34.0,,,,,,,,,,2.0,,,,2016
Rehoboth,354,82,,,,1.0,2.0,2.0,,,1.0,,,14,33,31,,,262,1.0,,35,8.0,87,1.0,1.0,21.0,2.0,29.0,,,,,1.0,,,6.0,5.0,,11,1.0,48,4.0,1.0,10,6.0,,,,,,2.0,,,,2.0,,,,2016
Seekonk,703,73,,,,,3.0,3.0,,,1.0,3.0,,25,28,13,,,567,,,35,12.0,119,,,36.0,29.0,29.0,,,,,2.0,,3.0,105.0,5.0,,6,,168,13.0,5.0,63,51.0,,,,,,3.0,3.0,,,6.0,,,,2016
Somerset,698,217,,,,,13.0,7.0,6.0,,11.0,,11.0,25,108,49,,,435,1.0,,29,14.0,84,3.0,,39.0,12.0,27.0,,,,,5.0,2.0,2.0,28.0,43.0,,36,,81,19.0,10.0,46,35.0,,,,,,6.0,,,,5.0,,,,2016
Stonehill College,,,,,,,,,,,,,,,,,,,,,,,,,,,,,,,,,,,,,,,,,,,,,,,,,,,,,,,,,,,,2016
Swansea,620,159,,,,1.0,3.0,3.0,,,3.0,,5.0,28,95,24,,,438,,,29,8.0,81,3.0,2.0,33.0,10.0,24.0,,,,,3.0,,2.0,82.0,49.0,,28,1.0,65,12.0,6.0,23,15.0,,,,,,4.0,,,,4.0,,,,2016
Taunton,"1,662",528,5.0,,,2.0,13.0,11.0,2.0,,,,2.0,157,314,35,,,"1,038",7.0,,209,27.0,163,1.0,,40.0,8.0,,,,,,36.0,9.0,,77.0,18.0,,42,1.0,310,90.0,,96,67.0,,,,3.0,,3.0,1.0,,1.0,21.0,,,,2016
U-Mass Dartmouth,,,,,,,,,,,,,,,,,,,,,,,,,,,,,,,,,,,,,,,,,,,,,,,,,,,,,,,,,,,,2016
Uncategorized,,,,,,,,,,,,,,,,,,,,,,,,,,,,,,,,,,,,,,,,,,,,,,,,,,,,,,,,,,,,2016
Westport,418,89,,,,1.0,5.0,,4.0,1.0,2.0,,1.0,18,44,18,,,305,1.0,,48,4.0,84,1.0,,20.0,3.0,15.0,,,,,,,,6.0,8.0,,24,1.0,71,10.0,9.0,24,18.0,1.0,,,,,1.0,,,,4.0,,,,2016
Wheaton College,,,,,,,,,,,,,,,,,,,,,,,,,,,,,,,,,,,,,,,,,,,,,,,,,,,,,,,,,,,,2016
Aquinnah,8,1,,,,,,,,,,,,,1,,,,6,,,1,,1,,,,,,,,,,,,,,,,,,4,,,1,1.0,,,,,,,,,,,,,,2016
Chilmark,24,12,,,,,,,,,,,,4,8,,,,11,,,2,,2,,,2.0,,,,,,,,,,,,,1,,4,,,1,1.0,,,,,,,,,,,,,,2016
Dukes State Police,,,,,,,,,,,,,,,,,,,,,,,,,,,,,,,,,,,,,,,,,,,,,,,,,,,,,,,,,,,,2016
Dukes State Police Middleboro,,,,,,,,,,,,,,,,,,,,,,,,,,,,,,,,,,,,,,,,,,,,,,,,,,,,,,,,,,,,2016
Edgartown,179,34,,,,,3.0,3.0,,,,,,6,19,6,,,136,,,13,2.0,29,,,3.0,,,,,,,,1.0,,10.0,1.0,,,,76,1.0,,9,8.0,,,,,,,,,,1.0,,,,2016
Gosnold,,,,,,,,,,,,,,,,,,,,,,,,,,,,,,,,,,,,,,,,,,,,,,,,,,,,,,,,,,,,2016
MBTA - Dukes County,,,,,,,,,,,,,,,,,,,,,,,,,,,,,,,,,,,,,,,,,,,,,,,,,,,,,,,,,,,,2016
Oak Bluffs,305,85,,,,,1.0,1.0,,,,,1.0,28,47,8,,,205,2.0,,29,9.0,35,,,11.0,,,,,,,2.0,4.0,,17.0,3.0,,2,,86,5.0,,15,11.0,,,,,,2.0,,,,2.0,,,,2016
Tisbury,208,67,,,,,,,,,,,1.0,27,27,12,,,134,,,12,3.0,26,,,16.0,,,,,,,,1.0,,7.0,8.0,,1,,57,3.0,,7,6.0,,,,,,,,,,1.0,,,,2016
West Tisbury,56,14,,,,,,,,,,,,7,7,,,,39,,,9,3.0,11,,,2.0,,,,,,,,1.0,,1.0,1.0,,,,9,2.0,,3,3.0,,,,,,,,,,,,,,2016
Amesbury,506,156,,,,,8.0,2.0,,6.0,3.0,,,104,21,20,,,314,1.0,3.0,37,22.0,89,,,50.0,,,,,,,4.0,1.0,,2.0,28.0,,10,,54,9.0,4.0,36,33.0,,,,,,,,,,3.0,,,,2016
Andover,597,98,,,,1.0,3.0,3.0,,,2.0,,1.0,19,68,4,,,436,3.0,,28,7.0,99,,1.0,12.0,52.0,11.0,,10.0,6.0,5.0,2.0,1.0,,11.0,35.0,,49,11.0,76,16.0,1.0,63,61.0,,,,,,,1.0,,,1.0,,,,2016
Beverly,905,291,1.0,,,,5.0,5.0,,,2.0,,,55,188,40,,,558,1.0,,37,3.0,133,,,12.0,36.0,31.0,,5.0,,,4.0,1.0,3.0,28.0,25.0,,57,7.0,158,17.0,,56,32.0,18.0,,,,,2.0,1.0,,,3.0,,,,2016
Boxford,46,1,,,,,,,,,,,,,,1,,,44,,,1,1.0,22,,,1.0,4.0,,,,1.0,,,,,,6.0,,,,8,,,1,,,,,,,,,,,1.0,,,,2016
Danvers,"1,227",220,1.0,,,1.0,,,,,9.0,,1.0,30,126,52,,,953,1.0,,29,40.0,133,22.0,,43.0,51.0,32.0,,3.0,,,7.0,8.0,,335.0,66.0,,72,16.0,64,22.0,9.0,54,28.0,,,,,,3.0,3.0,,,20.0,,,,2016
Endicott College,,,,,,,,,,,,,,,,,,,,,,,,,,,,,,,,,,,,,,,,,,,,,,,,,,,,,,,,,,,,2016
Essex,,,,,,,,,,,,,,,,,,,,,,,,,,,,,,,,,,,,,,,,,,,,,,,,,,,,,,,,,,,,2016
Essex State Police,,,,,,,,,,,,,,,,,,,,,,,,,,,,,,,,,,,,,,,,,,,,,,,,,,,,,,,,,,,,2016
Essex State Police Framingham,,,,,,,,,,,,,,,,,,,,,,,,,,,,,,,,,,,,,,,,,,,,,,,,,,,,,,,,,,,,2016
Georgetown,163,24,,,,,,,,,,1.0,,2,16,5,,,123,,,6,2.0,28,,,16.0,7.0,16.0,,,,,,,,1.0,12.0,,12,1.0,17,2.0,3.0,16,15.0,,,,,,1.0,,,,,,,,2016
Gloucester,789,296,,,,,4.0,4.0,,,4.0,,2.0,66,158,62,,,437,2.0,,22,8.0,111,1.0,,29.0,22.0,14.0,,,,,4.0,4.0,2.0,31.0,42.0,,11,,113,15.0,6.0,56,45.0,,,,,,2.0,,1.0,,8.0,,,,2016
Gordon College,,,,,,,,,,,,,,,,,,,,,,,,,,,,,,,,,,,,,,,,,,,,,,,,,,,,,,,,,,,,2016
Groveland,38,11,,,,,,,,,,,,2,9,,,,27,,,4,,6,,,2.0,7.0,1.0,,,,,,,,,2.0,,3,,2,,,,,,,,,,,,,,,,,,2016
Hamilton,92,19,,,,1.0,,,,,,,1.0,6,5,6,,,70,,,4,1.0,18,,,8.0,6.0,6.0,,,,,,,,,7.0,,4,,14,1.0,1.0,3,3.0,,,,,,,,,,,,,,2016
Haverhill,"3,338","1,229",1.0,,,3.0,20.0,20.0,,,,,2.0,317,657,229,,,"1,865",7.0,,253,30.0,548,,,109.0,47.0,,,,,,37.0,16.0,,73.0,21.0,,208,5.0,420,91.0,,244,168.0,,,1.0,,,6.0,1.0,,,68.0,,,,2016
Ipswich,286,63,,,,,,,,,1.0,,,18,36,8,,,214,2.0,,8,10.0,86,,,10.0,5.0,19.0,,,,,,,1.0,5.0,11.0,,5,,51,1.0,,9,7.0,,,,,,,,,,2.0,,,,2016
Lawrence,,,,,,,,,,,,,,,,,,,,,,,,,,,,,,,,,,,,,,,,,,,,,,,,,,,,,,,,,,,,2016
Lynn,"5,596","1,791",4.0,,,15.0,43.0,41.0,2.0,,39.0,,10.0,513,"1,037",130,,,"3,368",4.0,,378,56.0,876,1.0,1.0,138.0,71.0,40.0,1.0,,,,176.0,49.0,,158.0,50.0,,337,12.0,793,227.0,,437,277.0,,,3.0,,,4.0,56.0,,,97.0,,,,2016
Lynnfield,203,36,1.0,,,,,,,,,,,4,21,10,,,165,,,14,2.0,33,1.0,,6.0,7.0,14.0,,,,,4.0,1.0,1.0,13.0,8.0,,14,,39,6.0,2.0,2,,,,,,,1.0,,,,1.0,,,,2016
Manchester-by-the-sea,58,10,,,,,2.0,,,2.0,,,1.0,3,,4,,,39,,,2,,7,,,,5.0,,,9.0,,,,,,,3.0,,3,1.0,6,1.0,2.0,9,6.0,,,,,,1.0,,,,2.0,,,,2016
Marblehead,393,74,,,,,2.0,2.0,,,1.0,,3.0,19,32,17,,,293,,,21,9.0,83,1.0,,20.0,18.0,,,,,,1.0,,,1.0,21.0,,22,,87,7.0,2.0,26,22.0,,,,,,1.0,2.0,,,1.0,,,,2016
MBTA - Essex County,,,,,,,,,,,,,,,,,,,,,,,,,,,,,,,,,,,,,,,,,,,,,,,,,,,,,,,,,,,,2016
Merrimac,113,30,,,,,1.0,1.0,,,,,1.0,5,17,6,,,75,1.0,,11,1.0,17,,,5.0,5.0,5.0,,,,,1.0,1.0,,,12.0,,,,14,1.0,1.0,8,5.0,1.0,,,,,,,,,2.0,,,,2016
Merrimack College,,,,,,,,,,,,,,,,,,,,,,,,,,,,,,,,,,,,,,,,,,,,,,,,,,,,,,,,,,,,2016
Methuen,"1,760",235,1.0,,,1.0,1.0,1.0,,,1.0,,,53,113,65,,,"1,390",3.0,,130,14.0,238,1.0,,80.0,153.0,34.0,,3.0,,,25.0,1.0,,183.0,4.0,,196,17.0,216,87.0,5.0,135,128.0,1.0,,,,,2.0,,,,4.0,,,,2016
Middleton,172,28,,,,2.0,2.0,,,2.0,,,,6,11,7,,,143,,1.0,3,19.0,66,,,2.0,,,,,,,,,,,1.0,,3,,47,1.0,,1,1.0,,,,,,,,,,,,,,2016
Nahant,75,21,,,,,,,,,,,1.0,4,7,9,,,50,,1.0,3,,13,,,4.0,,3.0,,,,,,,,1.0,4.0,,,,16,2.0,3.0,4,1.0,,,,,,,1.0,,,2.0,,,,2016
Newbury,133,54,,,,,2.0,2.0,,,1.0,,1.0,10,34,6,,,67,,,7,1.0,10,3.0,,9.0,3.0,13.0,,,,,,,,,3.0,,,,14,3.0,1.0,12,8.0,,,,,,1.0,,,,3.0,,,,2016
Newburyport,523,103,,,,,5.0,3.0,2.0,,,1.0,3.0,11,63,20,,,390,,,24,11.0,101,3.0,,20.0,12.0,38.0,,,,,2.0,,1.0,25.0,31.0,,25,3.0,87,5.0,2.0,30,25.0,,,,,,2.0,,1.0,,2.0,,,,2016
North Andover,318,65,,,,1.0,,,,,,,,11,50,3,,,226,1.0,,11,3.0,17,1.0,1.0,1.0,18.0,,,,,,1.0,,,62.0,,,17,1.0,83,7.0,2.0,27,26.0,,,,,,,,,,1.0,,,,2016
North Shore CC,,,,,,,,,,,,,,,,,,,,,,,,,,,,,,,,,,,,,,,,,,,,,,,,,,,,,,,,,,,,2016
North Shore CC,,,,,,,,,,,,,,,,,,,,,,,,,,,,,,,,,,,,,,,,,,,,,,,,,,,,,,,,,,,,2016
North Shore Community College,,,,,,,,,,,,,,,,,,,,,,,,,,,,,,,,,,,,,,,,,,,,,,,,,,,,,,,,,,,,2016
Northern Essex Community College,,,,,,,,,,,,,,,,,,,,,,,,,,,,,,,,,,,,,,,,,,,,,,,,,,,,,,,,,,,,2016
Peabody,"1,855",475,1.0,,,1.0,16.0,12.0,4.0,,12.0,,1.0,167,182,95,,,"1,291",,,60,25.0,282,4.0,,79.0,47.0,88.0,,,,,22.0,4.0,6.0,136.0,63.0,,102,,302,44.0,27.0,89,64.0,,,,,,3.0,1.0,,,21.0,,,,2016
Rockport,64,23,,,,,3.0,,3.0,,2.0,,,1,14,3,,,38,1.0,,2,2.0,14,,,5.0,,,,,,,1.0,,,1.0,7.0,,,,5,,,3,2.0,,,,,,,,,,1.0,,,,2016
Rowley,95,33,,,,,1.0,1.0,,,,,,6,14,12,,,55,,,10,2.0,13,,,1.0,,6.0,,,,,1.0,,,,2.0,,,1.0,15,1.0,3.0,7,2.0,,,,,,1.0,,,,4.0,,,,2016
Salem,"2,687",711,2.0,,,7.0,11.0,9.0,,2.0,16.0,,1.0,86,429,159,,,"1,834",2.0,,118,12.0,448,1.0,,97.0,79.0,69.0,,24.0,1.0,,33.0,1.0,1.0,219.0,148.0,,144,7.0,384,45.0,1.0,142,97.0,17.0,,,,,1.0,4.0,,,22.0,1.0,,,2016
Salem State College,,,,,,,,,,,,,,,,,,,,,,,,,,,,,,,,,,,,,,,,,,,,,,,,,,,,,,,,,,,,2016
Salem State University,114,21,,,,1.0,5.0,5.0,,,,,,3,9,3,,,90,,,12,,31,,,1.0,3.0,,,,,,,,,1.0,,,2,,40,,,3,1.0,,,,,,,,,,2.0,,,,2016
Salisbury,509,135,,,,2.0,8.0,8.0,,,,1.0,1.0,22,80,21,,,308,,,37,5.0,90,2.0,,21.0,9.0,8.0,,,,,4.0,1.0,2.0,9.0,21.0,,11,,75,8.0,5.0,66,58.0,,,,,,,,,,8.0,,,,2016
Saugus,"1,349",221,,,,1.0,7.0,5.0,2.0,,2.0,1.0,5.0,65,113,27,,,"1,053",,,46,23.0,219,1.0,,47.0,31.0,57.0,,,,,19.0,2.0,4.0,181.0,21.0,,69,2.0,290,32.0,9.0,75,60.0,,,,,,1.0,2.0,1.0,,11.0,,,,2016
Swampscott,374,47,,,,,2.0,2.0,,,1.0,,,8,32,4,,,318,5.0,,27,6.0,68,,1.0,27.0,17.0,,,,,,,1.0,,25.0,7.0,,39,,89,6.0,,9,8.0,,,,,,,,,,1.0,,,,2016
Topsfield,36,6,,,,,1.0,,,1.0,,,,2,1,2,,,17,,,1,1.0,2,,,2.0,,,,,,,,,,,,,2,,8,,1.0,13,10.0,,,,,,1.0,,,,2.0,,,,2016
Wenham,24,8,,,,,1.0,1.0,,,,,,5,,2,,,16,,,1,1.0,3,,,1.0,,,,,,,,,,,,,2,,8,,,,,,,,,,,,,,,,,,2016
West Newbury,93,16,,,,,1.0,1.0,,,,,,,11,4,,,71,,,5,2.0,29,1.0,1.0,2.0,,9.0,,,,,,,,1.0,4.0,,6,,8,2.0,1.0,6,5.0,,,,,,1.0,,,,,,,,2016
Ashfield,,,,,,,,,,,,,,,,,,,,,,,,,,,,,,,,,,,,,,,,,,,,,,,,,,,,,,,,,,,,2016
Bernardston,49,11,,,,,1.0,1.0,,,,,,1,7,2,,,34,,,4,2.0,6,,,2.0,,1.0,,,,,,,1.0,,7.0,,1,,5,2.0,3.0,4,3.0,,,,,,,,,,1.0,,,,2016
Buckland,,,,,,,,,,,,,,,,,,,,,,,,,,,,,,,,,,,,,,,,,,,,,,,,,,,,,,,,,,,,2016
Charlemont,,,,,,,,,,,,,,,,,,,,,,,,,,,,,,,,,,,,,,,,,,,,,,,,,,,,,,,,,,,,2016
Colrain,,,,,,,,,,,,,,,,,,,,,,,,,,,,,,,,,,,,,,,,,,,,,,,,,,,,,,,,,,,,2016
Conway,,,,,,,,,,,,,,,,,,,,,,,,,,,,,,,,,,,,,,,,,,,,,,,,,,,,,,,,,,,,2016
Deerfield,148,39,,,,,1.0,,1.0,,,,1.0,5,21,11,,,101,1.0,,6,1.0,22,1.0,,9.0,4.0,7.0,,,,,,,,4.0,10.0,,3,,30,2.0,1.0,8,7.0,,,,,,,,,,1.0,,,,2016
Erving,128,21,,,,,1.0,1.0,,,,,2.0,2,10,6,,,62,2.0,,11,2.0,12,1.0,1.0,3.0,2.0,4.0,,,,,,1.0,,,5.0,,1,,16,,1.0,45,40.0,,,,,,1.0,,,,4.0,,,,2016
Franklin State Police,,,,,,,,,,,,,,,,,,,,,,,,,,,,,,,,,,,,,,,,,,,,,,,,,,,,,,,,,,,,2016
Franklin State Police Holden,,,,,,,,,,,,,,,,,,,,,,,,,,,,,,,,,,,,,,,,,,,,,,,,,,,,,,,,,,,,2016
Franklin State Police Northampton,,,,,,,,,,,,,,,,,,,,,,,,,,,,,,,,,,,,,,,,,,,,,,,,,,,,,,,,,,,,2016
Gill,,,,,,,,,,,,,,,,,,,,,,,,,,,,,,,,,,,,,,,,,,,,,,,,,,,,,,,,,,,,2016
Greenfield,"1,003",304,3.0,,,2.0,27.0,18.0,9.0,,3.0,1.0,28.0,80,137,23,,,597,4.0,,75,11.0,106,2.0,,25.0,9.0,7.0,,,,,9.0,3.0,4.0,52.0,41.0,,48,,173,15.0,13.0,102,83.0,,,1.0,,,2.0,1.0,,,15.0,,,,2016
Greenfield CC,,,,,,,,,,,,,,,,,,,,,,,,,,,,,,,,,,,,,,,,,,,,,,,,,,,,,,,,,,,,2016
Hawley,,,,,,,,,,,,,,,,,,,,,,,,,,,,,,,,,,,,,,,,,,,,,,,,,,,,,,,,,,,,2016
Heath,,,,,,,,,,,,,,,,,,,,,,,,,,,,,,,,,,,,,,,,,,,,,,,,,,,,,,,,,,,,2016
Leverett,38,2,,,,,,,,,,,,1,,1,,,36,,,2,,6,,,1.0,2.0,,,,,,,,,2.0,7.0,,7,,8,1.0,,,,,,,,,,,,,,,,,2016
Leyden,,,,,,,,,,,,,,,,,,,,,,,,,,,,,,,,,,,,,,,,,,,,,,,,,,,,,,,,,,,,2016
MBTA - Franklin County,,,,,,,,,,,,,,,,,,,,,,,,,,,,,,,,,,,,,,,,,,,,,,,,,,,,,,,,,,,,2016
Monroe,,,,,,,,,,,,,,,,,,,,,,,,,,,,,,,,,,,,,,,,,,,,,,,,,,,,,,,,,,,,2016
Montague,411,93,,,,1.0,3.0,1.0,2.0,,,1.0,2.0,49,28,9,,,293,3.0,,67,,75,,,13.0,3.0,9.0,,,,,5.0,4.0,2.0,25.0,19.0,,,,66,2.0,,25,18.0,,,,,,,,,,7.0,,,,2016
New Salem,,,,,,,,,,,,,,,,,,,,,,,,,,,,,,,,,,,,,,,,,,,,,,,,,,,,,,,,,,,,2016
Northfield,86,28,,,,,,,,,,,4.0,5,13,6,,,46,,,5,1.0,18,1.0,,,,3.0,,,,,1.0,,,,1.0,,,,16,,,12,10.0,,,,,,,,,,2.0,,,,2016
Orange,268,83,1.0,,,,7.0,7.0,,,,,2.0,17,48,8,,,173,1.0,,28,6.0,33,1.0,,16.0,8.0,2.0,,,,,3.0,,,9.0,5.0,,,,54,6.0,1.0,12,9.0,,,,,,3.0,,,,,,,,2016
Rowe,,,,,,,,,,,,,,,,,,,,,,,,,,,,,,,,,,,,,,,,,,,,,,,,,,,,,,,,,,,,2016
Shelburne,22,4,,,,,1.0,1.0,,,,,,,3,,,,17,,,4,,4,,,1.0,,3.0,,,,,,,,,1.0,,,,4,,,1,1.0,,,,,,,,,,,,,,2016
Shutesbury,,,,,,,,,,,,,,,,,,,,,,,,,,,,,,,,,,,,,,,,,,,,,,,,,,,,,,,,,,,,2016
Sunderland,69,26,,,,,1.0,1.0,,,,,,5,18,2,,,38,,,11,1.0,11,,,1.0,,1.0,,,,,,,,2.0,2.0,,,,7,2.0,,5,4.0,,,,,,,,,,1.0,,,,2016
Warwick,,,,,,,,,,,,,,,,,,,,,,,,,,,,,,,,,,,,,,,,,,,,,,,,,,,,,,,,,,,,2016
Wendell,,,,,,,,,,,,,,,,,,,,,,,,,,,,,,,,,,,,,,,,,,,,,,,,,,,,,,,,,,,,2016
Whately,45,3,,,,,,,,,,,,1,1,1,,,40,,,4,1.0,6,1.0,,7.0,4.0,4.0,,,,,,,,,4.0,,1,,7,1.0,,2,1.0,,,,,,,,,,1.0,,,,2016
Agawam,"1,098",289,,,,,10.0,7.0,2.0,1.0,2.0,1.0,14.0,64,163,35,,,765,2.0,,175,21.0,133,3.0,1.0,40.0,12.0,30.0,,,,,7.0,1.0,,28.0,20.0,,1,8.0,234,36.0,13.0,44,31.0,,,,,,3.0,1.0,1.0,,8.0,,,,2016
Blandford,,,,,,,,,,,,,,,,,,,,,,,,,,,,,,,,,,,,,,,,,,,,,,,,,,,,,,,,,,,,2016
Brimfield,40,7,,,,,,,,,,,,3,3,1,,,31,,,4,1.0,7,,,1.0,1.0,,,,,,1.0,1.0,,,2.0,,,,10,2.0,1.0,2,2.0,,,,,,,,,,,,,,2016
Chester,,,,,,,,,,,,,,,,,,,,,,,,,,,,,,,,,,,,,,,,,,,,,,,,,,,,,,,,,,,,2016
Chicopee,"3,642","1,382",2.0,,,10.0,46.0,33.0,13.0,,13.0,2.0,10.0,168,804,327,,,"2,129",2.0,,341,29.0,417,5.0,1.0,116.0,16.0,119.0,,,,,50.0,12.0,5.0,128.0,200.0,,138,125.0,295,112.0,18.0,131,86.0,,,,,,9.0,1.0,2.0,,33.0,,,,2016
East Longmeadow,452,82,,,,1.0,7.0,7.0,,,1.0,1.0,3.0,11,36,22,,,338,,,33,5.0,70,5.0,,20.0,8.0,13.0,,,,,2.0,1.0,4.0,43.0,22.0,,23,,79,7.0,3.0,32,21.0,,,,,,4.0,1.0,,,6.0,,,,2016
Granville,,,,,,,,,,,,,,,,,,,,,,,,,,,,,,,,,,,,,,,,,,,,,,,,,,,,,,,,,,,,2016
Hampden,121,19,,,,,1.0,,,1.0,,,,2,12,4,,,100,,,16,1.0,27,,,3.0,,2.0,,,,,,,,,3.0,,10,,26,11.0,1.0,2,1.0,,,,,,,,,,1.0,,,,2016
Hampden State Police,,,,,,,,,,,,,,,,,,,,,,,,,,,,,,,,,,,,,,,,,,,,,,,,,,,,,,,,,,,,2016
Hampden State Police Northampton,,,,,,,,,,,,,,,,,,,,,,,,,,,,,,,,,,,,,,,,,,,,,,,,,,,,,,,,,,,,2016
Hampden State Police Weston,,,,,,,,,,,,,,,,,,,,,,,,,,,,,,,,,,,,,,,,,,,,,,,,,,,,,,,,,,,,2016
Holland,,,,,,,,,,,,,,,,,,,,,,,,,,,,,,,,,,,,,,,,,,,,,,,,,,,,,,,,,,,,2016
Holyoke,"5,307","1,548",3.0,2.0,,15.0,24.0,24.0,,,,,,316,822,366,,,"3,270",12.0,,324,21.0,892,,3.0,4.0,31.0,,,,,,97.0,,1.0,472.0,2.0,,217,,"1,014",133.0,47.0,489,406.0,,,1.0,,,1.0,1.0,,,80.0,,,,2016
Holyoke Community College,35,3,,,,,,,,,1.0,,,,,2,,,31,,,2,,7,,,,,1.0,,,,,,,,,3.0,,4,,14,,,1,,,,,,,,,,,1.0,,,,2016
Longmeadow,353,52,,,,,3.0,2.0,1.0,,,,3.0,6,27,13,,,290,,,40,4.0,59,1.0,,31.0,7.0,26.0,,,,,2.0,,,7.0,27.0,,26,,41,14.0,5.0,11,7.0,,,,,,2.0,,,,2.0,,,,2016
Ludlow,766,164,1.0,,,6.0,8.0,5.0,2.0,1.0,,,8.0,39,71,31,,,552,2.0,,65,16.0,134,2.0,1.0,27.0,13.0,24.0,,,,,5.0,1.0,1.0,23.0,46.0,,50,,108,28.0,6.0,50,40.0,,,,,,1.0,,,,9.0,,,,2016
MBTA - Hampden County,,,,,,,,,,,,,,,,,,,,,,,,,,,,,,,,,,,,,,,,,,,,,,,,,,,,,,,,,,,,2016
Monson,281,95,,,,,5.0,2.0,3.0,,,,1.0,30,41,18,,,149,,,23,6.0,62,,,14.0,1.0,2.0,,,,,1.0,,,2.0,13.0,,,,17,6.0,2.0,37,26.0,,,,,,1.0,,,,10.0,,,,2016
Montgomery,,,,,,,,,,,,,,,,,,,,,,,,,,,,,,,,,,,,,,,,,,,,,,,,,,,,,,,,,,,,2016
Palmer,745,259,,,,,9.0,9.0,,,3.0,,1.0,56,150,40,,,374,4.0,,49,13.0,107,,2.0,17.0,6.0,9.0,,,,,2.0,,1.0,35.0,15.0,,27,2.0,65,6.0,14.0,112,91.0,,,,,,2.0,4.0,,,14.0,1.0,,,2016
Russell,,,,,,,,,,,,,,,,,,,,,,,,,,,,,,,,,,,,,,,,,,,,,,,,,,,,,,,,,,,,2016
Southwick,261,57,,,,,2.0,2.0,,,,,,13,37,5,,,186,,,28,5.0,54,3.0,,7.0,4.0,14.0,,,,,1.0,,,4.0,3.0,,,,51,11.0,1.0,18,16.0,,,,,,2.0,,,,,,,,2016
Springfield,"16,363","6,037",12.0,1.0,,62.0,83.0,54.0,21.0,8.0,83.0,,10.0,991,"3,255","1,540",,,"9,128",46.0,,"1,509",160.0,"2,162",32.0,5.0,267.0,210.0,257.0,1.0,10.0,,,527.0,48.0,10.0,384.0,715.0,10.0,801,370.0,906,611.0,87.0,"1,198",781.0,,,,,,19.0,27.0,4.0,,367.0,,,,2016
Springfield College,,,,,,,,,,,,,,,,,,,,,,,,,,,,,,,,,,,,,,,,,,,,,,,,,,,,,,,,,,,,2016
Springfield Technical Community College,42,8,,,,,,,,,1.0,,,,6,1,,,33,,,,,15,,,,,,,,,,,,,1.0,8.0,,,,9,,,1,1.0,,,,,,,,,,,,,,2016
Tolland,,,,,,,,,,,,,,,,,,,,,,,,,,,,,,,,,,,,,,,,,,,,,,,,,,,,,,,,,,,,2016
Wales,25,7,,,,,,,,,,,,1,2,4,,,11,,,2,,3,,,,,,,,,,1.0,,,,1.0,,,,3,1.0,,7,5.0,,,,,,,,,,2.0,,,,2016
West Springfield,"2,311",417,1.0,,,4.0,20.0,17.0,3.0,,12.0,,5.0,133,199,43,,,"1,796",3.0,,135,30.0,306,11.0,,67.0,13.0,33.0,,,,,38.0,6.0,6.0,380.0,135.0,,95,1.0,431,72.0,34.0,98,78.0,,,,,,9.0,1.0,,,10.0,,,,2016
Western New England Coll,,,,,,,,,,,,,,,,,,,,,,,,,,,,,,,,,,,,,,,,,,,,,,,,,,,,,,,,,,,,2016
Western New England University,,,,,,,,,,,,,,,,,,,,,,,,,,,,,,,,,,,,,,,,,,,,,,,,,,,,,,,,,,,,2016
Westfield,"1,468",374,,2.0,,3.0,19.0,16.0,3.0,,,,1.0,67,221,61,,,"1,003",5.0,,117,24.0,200,2.0,,84.0,24.0,66.0,,,,,10.0,,1.0,80.0,148.0,,59,27.0,111,27.0,18.0,91,72.0,,,,,,9.0,,,,10.0,,,,2016
Westfield State College,176,36,,,,1.0,2.0,2.0,,,6.0,,,,21,6,,,69,1.0,,1,1.0,38,,,2.0,,,,,,,,,1.0,,11.0,,2,,12,,,71,71.0,,,,,,,,,,,,,,2016
Wilbraham,480,113,,,,,5.0,4.0,1.0,,1.0,,2.0,12,55,38,,,304,3.0,,48,9.0,68,1.0,,13.0,4.0,12.0,,,,,1.0,,,19.0,13.0,,26,,67,13.0,7.0,63,56.0,,,,,,,,,,7.0,,,,2016
Amherst,654,226,1.0,1.0,,,22.0,19.0,2.0,1.0,4.0,,3.0,63,122,10,,,391,2.0,,70,9.0,71,1.0,,14.0,2.0,13.0,,,,,4.0,,,15.0,17.0,,26,,125,15.0,7.0,37,35.0,,,,,,2.0,,,,,,,,2016
Amherst College,,,,,,,,,,,,,,,,,,,,,,,,,,,,,,,,,,,,,,,,,,,,,,,,,,,,,,,,,,,,2016
Belchertown,261,76,,,,,1.0,1.0,,,1.0,2.0,2.0,12,43,15,,,167,2.0,,22,3.0,45,2.0,,14.0,4.0,7.0,,,,,,,,5.0,20.0,,5,,29,6.0,3.0,18,11.0,,,,,,5.0,,,,2.0,,,,2016
Chesterfield,2,,,,,,,,,,,,,,,,,,1,,,,,1,,,,,,,,,,,,,,,,,,,,,1,1.0,,,,,,,,,,,,,,2016
Cummington,,,,,,,,,,,,,,,,,,,,,,,,,,,,,,,,,,,,,,,,,,,,,,,,,,,,,,,,,,,,2016
Easthampton,500,161,,,,3.0,8.0,7.0,1.0,,2.0,,11.0,40,77,20,,,297,1.0,,27,9.0,66,1.0,1.0,19.0,6.0,5.0,,,,,2.0,,1.0,14.0,21.0,,32,,84,5.0,3.0,42,32.0,,,,1.0,,8.0,1.0,,,,,,,2016
Goshen,8,2,,,,,,,,,,,,1,1,,,,5,,,1,,2,,,,,,,,,,,,,,,,,,1,1.0,,1,,,,,,,,,,,1.0,,,,2016
Granby,132,34,,,,,,,,,,,1.0,7,21,5,,,89,,,13,2.0,18,,,2.0,4.0,6.0,,,,,,,,2.0,11.0,,13,1.0,14,2.0,1.0,9,5.0,,,,,,1.0,,,,3.0,,,,2016
Hadley,368,58,,,,,2.0,2.0,,,1.0,,,20,21,14,,,294,,,16,5.0,45,,2.0,9.0,2.0,11.0,,,,,3.0,,2.0,91.0,15.0,,15,2.0,68,5.0,3.0,16,14.0,,,,,,1.0,,,,1.0,,,,2016
Hampshire College,68,8,,,,,1.0,1.0,,,1.0,,,1,3,2,,,58,,,5,,24,,,1.0,,,,,,,,,,,10.0,,,,18,,,2,1.0,1.0,,,,,,,,,,,,,2016
Hampshire College,,,,,,,,,,,,,,,,,,,,,,,,,,,,,,,,,,,,,,,,,,,,,,,,,,,,,,,,,,,,2016
Hampshire State Police,,,,,,,,,,,,,,,,,,,,,,,,,,,,,,,,,,,,,,,,,,,,,,,,,,,,,,,,,,,,2016
Hampshire State Police Northampton,,,,,,,,,,,,,,,,,,,,,,,,,,,,,,,,,,,,,,,,,,,,,,,,,,,,,,,,,,,,2016
Hatfield,35,5,,,,,,,,,,,,2,3,,,,30,,,1,2.0,11,,,3.0,1.0,,,,,,,,,,1.0,,,,10,1.0,,,,,,,,,,,,,,,,,2016
Huntington,,,,,,,,,,,,,,,,,,,,,,,,,,,,,,,,,,,,,,,,,,,,,,,,,,,,,,,,,,,,2016
MBTA - Hampshire County,,,,,,,,,,,,,,,,,,,,,,,,,,,,,,,,,,,,,,,,,,,,,,,,,,,,,,,,,,,,2016
Middlefield,,,,,,,,,,,,,,,,,,,,,,,,,,,,,,,,,,,,,,,,,,,,,,,,,,,,,,,,,,,,2016
Mt. Holyoke College,,,,,,,,,,,,,,,,,,,,,,,,,,,,,,,,,,,,,,,,,,,,,,,,,,,,,,,,,,,,2016
Mt. Holyoke College,96,10,,,,,3.0,2.0,1.0,,,,,,5,2,,,85,2.0,,13,,12,,,4.0,7.0,2.0,,,,,,,,,25.0,,,,19,1.0,,1,,,,,,,1.0,,,,,,,,2016
Northampton,"1,581",459,,,,3.0,20.0,13.0,7.0,,10.0,,8.0,93,281,44,,,"1,009",7.0,,86,17.0,227,1.0,,50.0,19.0,36.0,,,,,13.0,3.0,1.0,156.0,155.0,,78,13.0,123,12.0,12.0,113,96.0,,,,,,8.0,,,,9.0,,,,2016
Pelham,27,4,,,,,,,,,,,1.0,,2,1,,,17,,,3,,4,,,2.0,,2.0,,,,,,,,,,,,,2,4.0,,6,6.0,,,,,,,,,,,,,,2016
Plainfield,,,,,,,,,,,,,,,,,,,,,,,,,,,,,,,,,,,,,,,,,,,,,,,,,,,,,,,,,,,,2016
Smith College,51,2,,,,,2.0,1.0,1.0,,,,,,,,,,48,,,3,,4,,,1.0,,,,,,,,,,,22.0,,1,,17,,,1,1.0,,,,,,,,,,,,,,2016
Smith College,,,,,,,,,,,,,,,,,,,,,,,,,,,,,,,,,,,,,,,,,,,,,,,,,,,,,,,,,,,,2016
South Hadley,587,134,,1.0,,1.0,2.0,2.0,,,1.0,,5.0,17,81,26,,,409,1.0,,69,8.0,93,2.0,,28.0,9.0,23.0,,,,,5.0,1.0,1.0,8.0,20.0,,29,,90,12.0,10.0,44,31.0,,,1.0,,,6.0,1.0,,,5.0,,,,2016
Southampton,126,23,,,,,,,,,,,1.0,6,15,1,,,89,,,11,3.0,25,,,11.0,8.0,1.0,,,,,2.0,,,1.0,3.0,,3,,18,1.0,2.0,14,7.0,,,,,,4.0,,,,3.0,,,,2016
U-Mass Amherst,467,55,,,,,2.0,2.0,,,2.0,,,10,29,12,,,397,4.0,,15,6.0,124,,1.0,13.0,1.0,1.0,,,,,2.0,,1.0,1.0,21.0,,8,1.0,190,1.0,7.0,15,10.0,,,1.0,,,3.0,,,,1.0,,,,2016
Ware,453,161,,,,,4.0,3.0,,1.0,,,,50,106,1,,,257,1.0,,20,3.0,58,1.0,1.0,7.0,2.0,6.0,,,,,4.0,,1.0,77.0,6.0,,2,,58,7.0,3.0,35,30.0,,,,,,1.0,,,,4.0,,,,2016
Westhampton,,,,,,,,,,,,,,,,,,,,,,,,,,,,,,,,,,,,,,,,,,,,,,,,,,,,,,,,,,,,2016
Williamsburg,45,4,,,,,,,,,,,,2,1,1,,,23,,,8,2.0,3,,,1.0,,,,1.0,,,,,,,1.0,,,,5,,2.0,18,16.0,,,,,,1.0,,,,1.0,,,,2016
Worthington,,,,,,,,,,,,,,,,,,,,,,,,,,,,,,,,,,,,,,,,,,,,,,,,,,,,,,,,,,,,2016
Acton,482,110,1.0,,,1.0,4.0,4.0,,,,,,20,65,19,,,360,,,24,4.0,67,1.0,3.0,52.0,22.0,32.0,,1.0,1.0,,,,,16.0,27.0,,24,11.0,66,5.0,4.0,12,11.0,,,,,,1.0,,,,,,,,2016
Arlington,666,183,,,,,9.0,9.0,,,1.0,,,38,106,29,,,453,3.0,,45,6.0,109,1.0,1.0,33.0,8.0,47.0,,,,,7.0,3.0,,27.0,31.0,,29,8.0,73,18.0,4.0,30,19.0,,,,,,2.0,,,,9.0,,,,2016
Ashby,,,,,,,,,,,,,,,,,,,,,,,,,,,,,,,,,,,,,,,,,,,,,,,,,,,,,,,,,,,,2016
Ashland,343,91,,,,1.0,5.0,5.0,,,,,,14,53,18,,,231,1.0,,38,12.0,42,1.0,,15.0,11.0,21.0,,,,,1.0,1.0,,7.0,15.0,,18,,41,4.0,3.0,21,18.0,,,,,,2.0,,,,1.0,,,,2016
Ayer,285,99,,,,1.0,3.0,3.0,,,,,,30,62,3,,,174,,,33,6.0,47,,,16.0,3.0,,,,,,1.0,,,11.0,3.0,,,,51,3.0,,12,8.0,,,,,,2.0,,,,2.0,,,,2016
Bedford,93,12,,,,,,,,,,1.0,,4,7,,,,74,,,4,1.0,16,,,2.0,4.0,,,,,,2.0,,,8.0,8.0,,5,,24,,,7,5.0,,,,,,,,,,2.0,,,,2016
Belmont,401,78,,,,,5.0,5.0,,,,,,10,54,9,,,317,,,58,3.0,34,,2.0,35.0,1.0,58.0,,,,,,,,5.0,19.0,,,,97,5.0,,6,3.0,,,,,,1.0,,,,2.0,,,,2016
Bentley College,,,,,,,,,,,,,,,,,,,,,,,,,,,,,,,,,,,,,,,,,,,,,,,,,,,,,,,,,,,,2016
Billerica,706,164,,,,1.0,3.0,3.0,,,8.0,,,40,72,40,,,476,,,33,11.0,128,,1.0,27.0,43.0,46.0,,9.0,,,5.0,,1.0,12.0,29.0,,41,17.0,62,8.0,3.0,66,40.0,20.0,,,,,2.0,,,,4.0,,,,2016
Boston and Maine Railroad Police Dept,,,,,,,,,,,,,,,,,,,,,,,,,,,,,,,,,,,,,,,,,,,,,,,,,,,,,,,,,,,,2016
Boston College,,,,,,,,,,,,,,,,,,,,,,,,,,,,,,,,,,,,,,,,,,,,,,,,,,,,,,,,,,,,2016
Boston College(Old ORI pre-2011),,,,,,,,,,,,,,,,,,,,,,,,,,,,,,,,,,,,,,,,,,,,,,,,,,,,,,,,,,,,2016
Boxborough,85,20,,,,,,,,,,,1.0,7,7,5,,,56,,,4,,17,,,2.0,6.0,6.0,,,,,,,,1.0,2.0,,1,,12,3.0,2.0,9,8.0,,,,,,,,,,1.0,,,,2016
Brandeis University,,,,,,,,,,,,,,,,,,,,,,,,,,,,,,,,,,,,,,,,,,,,,,,,,,,,,,,,,,,,2016
Brandeis University,,,,,,,,,,,,,,,,,,,,,,,,,,,,,,,,,,,,,,,,,,,,,,,,,,,,,,,,,,,,2016
Burlington,934,161,,,,,7.0,4.0,3.0,,3.0,,4.0,37,70,40,,,748,3.0,,23,13.0,105,9.0,1.0,62.0,33.0,38.0,,,,,8.0,3.0,5.0,140.0,30.0,,23,1.0,228,11.0,12.0,25,17.0,,,,,,3.0,,,,5.0,,,,2016
Cambridge,"4,870","1,155",2.0,,,8.0,28.0,27.0,1.0,,2.0,,1.0,194,604,316,,,"3,612",6.0,,329,70.0,451,3.0,7.0,245.0,74.0,173.0,,,,,76.0,116.0,1.0,208.0,193.0,,332,12.0,"1,158",122.0,36.0,103,63.0,,,,,,6.0,5.0,,,29.0,,,,2016
Carlisle,70,6,,,,,,,,,,,,,3,3,,,62,,,1,,9,,,10.0,4.0,14.0,,,,,1.0,,,,4.0,,5,,14,,,2,2.0,,,,,,,,,,,,,,2016
Chelmsford,733,49,,,,,2.0,2.0,,,2.0,,,22,20,3,,,663,1.0,,25,1.0,118,4.0,,4.0,36.0,17.0,,9.0,,,5.0,,,141.0,29.0,,100,2.0,108,18.0,45.0,21,19.0,,,,,,,,,,2.0,,,,2016
Concord,356,83,,,,,3.0,3.0,,,4.0,,,15,39,22,,,255,1.0,,19,10.0,53,,,17.0,9.0,27.0,,,,,1.0,1.0,,8.0,26.0,,,,80,,3.0,18,16.0,,,,,,1.0,,,,1.0,,,,2016
Dracut,908,138,1.0,1.0,,,3.0,3.0,,,6.0,,1.0,31,77,18,,,747,,,64,6.0,221,,1.0,27.0,51.0,6.0,,1.0,20.0,,3.0,,1.0,38.0,35.0,,182,6.0,58,25.0,2.0,23,16.0,,,,,,2.0,,,,5.0,,,,2016
Dunstable,58,14,,,,,,,,,,,1.0,4,6,3,,,34,2.0,,4,,9,,,2.0,1.0,3.0,,,,,,,,,,,3,,10,,,10,8.0,1.0,,,,,,,,,1.0,,,,2016
Everett,"1,719",388,2.0,,,2.0,10.0,10.0,,,9.0,,1.0,114,140,110,,,"1,214",2.0,,106,17.0,269,,2.0,31.0,89.0,25.0,4.0,5.0,34.0,,37.0,2.0,5.0,110.0,27.0,,112,7.0,241,77.0,12.0,117,50.0,24.0,,,,,1.0,1.0,,,41.0,,,,2016
Framingham,"2,125",626,,,,8.0,9.0,4.0,,5.0,12.0,1.0,1.0,186,408,1,,,"1,346",,,128,26.0,314,,,4.0,22.0,88.0,,,,,19.0,8.0,,123.0,25.0,1.0,192,1.0,322,58.0,15.0,153,107.0,,,,,,1.0,3.0,,,42.0,,,,2016
Framingham SC,,,,,,,,,,,,,,,,,,,,,,,,,,,,,,,,,,,,,,,,,,,,,,,,,,,,,,,,,,,,2016
Framingham State University,,,,,,,,,,,,,,,,,,,,,,,,,,,,,,,,,,,,,,,,,,,,,,,,,,,,,,,,,,,,2016
Groton,130,20,,,,,3.0,3.0,,,,,2.0,1,5,9,,,99,1.0,,10,4.0,18,2.0,,8.0,5.0,10.0,,,,,,,,8.0,9.0,,2,,21,1.0,,11,6.0,,,,,,2.0,,,,3.0,,,,2016
Harvard University,,,,,,,,,,,,,,,,,,,,,,,,,,,,,,,,,,,,,,,,,,,,,,,,,,,,,,,,,,,,2016
Holliston,148,37,,,,,1.0,1.0,,,,,,9,21,6,,,105,1.0,,13,4.0,33,2.0,,1.0,1.0,2.0,,,,,1.0,,1.0,1.0,4.0,,12,,25,4.0,,6,5.0,,,,,,1.0,,,,,,,,2016
Hopkinton,171,29,,,,,,,,,,,,2,26,1,,,137,,,1,2.0,43,,,5.0,4.0,,,,12.0,,,,,5.0,5.0,,27,,33,,,5,5.0,,,,,,,,,,,,,,2016
Hudson,448,78,,,,2.0,,,,,1.0,,,5,,70,,,362,,,25,6.0,72,2.0,,15.0,37.0,,,,,,3.0,,,,109.0,,30,1.0,59,3.0,,8,6.0,,,,,,,,,,2.0,,,,2016
Lasell College,,,,,,,,,,,,,,,,,,,,,,,,,,,,,,,,,,,,,,,,,,,,,,,,,,,,,,,,,,,,2016
Lexington,277,33,,,,,3.0,3.0,,,,,,19,2,9,,,241,,,22,3.0,50,,,6.0,25.0,10.0,,6.0,,,1.0,,,5.0,18.0,,20,,72,2.0,1.0,3,2.0,,,,,,,1.0,,,,,,,2016
Lincoln,80,16,,,,,1.0,1.0,,,1.0,,,1,13,,,,58,,,6,,9,,,,3.0,,,,,,,,,2.0,8.0,,15,,14,,1.0,6,5.0,,,,,,1.0,,,,,,,,2016
Littleton,214,53,,,,,4.0,3.0,1.0,,2.0,1.0,3.0,7,24,12,,,147,,,10,5.0,34,1.0,,12.0,6.0,4.0,,,,,,1.0,,4.0,11.0,,7,,44,5.0,3.0,14,11.0,,,,,,1.0,2.0,,,,,,,2016
Lowell,"6,407","2,024",,,,9.0,22.0,21.0,1.0,,20.0,,1.0,235,"1,476",261,,,"3,955",13.0,1.0,413,52.0,"1,155",2.0,3.0,98.0,127.0,49.0,,14.0,,,128.0,5.0,2.0,233.0,50.0,,466,106.0,584,413.0,41.0,428,253.0,,,,,,6.0,26.0,1.0,6.0,134.0,2.0,,,2016
Malden,"1,693",504,1.0,,,4.0,10.0,10.0,,,18.0,,1.0,120,307,43,,,"1,136",,,98,21.0,246,1.0,,63.0,21.0,2.0,,,,,41.0,11.0,,78.0,11.0,,128,1.0,312,102.0,,53,35.0,,,,,,2.0,2.0,,,14.0,,,,2016
Marlborough,"1,668",486,,,,2.0,15.0,13.0,2.0,,16.0,,3.0,139,235,76,,,"1,134",2.0,,90,20.0,271,8.0,4.0,67.0,48.0,76.0,,,,,8.0,2.0,3.0,45.0,38.0,,88,2.0,320,25.0,17.0,48,29.0,,,,,,10.0,2.0,,,7.0,,,,2016
Maynard,273,104,,,,1.0,6.0,4.0,2.0,,,,3.0,22,50,22,,,144,2.0,,11,4.0,44,1.0,,13.0,5.0,8.0,,,,,1.0,,2.0,5.0,7.0,,2,,33,1.0,5.0,25,18.0,,,,,,2.0,,,,5.0,,,,2016
MBTA - Middlesex County,,,,,,,,,,,,,,,,,,,,,,,,,,,,,,,,,,,,,,,,,,,,,,,,,,,,,,,,,,,,2016
Medford,"1,493",377,,,,4.0,4.0,4.0,,,,,,71,214,84,,,"1,061",,,88,23.0,200,,1.0,85.0,2.0,,,,,,22.0,12.0,,36.0,22.0,,150,4.0,366,50.0,,55,52.0,,,,,,,,,,3.0,,,,2016
Melrose,470,95,,,,2.0,2.0,2.0,,,,,1.0,13,53,24,,,367,,,17,5.0,106,,,13.0,2.0,9.0,,,,,4.0,1.0,1.0,13.0,35.0,,44,1.0,89,24.0,3.0,8,5.0,,,,,,1.0,,,,2.0,,,,2016
Middlesex State Police,,,,,,,,,,,,,,,,,,,,,,,,,,,,,,,,,,,,,,,,,,,,,,,,,,,,,,,,,,,,2016
Middlesex State Police Framingham,,,,,,,,,,,,,,,,,,,,,,,,,,,,,,,,,,,,,,,,,,,,,,,,,,,,,,,,,,,,2016
Middlesex State Police Holden,,,,,,,,,,,,,,,,,,,,,,,,,,,,,,,,,,,,,,,,,,,,,,,,,,,,,,,,,,,,2016
Middlesex State Police Weston,,,,,,,,,,,,,,,,,,,,,,,,,,,,,,,,,,,,,,,,,,,,,,,,,,,,,,,,,,,,2016
MIT,417,32,,,,,,,,,,,,4,13,15,,,381,,,19,,22,,4.0,18.0,,,,1.0,,,,1.0,,,23.0,,1,,290,2.0,,4,1.0,,,,,,,,,,3.0,,,,2016
Mount IDA College,,,,,,,,,,,,,,,,,,,,,,,,,,,,,,,,,,,,,,,,,,,,,,,,,,,,,,,,,,,,2016
Natick,"1,091",206,,,,1.0,6.0,6.0,,,1.0,,3.0,44,112,39,,,870,3.0,,40,15.0,165,19.0,,52.0,26.0,10.0,,,,,9.0,4.0,3.0,48.0,130.0,,105,7.0,202,14.0,18.0,15,10.0,,,,,,2.0,1.0,,,2.0,,,,2016
Newton,"1,315",279,,,,2.0,3.0,3.0,,,10.0,,2.0,32,165,65,,,"1,013",,,82,32.0,168,16.0,1.0,84.0,30.0,11.0,,3.0,,,11.0,1.0,,80.0,146.0,3.0,152,11.0,153,19.0,10.0,23,12.0,,,,,,,2.0,,,9.0,,,,2016
North Reading,177,50,,,,,2.0,2.0,,,,,,18,18,12,,,102,,,3,1.0,21,,,7.0,1.0,8.0,,,,,,,1.0,16.0,8.0,,3,,28,4.0,1.0,25,20.0,,,,,,3.0,,,,2.0,,,,2016
Pepperell,346,131,,,,,5.0,4.0,1.0,,1.0,,1.0,19,74,31,,,205,1.0,,17,3.0,66,1.0,,16.0,7.0,16.0,,,,,,,,4.0,25.0,,18,,28,2.0,1.0,10,5.0,,,,,,3.0,,,,2.0,,,,2016
Reading,414,40,,,,,1.0,1.0,,,,,,5,20,14,,,329,,,34,2.0,69,,,11.0,47.0,1.0,,6.0,,,5.0,1.0,,15.0,79.0,,31,3.0,15,6.0,4.0,45,29.0,16.0,,,,,,,,,,,,,2016
Regis College,,,,,,,,,,,,,,,,,,,,,,,,,,,,,,,,,,,,,,,,,,,,,,,,,,,,,,,,,,,,2016
Regis College,,,,,,,,,,,,,,,,,,,,,,,,,,,,,,,,,,,,,,,,,,,,,,,,,,,,,,,,,,,,2016
Regis College,,,,,,,,,,,,,,,,,,,,,,,,,,,,,,,,,,,,,,,,,,,,,,,,,,,,,,,,,,,,2016
Sherborn,48,8,,,,,1.0,,1.0,,,,,1,4,2,,,38,,,3,3.0,12,,,4.0,1.0,4.0,,,,,1.0,,,,3.0,,3,,4,,,2,2.0,,,,,,,,,,,,,,2016
Shirley,117,43,,,,1.0,2.0,2.0,,,,,,15,24,1,,,67,,,6,1.0,17,,,1.0,1.0,1.0,,,,,,1.0,1.0,,4.0,,4,1.0,25,3.0,1.0,7,6.0,,,,,,1.0,,,,,,,,2016
Somerville,"2,466",532,,,,5.0,14.0,14.0,,,20.0,,3.0,151,292,47,,,"1,812",6.0,,208,28.0,289,,3.0,72.0,72.0,,,,,,48.0,23.0,,168.0,48.0,,206,1.0,537,103.0,,122,86.0,,,,,,3.0,,,,33.0,,,,2016
Stoneham,536,120,1.0,,,,4.0,4.0,,,3.0,,,23,68,21,,,386,1.0,,84,7.0,44,,,44.0,3.0,12.0,,,,,3.0,2.0,,21.0,8.0,,5,,125,19.0,8.0,30,24.0,,,,,,1.0,,,,5.0,,,,2016
Stow,140,42,,,,1.0,,,,,1.0,1.0,,10,25,4,,,90,,,14,1.0,23,1.0,,14.0,9.0,6.0,,,,,,1.0,,3.0,4.0,,,,12,,2.0,8,2.0,,,,,,4.0,,,,2.0,,,,2016
Sudbury,96,21,,,,,,,,,,,,7,12,2,,,71,,,7,3.0,10,2.0,,7.0,6.0,,,1.0,,,,,,1.0,8.0,,10,1.0,14,1.0,,4,3.0,,,,,,,1.0,,,,,,,2016
Tewksbury,"1,014",254,,,,1.0,10.0,10.0,,,4.0,,7.0,43,144,43,2.0,,662,2.0,,42,16.0,149,4.0,2.0,66.0,32.0,38.0,,,,,10.0,1.0,3.0,54.0,34.0,,33,,145,16.0,15.0,98,81.0,,,,,,,6.0,1.0,,10.0,,,,2016
Townsend,140,20,,,,,3.0,3.0,,,,,,12,,5,,,108,,,11,,22,,,16.0,15.0,,,,,,,,,1.0,,,,,39,3.0,1.0,12,12.0,,,,,,,,,,,,,,2016
Tufts University Medford,127,14,,,,,4.0,4.0,,,3.0,,,1,3,3,,,111,1.0,,19,,27,,,5.0,2.0,,,,,,2.0,,,,34.0,,,,21,,,2,2.0,,,,,,,,,,,,,,2016
Tufts University prior 01/01/2015,,,,,,,,,,,,,,,,,,,,,,,,,,,,,,,,,,,,,,,,,,,,,,,,,,,,,,,,,,,,2016
Tufts University since 01/01/2015,,,,,,,,,,,,,,,,,,,,,,,,,,,,,,,,,,,,,,,,,,,,,,,,,,,,,,,,,,,,2016
Tyngsborough,251,75,,,,,,,,,1.0,2.0,4.0,11,52,5,,,158,,,10,2.0,67,1.0,,10.0,2.0,5.0,,,,,1.0,,,,8.0,,1,,43,3.0,5.0,18,15.0,,,,,,,,,,3.0,,,,2016
U-Mass Lowell,,,,,,,,,,,,,,,,,,,,,,,,,,,,,,,,,,,,,,,,,,,,,,,,,,,,,,,,,,,,2016
Wakefield,662,147,,,,2.0,9.0,7.0,2.0,,1.0,2.0,5.0,45,58,25,,,468,2.0,,29,12.0,94,,,31.0,11.0,60.0,,,,,7.0,1.0,,8.0,42.0,,48,2.0,94,15.0,12.0,47,41.0,,,,,,1.0,,,,5.0,,,,2016
Waltham,"1,609",469,1.0,,,1.0,12.0,12.0,,,2.0,,,80,314,59,,,"1,063",2.0,,110,30.0,175,,2.0,119.0,6.0,,,1.0,,,8.0,6.0,,49.0,19.0,,186,4.0,316,30.0,,77,61.0,,,,,,2.0,7.0,,,7.0,,,,2016
Watertown,"1,021",263,,,,,3.0,3.0,,,3.0,,2.0,31,166,58,,,722,,,29,7.0,131,8.0,1.0,36.0,45.0,69.0,,,,,4.0,3.0,9.0,129.0,58.0,,46,18.0,103,12.0,14.0,36,29.0,,,,,,2.0,,,,5.0,,,,2016
Wayland,22,3,,,,,,,,,,,,3,,,,,12,,,4,,1,,,,,,,,,,2.0,,,,,,1,,,2.0,2.0,7,6.0,,,,,,,1.0,,,,,,,2016
Westford,286,57,,,,,4.0,4.0,,,2.0,2.0,3.0,16,26,4,,,176,,,16,3.0,46,,,12.0,3.0,15.0,,,,,1.0,,,6.0,13.0,,8,,45,3.0,5.0,53,39.0,,,,,,4.0,3.0,,,7.0,,,,2016
Weston,103,20,,,,,5.0,5.0,,,4.0,,2.0,5,3,1,,,79,,,6,6.0,8,1.0,,3.0,,3.0,,,,,,,,,15.0,,6,,26,4.0,1.0,4,3.0,,,,,,,,,,1.0,,,,2016
Wilmington,547,116,,,,1.0,1.0,1.0,,,,,,38,49,27,,,397,2.0,,27,13.0,86,4.0,,36.0,24.0,34.0,,,,,5.0,1.0,,8.0,28.0,,10,,96,14.0,9.0,34,27.0,,,1.0,,,2.0,,,,4.0,,,,2016
Winchester,241,20,,,,,1.0,1.0,,,,,,2,16,1,,,211,,,21,1.0,39,,,,,,,,,,1.0,,,7.0,17.0,,54,2.0,61,5.0,3.0,10,8.0,,,,,,,,,,2.0,,,,2016
Woburn,"1,172",247,,,,3.0,9.0,9.0,,,2.0,,2.0,63,162,6,,,837,1.0,,64,13.0,200,,1.0,50.0,29.0,32.0,,3.0,,,10.0,1.0,9.0,82.0,61.0,,50,12.0,185,20.0,14.0,88,57.0,,,,,,4.0,16.0,4.0,,7.0,,,,2016
MBTA - Nantucket County,,,,,,,,,,,,,,,,,,,,,,,,,,,,,,,,,,,,,,,,,,,,,,,,,,,,,,,,,,,,2016
Nantucket,785,148,,,,,4.0,4.0,,,3.0,,2.0,23,111,5,,,581,,,54,5.0,182,,,26.0,21.0,9.0,1.0,4.0,,,2.0,,,10.0,43.0,,27,,186,10.0,1.0,56,46.0,4.0,,,,,1.0,,,,5.0,,,,2016
Nantucket State Police,,,,,,,,,,,,,,,,,,,,,,,,,,,,,,,,,,,,,,,,,,,,,,,,,,,,,,,,,,,,2016
Avon,,,,,,,,,,,,,,,,,,,,,,,,,,,,,,,,,,,,,,,,,,,,,,,,,,,,,,,,,,,,2016
Babson College,,,,,,,,,,,,,,,,,,,,,,,,,,,,,,,,,,,,,,,,,,,,,,,,,,,,,,,,,,,,2016
Bellingham,887,153,,,,1.0,6.0,5.0,1.0,,6.0,,,26,71,43,,,685,1.0,,26,17.0,99,6.0,,54.0,17.0,28.0,,,,,2.0,3.0,4.0,126.0,39.0,,41,,194,17.0,11.0,49,41.0,,,,,,5.0,,,,3.0,,,,2016
Braintree,"1,373",327,,,,4.0,5.0,5.0,,,9.0,,,81,189,39,,,910,,,48,23.0,59,,,17.0,110.0,15.0,,5.0,2.0,,6.0,66.0,14.0,313.0,46.0,,74,9.0,55,48.0,,136,112.0,15.0,,,,,,1.0,1.0,,7.0,,,,2016
Brookline,"1,035",196,,,,,5.0,5.0,,,6.0,,,46,123,16,,,836,,,76,17.0,109,3.0,,25.0,14.0,8.0,,12.0,,,13.0,5.0,5.0,70.0,192.0,,71,21.0,182,10.0,3.0,3,1.0,,,,,,,1.0,1.0,,,,,,2016
Canton,550,145,,,,1.0,5.0,5.0,,,,,8.0,69,36,26,,,392,1.0,,28,7.0,73,8.0,1.0,27.0,11.0,32.0,,,,,4.0,,2.0,18.0,51.0,,27,,79,16.0,7.0,13,7.0,,,,,,1.0,1.0,,,4.0,,,,2016
Cohasset,186,50,,,,,3.0,1.0,2.0,,,,1.0,15,25,6,,,135,1.0,,21,3.0,33,,1.0,6.0,4.0,12.0,,,,,1.0,1.0,,2.0,5.0,,10,,32,3.0,,1,1.0,,,,,,,,,,,,,,2016
Curry College,,,,,,,,,,,,,,,,,,,,,,,,,,,,,,,,,,,,,,,,,,,,,,,,,,,,,,,,,,,,2016
Dean College,48,17,,,,,2.0,2.0,,,,,,,15,,,,31,,,13,,,,,,,,,,,,,,,,16.0,,1,,1,,,,,,,,,,,,,,,,,,2016
Dedham,719,54,1.0,,,,,,,,,,,5,48,,,,662,,,27,12.0,97,4.0,,4.0,35.0,,,2.0,,,4.0,2.0,2.0,217.0,2.0,,72,,146,36.0,,3,3.0,,,,,,,,,,,,,,2016
Dover,85,9,,,,,1.0,1.0,,,,,,1,3,4,,,76,,,8,4.0,11,,,8.0,3.0,10.0,,,,,,,,,8.0,,4,,19,1.0,,,,,,,,,,,,,,,,,2016
Foxborough,,,,,,,,,,,,,,,,,,,,,,,,,,,,,,,,,,,,,,,,,,,,,,,,,,,,,,,,,,,,2016
Franklin,204,68,,,,,2.0,2.0,,,,,,,63,3,,,114,,,19,,16,,,,,,,,,,,,,12.0,26.0,1.0,25,6.0,3,6.0,,22,22.0,,,,,,,,,,,,,,2016
Holbrook,407,110,,,,,6.0,3.0,3.0,,1.0,,6.0,46,29,22,,,280,,,40,5.0,82,1.0,,22.0,3.0,9.0,,,,,10.0,1.0,1.0,5.0,21.0,,19,3.0,45,6.0,7.0,17,12.0,,,,,,2.0,,,,2.0,1.0,,,2016
Mass Bay Community College,,,,,,,,,,,,,,,,,,,,,,,,,,,,,,,,,,,,,,,,,,,,,,,,,,,,,,,,,,,,2016
MBTA - Norfolk County,,,,,,,,,,,,,,,,,,,,,,,,,,,,,,,,,,,,,,,,,,,,,,,,,,,,,,,,,,,,2016
Medfield,25,12,,,,,,,,,,,,2,6,4,,,12,,,1,2.0,2,,,,,3.0,,,,,1.0,,,1.0,1.0,,,,1,,,1,1.0,,,,,,,,,,,,,,2016
Medway,133,27,,,,,,,,,,,6.0,1,19,1,,,104,1.0,,27,,31,,,,,2.0,,,4.0,,,,,3.0,1.0,,1,,33,1.0,,2,,,,,,,2.0,,,,,,,,2016
Millis,,,,,,,,,,,,,,,,,,,,,,,,,,,,,,,,,,,,,,,,,,,,,,,,,,,,,,,,,,,,2016
Milton,302,17,,,,,1.0,1.0,,,,,,5,11,,,,279,,,36,,48,,,,,,,,,,3.0,,,2.0,34.0,,48,,92,16.0,,6,6.0,,,,,,,,,,,,,,2016
Mt. Ida College,,,,,,,,,,,,,,,,,,,,,,,,,,,,,,,,,,,,,,,,,,,,,,,,,,,,,,,,,,,,2016
Needham,412,52,,,,,2.0,2.0,,,1.0,,1.0,4,29,15,,,337,,,19,8.0,55,2.0,1.0,30.0,6.0,53.0,,,,,,1.0,1.0,10.0,19.0,,20,,109,1.0,2.0,23,16.0,1.0,,,,,4.0,,,,2.0,,,,2016
Norfolk,64,15,,,,,1.0,1.0,,,,,,3,10,1,,,41,,,8,1.0,10,,,2.0,,,,1.0,1.0,2.0,,,,,7.0,,,,7,1.0,1.0,8,8.0,,,,,,,,,,,,,,2016
Norfolk State Police,,,,,,,,,,,,,,,,,,,,,,,,,,,,,,,,,,,,,,,,,,,,,,,,,,,,,,,,,,,,2016
Norfolk State Police Framingham,,,,,,,,,,,,,,,,,,,,,,,,,,,,,,,,,,,,,,,,,,,,,,,,,,,,,,,,,,,,2016
Norfolk State Police Middleboro,,,,,,,,,,,,,,,,,,,,,,,,,,,,,,,,,,,,,,,,,,,,,,,,,,,,,,,,,,,,2016
Norwood,880,168,1.0,,,,7.0,6.0,1.0,,8.0,,2.0,14,112,24,,,671,3.0,,45,22.0,152,8.0,2.0,67.0,35.0,63.0,,,1.0,,9.0,1.0,,36.0,67.0,,42,40.0,50,23.0,5.0,41,37.0,,,,,,2.0,,,,2.0,,,,2016
Plainville,258,42,,1.0,,1.0,1.0,,1.0,,4.0,,,9,23,3,,,193,,,6,7.0,43,1.0,,3.0,25.0,9.0,,,,,2.0,,,35.0,26.0,,18,2.0,9,3.0,4.0,23,21.0,,,,,,,,,,2.0,,,,2016
Quincy,"3,741","1,018",,,,5.0,30.0,29.0,1.0,,7.0,,1.0,321,416,238,,,"2,476",6.0,,300,104.0,277,11.0,5.0,109.0,129.0,150.0,,5.0,,,60.0,26.0,,191.0,147.0,,210,64.0,576,102.0,4.0,247,201.0,2.0,,,,,4.0,2.0,,,38.0,,,,2016
Randolph,"1,285",418,1.0,,,1.0,14.0,13.0,,1.0,11.0,,1.0,69,267,54,,,739,3.0,,65,23.0,176,1.0,1.0,20.0,27.0,,,3.0,,,12.0,1.0,2.0,89.0,26.0,1.0,56,9.0,195,29.0,,128,79.0,31.0,,,,,1.0,,1.0,,16.0,,,,2016
Sharon,129,25,,,,,2.0,,,2.0,,,,12,11,,,,101,,,16,1.0,25,,,1.0,5.0,,,,,,,1.0,,2.0,4.0,,13,,28,5.0,,3,2.0,1.0,,,,,,,,,,,,,2016
Stoughton,"1,247",385,1.0,,,2.0,7.0,4.0,,3.0,1.0,,2.0,66,200,106,,,761,2.0,,69,49.0,144,1.0,,49.0,13.0,2.0,,,,,10.0,11.0,2.0,81.0,44.0,,63,1.0,177,27.0,16.0,101,76.0,,,,,,2.0,1.0,1.0,,21.0,,,,2016
Walpole,780,218,,,,2.0,2.0,2.0,,,7.0,,,42,133,32,,,512,,,22,20.0,86,3.0,,55.0,22.0,43.0,,,,,3.0,3.0,2.0,46.0,23.0,,44,,117,8.0,15.0,50,37.0,1.0,,,,,,,,,12.0,,,,2016
Wellesley,377,48,,,,1.0,1.0,,1.0,,1.0,,,9,23,13,,,317,,,33,8.0,63,1.0,,24.0,9.0,40.0,,,,,3.0,,2.0,3.0,18.0,,18,,89,1.0,5.0,12,6.0,,,,,,2.0,,,,4.0,,,,2016
Wellesley College,,,,,,,,,,,,,,,,,,,,,,,,,,,,,,,,,,,,,,,,,,,,,,,,,,,,,,,,,,,,2016
Westwood,425,91,,,,,4.0,4.0,,,1.0,,2.0,14,51,19,,,313,,,11,13.0,30,1.0,,27.0,13.0,38.0,,1.0,,,4.0,1.0,,55.0,16.0,,13,1.0,85,1.0,3.0,21,19.0,,,,,,,,,,2.0,,,,2016
Weymouth,"1,554",385,,,,,11.0,10.0,1.0,,3.0,1.0,15.0,125,160,70,,,"1,036",2.0,,91,26.0,241,6.0,1.0,69.0,23.0,46.0,,,,,28.0,6.0,4.0,108.0,86.0,,57,4.0,177,29.0,32.0,133,114.0,,,2.0,,,,,,,17.0,,,,2016
Wrentham,290,23,,,,1.0,,,,,,,,4,16,2,,,262,,,10,4.0,3,1.0,,1.0,11.0,10.0,,3.0,1.0,,1.0,1.0,,133.0,10.0,1.0,14,1.0,42,8.0,7.0,5,5.0,,,,,,,,,,,,,,2016
Abington,636,152,,,,1.0,5.0,5.0,,,,1.0,,29,76,40,,,407,,,64,11.0,94,,,31.0,4.0,18.0,,,,,2.0,,,57.0,15.0,,,,96,11.0,4.0,77,65.0,,,,,,2.0,2.0,,,8.0,,,,2016
Bridgewater,437,142,,,,2.0,2.0,1.0,1.0,,,,6.0,63,55,14,,,237,,,18,11.0,61,2.0,,20.0,3.0,22.0,1.0,,,,3.0,,,13.0,11.0,,16,,45,8.0,3.0,58,50.0,,,,,,1.0,,,,7.0,,,,2016
Bridgewater State University,100,24,,,,,3.0,2.0,1.0,,,,2.0,8,7,4,,,61,,,5,,23,,,3.0,,,,,,,1.0,,1.0,,15.0,,1,,9,,3.0,15,15.0,,,,,,,,,,,,,,2016
Brockton,"7,041","2,615",3.0,,,27.0,83.0,60.0,23.0,,11.0,,41.0,779,"1,360",311,,,"4,026",13.0,,525,80.0,950,9.0,1.0,140.0,42.0,120.0,,,,,171.0,26.0,17.0,159.0,106.0,,438,4.0,901,286.0,38.0,400,213.0,1.0,,,,,8.0,22.0,1.0,,155.0,,,,2016
Carver,371,132,,,,,3.0,3.0,,,2.0,,2.0,23,66,36,,,217,1.0,,17,3.0,60,2.0,,8.0,8.0,18.0,,,,,2.0,2.0,,3.0,12.0,,13,,55,11.0,2.0,22,16.0,,,,,,1.0,,,,5.0,,,,2016
Duxbury,204,42,,,,,2.0,2.0,,,1.0,,1.0,12,22,4,,,151,,,16,3.0,31,,1.0,7.0,5.0,4.0,,2.0,,,,,,,14.0,,13,,52,1.0,2.0,11,7.0,,,,,,1.0,,,,3.0,,,,2016
East Bridgewater,327,82,,,,,7.0,7.0,,,,,5.0,12,47,11,,,231,,,14,4.0,47,2.0,,17.0,8.0,9.0,,,,,1.0,,5.0,6.0,18.0,,39,,52,8.0,1.0,14,8.0,,,,,,5.0,,,,1.0,,,,2016
Halifax,207,53,,,,,2.0,2.0,,,1.0,,1.0,5,30,14,,,151,,,4,1.0,47,,1.0,10.0,3.0,10.0,,,,,,,1.0,15.0,14.0,,7,1.0,28,7.0,2.0,3,2.0,,,,,,,1.0,,,,,,,2016
Hanover,291,17,,,,,,,,,,,,3,8,6,,,269,,,21,4.0,61,,,13.0,40.0,11.0,,4.0,,,,,,36.0,11.0,,9,4.0,32,2.0,21.0,5,5.0,,,,,,,,,,,,,,2016
Hanson,192,53,,,,,2.0,2.0,,,1.0,,2.0,25,11,12,,,125,2.0,,13,5.0,27,2.0,,10.0,6.0,16.0,,,,,3.0,,1.0,3.0,9.0,,2,,20,5.0,1.0,14,7.0,,,,,,1.0,1.0,1.0,,4.0,,,,2016
Hingham,512,110,,,,,,,,,,,,24,58,28,,,381,,,35,15.0,68,,,27.0,19.0,31.0,,,,,,6.0,,38.0,21.0,,2,2.0,108,3.0,6.0,21,20.0,,,,,,,,,,1.0,,,,2016
Hull,326,88,,,,,1.0,1.0,,,,,5.0,23,49,10,,,212,1.0,,19,9.0,93,1.0,,9.0,5.0,8.0,,,,,2.0,3.0,,6.0,20.0,,2,,31,2.0,1.0,26,19.0,,,,,,3.0,,,,4.0,,,,2016
Kingston,361,87,,,,,3.0,1.0,2.0,,1.0,,8.0,17,39,19,,,260,,,13,13.0,56,,1.0,20.0,7.0,8.0,,,,,3.0,1.0,1.0,15.0,9.0,,28,1.0,69,11.0,4.0,14,8.0,,,,,,2.0,,,,4.0,,,,2016
Lakeville,209,46,,,,,5.0,3.0,2.0,,,,,11,27,3,,,130,2.0,,23,1.0,25,,,2.0,2.0,,,,,,1.0,,,3.0,,,8,2.0,55,6.0,,33,29.0,,,,,,,,,,4.0,,,,2016
Marion,148,31,,,,,1.0,1.0,,,,,,5,18,7,,,113,,,7,2.0,30,1.0,1.0,25.0,,6.0,,,,,,,,,4.0,,1,,28,4.0,4.0,4,,,,,,,1.0,,,,3.0,,,,2016
Marshfield,396,110,,,,1.0,5.0,2.0,3.0,,,,,23,44,37,,,261,,,18,3.0,87,1.0,,11.0,5.0,6.0,,,,,3.0,,,12.0,19.0,,20,,62,10.0,4.0,25,23.0,,,,,,1.0,,,,1.0,,,,2016
Massasoit Community College,33,10,,,,,,,,,,,,3,6,1,,,22,,,1,,4,1.0,,2.0,,,,,,,,,,2.0,8.0,,,,4,,,1,1.0,,,,,,,,,,,,,,2016
Mattapoisett,155,34,,,,,,,,,2.0,1.0,3.0,17,3,8,,,115,,,11,2.0,26,1.0,,10.0,2.0,2.0,,,,,,2.0,,,10.0,,9,,27,3.0,10.0,6,3.0,,,,,,,,,,3.0,,,,2016
MBTA - Plymouth County,,,,,,,,,,,,,,,,,,,,,,,,,,,,,,,,,,,,,,,,,,,,,,,,,,,,,,,,,,,,2016
Middleborough,851,288,,,,2.0,17.0,10.0,7.0,,4.0,,3.0,80,147,35,,,505,2.0,,32,5.0,152,2.0,2.0,33.0,10.0,25.0,,,,,5.0,6.0,,13.0,39.0,,28,1.0,117,26.0,7.0,58,38.0,,,,,,6.0,3.0,,,11.0,,,,2016
Norwell,125,26,,,,,2.0,1.0,1.0,,1.0,,,10,2,11,,,97,1.0,,7,3.0,15,,1.0,4.0,1.0,1.0,,,1.0,,,,,1.0,3.0,,3,,53,3.0,,2,1.0,,,,,,,,,,1.0,,,,2016
Pembroke,370,98,,,,,1.0,1.0,,,,1.0,,17,55,24,,,238,1.0,,26,5.0,60,1.0,,17.0,15.0,14.0,,,,,1.0,,,17.0,17.0,,7,1.0,31,18.0,7.0,34,24.0,,,,,,,,,,10.0,,,,2016
Plymouth,858,215,1.0,,,3.0,7.0,6.0,1.0,,13.0,,2.0,72,112,5,,,576,1.0,,74,13.0,64,10.0,,57.0,37.0,,,,,,13.0,,,93.0,2.0,1.0,74,1.0,116,20.0,,67,54.0,3.0,,,,,2.0,,,,8.0,,,,2016
Plymouth State Police,,,,,,,,,,,,,,,,,,,,,,,,,,,,,,,,,,,,,,,,,,,,,,,,,,,,,,,,,,,,2016
Plymouth State Police Middleboro,,,,,,,,,,,,,,,,,,,,,,,,,,,,,,,,,,,,,,,,,,,,,,,,,,,,,,,,,,,,2016
Plympton,43,12,,,,,,,,,,,,3,7,2,,,27,,,4,1.0,8,,,3.0,1.0,,,,,,1.0,,,,1.0,,,1.0,5,2.0,,4,4.0,,,,,,,,,,,,,,2016
Rochester,145,53,,,,,,,,,,,3.0,13,26,11,,,82,,,11,4.0,27,2.0,,4.0,2.0,7.0,,,,,1.0,,1.0,,6.0,,3,,13,1.0,,10,6.0,,,,,,,,,,4.0,,,,2016
Rockland,,,,,,,,,,,,,,,,,,,,,,,,,,,,,,,,,,,,,,,,,,,,,,,,,,,,,,,,,,,,2016
Scituate,233,69,,,,,3.0,2.0,1.0,,,,1.0,10,36,19,,,148,,,9,6.0,40,2.0,,8.0,4.0,17.0,,,1.0,,,,,2.0,17.0,,2,,31,4.0,5.0,16,13.0,,,,,,2.0,,,,1.0,,,,2016
Wareham,"1,165",342,,,,8.0,11.0,9.0,1.0,1.0,4.0,1.0,9.0,97,176,36,,,785,4.0,,92,17.0,186,4.0,,47.0,9.0,24.0,,,,,16.0,5.0,1.0,62.0,74.0,,8,1.0,188,29.0,18.0,38,28.0,,,,,,2.0,,,,8.0,,,,2016
West Bridgewater,280,34,,,,,,,,,,,1.0,12,16,5,,,228,,,19,4.0,39,2.0,,31.0,6.0,6.0,,,,,2.0,,2.0,18.0,8.0,,21,,44,21.0,5.0,18,12.0,,,,,,2.0,2.0,,,2.0,,,,2016
Whitman,379,128,,,,1.0,4.0,3.0,1.0,,2.0,,,26,74,21,,,233,,,26,9.0,66,,,15.0,3.0,3.0,,,,,4.0,,2.0,16.0,4.0,,18,,52,10.0,5.0,18,16.0,,,,,,,,,,2.0,,,,2016
Berklee College of Music,,,,,,,,,,,,,,,,,,,,,,,,,,,,,,,,,,,,,,,,,,,,,,,,,,,,,,,,,,,,2016
Beth Israel Deaconess Med Ctr,,,,,,,,,,,,,,,,,,,,,,,,,,,,,,,,,,,,,,,,,,,,,,,,,,,,,,,,,,,,2016
Boston,,,,,,,,,,,,,,,,,,,,,,,,,,,,,,,,,,,,,,,,,,,,,,,,,,,,,,,,,,,,2016
Boston College(Old ORI),,,,,,,,,,,,,,,,,,,,,,,,,,,,,,,,,,,,,,,,,,,,,,,,,,,,,,,,,,,,2016
Boston University,582,91,,,,1.0,7.0,7.0,,,7.0,,,7,23,46,,,484,1.0,,23,4.0,54,,7.0,35.0,2.0,3.0,,,,,5.0,3.0,,10.0,25.0,1.0,9,,295,2.0,5.0,7,4.0,,,,,,,,,,3.0,,,,2016
Bunker Hill Community College,,,,,,,,,,,,,,,,,,,,,,,,,,,,,,,,,,,,,,,,,,,,,,,,,,,,,,,,,,,,2016
"Capitol PD, Boston",,,,,,,,,,,,,,,,,,,,,,,,,,,,,,,,,,,,,,,,,,,,,,,,,,,,,,,,,,,,2016
Chelsea,"3,239","1,185",1.0,,,12.0,23.0,18.0,3.0,2.0,23.0,1.0,2.0,226,672,225,,,"1,885",5.0,,133,21.0,576,2.0,9.0,81.0,29.0,69.0,,,,,136.0,20.0,9.0,165.0,129.0,,195,92.0,76,114.0,24.0,169,83.0,,,,,,1.0,10.0,,,75.0,,,,2016
Emerson College,,,,,,,,,,,,,,,,,,,,,,,,,,,,,,,,,,,,,,,,,,,,,,,,,,,,,,,,,,,,2016
Emerson College,,,,,,,,,,,,,,,,,,,,,,,,,,,,,,,,,,,,,,,,,,,,,,,,,,,,,,,,,,,,2016
Environmental Police,87,18,,,,,,,,,,,,8,5,5,,,52,2.0,,7,,16,,,,,,,,,,1.0,,,,,,1,,10,7.0,8.0,17,5.0,,,,,,,,,,11.0,1.0,,,2016
Fisher College,,,,,,,,,,,,,,,,,,,,,,,,,,,,,,,,,,,,,,,,,,,,,,,,,,,,,,,,,,,,2016
Fisher College,,,,,,,,,,,,,,,,,,,,,,,,,,,,,,,,,,,,,,,,,,,,,,,,,,,,,,,,,,,,2016
Mass College of Art,,,,,,,,,,,,,,,,,,,,,,,,,,,,,,,,,,,,,,,,,,,,,,,,,,,,,,,,,,,,2016
Mass General Hospital,,,,,,,,,,,,,,,,,,,,,,,,,,,,,,,,,,,,,,,,,,,,,,,,,,,,,,,,,,,,2016
MBTA,,,,,,,,,,,,,,,,,,,,,,,,,,,,,,,,,,,,,,,,,,,,,,,,,,,,,,,,,,,,2016
MBTA - Suffolk County,,,,,,,,,,,,,,,,,,,,,,,,,,,,,,,,,,,,,,,,,,,,,,,,,,,,,,,,,,,,2016
MCPHS University,,,,,,,,,,,,,,,,,,,,,,,,,,,,,,,,,,,,,,,,,,,,,,,,,,,,,,,,,,,,2016
Northeastern U,,,,,,,,,,,,,,,,,,,,,,,,,,,,,,,,,,,,,,,,,,,,,,,,,,,,,,,,,,,,2016
Northeastern University,,,,,,,,,,,,,,,,,,,,,,,,,,,,,,,,,,,,,,,,,,,,,,,,,,,,,,,,,,,,2016
Revere,"2,953",932,,,,9.0,20.0,17.0,3.0,,14.0,,2.0,198,485,204,,,"1,919",3.0,2.0,152,25.0,471,6.0,3.0,84.0,45.0,63.0,,,,,45.0,6.0,7.0,272.0,82.0,,78,4.0,417,114.0,40.0,102,73.0,,,3.0,1.0,,1.0,2.0,,,22.0,,,,2016
Roxbury Community College,,,,,,,,,,,,,,,,,,,,,,,,,,,,,,,,,,,,,,,,,,,,,,,,,,,,,,,,,,,,2016
Simmons University,,,,,,,,,,,,,,,,,,,,,,,,,,,,,,,,,,,,,,,,,,,,,,,,,,,,,,,,,,,,2016
Suffolk State Police,,,,,,,,,,,,,,,,,,,,,,,,,,,,,,,,,,,,,,,,,,,,,,,,,,,,,,,,,,,,2016
Suffolk State Police Framingham,,,,,,,,,,,,,,,,,,,,,,,,,,,,,,,,,,,,,,,,,,,,,,,,,,,,,,,,,,,,2016
Suffolk State Police Logan Airport,,,,,,,,,,,,,,,,,,,,,,,,,,,,,,,,,,,,,,,,,,,,,,,,,,,,,,,,,,,,2016
Suffolk State Police Weston,,,,,,,,,,,,,,,,,,,,,,,,,,,,,,,,,,,,,,,,,,,,,,,,,,,,,,,,,,,,2016
Tufts University Suffolk,,,,,,,,,,,,,,,,,,,,,,,,,,,,,,,,,,,,,,,,,,,,,,,,,,,,,,,,,,,,2016
Tufts University Suffolk prior to 01/01/2017,41,10,,,,,1.0,1.0,,,1.0,,,,6,2,,,31,,,2,,4,,,3.0,,1.0,,,,,,1.0,1.0,,8.0,,,,11,,,,,,,,,,,,,,,,,,2016
U-Mass Boston,123,23,,,,,,,,,,,,2,16,5,,,95,,,2,4.0,12,,,3.0,,,,,,,,1.0,,3.0,21.0,,,,47,1.0,1.0,5,2.0,,,,,,,,,,3.0,,,,2016
Wentworth Institute,,,,,,,,,,,,,,,,,,,,,,,,,,,,,,,,,,,,,,,,,,,,,,,,,,,,,,,,,,,,2016
Wentworth Institute of Technology,,,,,,,,,,,,,,,,,,,,,,,,,,,,,,,,,,,,,,,,,,,,,,,,,,,,,,,,,,,,2016
Winthrop,470,158,,,,2.0,1.0,1.0,,,1.0,,,71,40,43,,,299,,,59,4.0,79,2.0,1.0,19.0,6.0,16.0,,,,,3.0,,,7.0,19.0,,6,1.0,64,7.0,6.0,13,9.0,,,,,,1.0,,,,3.0,,,,2016
Ashburnham,128,34,,,,,2.0,2.0,,,,,2.0,8,16,6,,,83,1.0,,12,2.0,26,,,1.0,4.0,,,1.0,,,,,1.0,1.0,3.0,,1,,29,,1.0,11,1.0,,,,,,7.0,,,,3.0,,,,2016
Assumption College,85,28,,,,,4.0,4.0,,,3.0,,1.0,6,13,1,,,53,,,1,,24,,,1.0,,,,,,,,,,,16.0,,,,10,,1.0,4,3.0,,,,,,,,,,1.0,,,,2016
Assumption College,,,,,,,,,,,,,,,,,,,,,,,,,,,,,,,,,,,,,,,,,,,,,,,,,,,,,,,,,,,,2016
Athol,504,142,,,,,2.0,2.0,,,,1.0,7.0,46,74,12,,,344,3.0,,46,5.0,74,4.0,,18.0,6.0,6.0,,,,,1.0,,,17.0,24.0,,13,,118,7.0,2.0,18,10.0,,,,,,2.0,,1.0,,5.0,,,,2016
Auburn,884,144,1.0,,,1.0,4.0,4.0,,,1.0,,,37,68,32,,,682,1.0,,37,21.0,95,10.0,,29.0,23.0,21.0,,,,,4.0,,1.0,96.0,4.0,,38,,250,18.0,34.0,58,38.0,,,,,,1.0,2.0,1.0,,16.0,,,,2016
Barre,,,,,,,,,,,,,,,,,,,,,,,,,,,,,,,,,,,,,,,,,,,,,,,,,,,,,,,,,,,,2016
Becker College,,,,,,,,,,,,,,,,,,,,,,,,,,,,,,,,,,,,,,,,,,,,,,,,,,,,,,,,,,,,2016
Berlin,34,1,,,,,,,,,,,,,,1,,,31,,,,,14,,,,1.0,,,,1.0,,,,,5.0,1.0,,3,,5,,1.0,2,2.0,,,,,,,,,,,,,,2016
Blackstone,191,51,,,,,1.0,1.0,,,1.0,,,10,34,5,,,124,,,13,3.0,37,,,3.0,,,,,,,1.0,,,6.0,7.0,,10,,36,6.0,2.0,16,13.0,,,,,,1.0,,,,2.0,,,,2016
Bolton,150,30,,,,1.0,1.0,1.0,,,,,4.0,5,15,4,,,105,2.0,,9,7.0,24,,,1.0,4.0,18.0,,,,,,,,,7.0,,2,,30,,1.0,15,12.0,,,,,,1.0,,,,2.0,,,,2016
Boylston,39,6,,,,,,,,,,,,6,,,,,24,,,14,,3,,,,,,,,,,,,,,,,,,7,,,9,9.0,,,,,,,,,,,,,,2016
Brookfield,,,,,,,,,,,,,,,,,,,,,,,,,,,,,,,,,,,,,,,,,,,,,,,,,,,,,,,,,,,,2016
Charlton,272,96,,,,,2.0,2.0,,,,1.0,3.0,7,62,21,,,159,,,13,2.0,39,,,12.0,1.0,15.0,,,,,2.0,,1.0,2.0,17.0,,3,1.0,41,6.0,4.0,17,12.0,,,,,,1.0,,,,4.0,,,,2016
Clark University,,,,,,,,,,,,,,,,,,,,,,,,,,,,,,,,,,,,,,,,,,,,,,,,,,,,,,,,,,,,2016
Clark University,,,,,,,,,,,,,,,,,,,,,,,,,,,,,,,,,,,,,,,,,,,,,,,,,,,,,,,,,,,,2016
Clinton,121,34,,,,,,,,,,,,6,28,,,,79,,,8,4.0,11,,,,,,,1.0,,,2.0,,,33.0,3.0,,,,16,1.0,,8,4.0,2.0,,,,,1.0,,,,1.0,,,,2016
Col of the Holy Cross,,,,,,,,,,,,,,,,,,,,,,,,,,,,,,,,,,,,,,,,,,,,,,,,,,,,,,,,,,,,2016
Douglas,163,54,,,,,6.0,1.0,5.0,,,,4.0,6,29,9,,,87,,,5,4.0,18,1.0,,13.0,4.0,2.0,,,,,,,,,5.0,,,,24,9.0,2.0,22,17.0,,,,,,2.0,,,,3.0,,,,2016
Dudley,318,159,,,,,8.0,7.0,1.0,,1.0,,10.0,23,89,28,,,119,,,13,3.0,33,,,7.0,2.0,5.0,,,,,1.0,1.0,,6.0,12.0,,4,,18,7.0,7.0,40,27.0,,,,,,7.0,1.0,,,5.0,,,,2016
East Brookfield,63,17,,,,,,,,,,2.0,1.0,7,4,3,,,36,,,5,,14,,,1.0,2.0,1.0,,,,,,,1.0,1.0,,,1,,7,1.0,2.0,10,4.0,1.0,,,,,1.0,,,,4.0,,,,2016
Fitchburg,"2,452",680,2.0,,,9.0,28.0,25.0,3.0,,35.0,,10.0,227,318,51,,,"1,628",4.0,,192,30.0,412,5.0,,85.0,19.0,47.0,,,,,62.0,1.0,4.0,134.0,110.0,,132,25.0,279,49.0,38.0,144,98.0,,,,,,7.0,4.0,,,35.0,,,,2016
Fitchburg SC,,,,,,,,,,,,,,,,,,,,,,,,,,,,,,,,,,,,,,,,,,,,,,,,,,,,,,,,,,,,2016
Fitchburg State College,,,,,,,,,,,,,,,,,,,,,,,,,,,,,,,,,,,,,,,,,,,,,,,,,,,,,,,,,,,,2016
Gardner,"1,388",443,1.0,,,3.0,13.0,11.0,2.0,,,,14.0,109,272,31,,,884,1.0,,146,16.0,214,1.0,1.0,41.0,21.0,32.0,,,1.0,,7.0,2.0,4.0,106.0,44.0,,,,206,18.0,23.0,61,45.0,,,,,,5.0,,,,11.0,,,,2016
Grafton,285,89,,,,,7.0,6.0,1.0,,,,4.0,22,46,10,,,178,,,19,3.0,32,,1.0,15.0,10.0,10.0,,,5.0,,,,,7.0,9.0,,14,,40,8.0,5.0,18,9.0,,,,,,2.0,,,,7.0,,,,2016
Hardwick,134,38,,,,,1.0,,,1.0,,,,4,23,10,,,72,,,9,,27,,,5.0,1.0,2.0,,,,,,,,,4.0,,2,,19,2.0,1.0,24,18.0,,,,,,1.0,,,,5.0,,,,2016
Harvard,124,22,,,,,2.0,1.0,1.0,,,,,7,9,4,,,93,1.0,,14,,23,,,7.0,3.0,18.0,,,,,,,,,1.0,,6,,20,,,9,4.0,,,,,,2.0,,,,3.0,,,,2016
Holden,214,51,,,,,2.0,2.0,,,,2.0,2.0,11,24,10,,,143,1.0,,15,2.0,33,1.0,,11.0,9.0,17.0,,1.0,1.0,,,1.0,,3.0,6.0,,10,,24,3.0,5.0,20,12.0,,,,,,2.0,,,,6.0,,,,2016
Hopedale,70,29,,,,,2.0,2.0,,,,,,2,20,5,,,38,,,14,1.0,8,,,2.0,1.0,1.0,,1.0,,,,,,,2.0,,,,5,2.0,1.0,3,3.0,,,,,,,,,,,,,,2016
Hubbardston,82,25,,,,,2.0,2.0,,,,,,4,16,3,,,52,1.0,,4,2.0,8,,,3.0,5.0,5.0,,,,,,,,1.0,5.0,,1,,13,1.0,3.0,5,3.0,,,,,,,,,,2.0,,,,2016
Lancaster,170,29,,,,,2.0,1.0,1.0,,,,3.0,3,14,7,,,131,,,8,1.0,32,,,11.0,6.0,10.0,,,,,2.0,,,2.0,5.0,,7,1.0,35,2.0,9.0,10,6.0,,,,,,2.0,,,,2.0,,,,2016
Leicester,343,64,,,,,4.0,3.0,1.0,,1.0,,2.0,19,17,21,,,258,,,21,2.0,44,3.0,1.0,13.0,6.0,18.0,,,,,,,1.0,52.0,8.0,,8,,71,10.0,,21,17.0,,,,,,1.0,,,,3.0,,,,2016
Leominster,"2,625",799,,,,5.0,20.0,9.0,10.0,1.0,12.0,2.0,12.0,210,347,191,,,"1,720",4.0,,143,37.0,344,7.0,3.0,135.0,52.0,58.0,,,,,41.0,3.0,6.0,263.0,72.0,,114,9.0,365,39.0,25.0,106,67.0,,,,,,8.0,1.0,,,30.0,,,,2016
Lunenburg,423,80,,,,,5.0,2.0,3.0,,,,2.0,25,33,15,,,307,1.0,,32,5.0,36,,,23.0,9.0,5.0,,,,,4.0,,,78.0,5.0,,27,,66,7.0,9.0,36,29.0,,,,,,,,,,7.0,,,,2016
MBTA - Worcester County,,,,,,,,,,,,,,,,,,,,,,,,,,,,,,,,,,,,,,,,,,,,,,,,,,,,,,,,,,,,2016
Mendon,136,20,,,,,,,,,,,,3,14,3,,,87,,,11,,26,2.0,,2.0,,8.0,,,,,,,1.0,,2.0,,,,21,11.0,3.0,29,28.0,,,,,,1.0,,,,,,,,2016
Milford,"1,017",275,,,,1.0,11.0,9.0,2.0,,,6.0,12.0,47,153,45,,,710,,,60,11.0,152,1.0,,52.0,16.0,41.0,,,,,11.0,1.0,3.0,48.0,50.0,,41,2.0,191,22.0,8.0,32,27.0,,,,,,3.0,,,,2.0,,,,2016
Millbury,477,93,,,,,4.0,3.0,1.0,,2.0,1.0,2.0,16,57,11,,,371,,,35,8.0,56,1.0,,26.0,15.0,12.0,,,,,1.0,1.0,,62.0,12.0,,12,1.0,103,14.0,12.0,13,11.0,,,,,,,,,,2.0,,,,2016
Millville,42,6,,,,,,,,,1.0,,,1,2,2,,,36,1.0,,5,,13,,,,,5.0,,,,,2.0,,,1.0,,,2,,4,2.0,1.0,,,,,,,,,,,,,,,,2016
Mount Wachusett CC,,,,,,,,,,,,,,,,,,,,,,,,,,,,,,,,,,,,,,,,,,,,,,,,,,,,,,,,,,,,2016
New Braintree,,,,,,,,,,,,,,,,,,,,,,,,,,,,,,,,,,,,,,,,,,,,,,,,,,,,,,,,,,,,2016
North Brookfield,,,,,,,,,,,,,,,,,,,,,,,,,,,,,,,,,,,,,,,,,,,,,,,,,,,,,,,,,,,,2016
Northborough,247,33,,,,,,,,,,,,1,32,,,,193,,,22,3.0,36,,,,3.0,,,,,,2.0,,,62.0,40.0,,21,,1,3.0,,21,21.0,,,,,,,,,,,,,,2016
Northbridge,487,96,,,,,5.0,3.0,2.0,,5.0,1.0,11.0,28,38,8,,,372,2.0,,30,4.0,93,,1.0,17.0,1.0,12.0,,,,,2.0,,1.0,32.0,22.0,,38,,108,5.0,4.0,19,11.0,,,,,,4.0,1.0,,,3.0,,,,2016
Oakham,26,14,,,,,,,,,,,1.0,5,6,2,,,9,,,1,,2,,,2.0,,1.0,,,,,,,,,1.0,,,,1,1.0,,3,2.0,,,,,,,,,,1.0,,,,2016
Oxford,478,105,,,,,2.0,1.0,1.0,,,,1.0,24,69,9,,,343,,,37,8.0,89,,,9.0,8.0,7.0,,,1.0,,,,,64.0,2.0,,15,,88,10.0,5.0,30,22.0,,,1.0,,,1.0,,,,6.0,,,,2016
Paxton,49,15,,,,,2.0,2.0,,,,,,5,7,1,,,33,,,5,2.0,9,,,3.0,3.0,,,,,,,,,,1.0,,,,9,1.0,,1,1.0,,,,,,,,,,,,,,2016
Petersham,,,,,,,,,,,,,,,,,,,,,,,,,,,,,,,,,,,,,,,,,,,,,,,,,,,,,,,,,,,,2016
Phillipston,,,,,,,,,,,,,,,,,,,,,,,,,,,,,,,,,,,,,,,,,,,,,,,,,,,,,,,,,,,,2016
Princeton,56,13,1.0,,,,,,,,,,,2,7,3,,,37,,,5,,12,,,,2.0,1.0,,,,,,,,,2.0,,4,,11,,,6,5.0,,,,,,,,,,1.0,,,,2016
Quinsigamond CC,56,13,,,,,,,,,,,,,9,4,,,41,,,2,1.0,14,,,1.0,,1.0,,,,,1.0,,,2.0,8.0,,3,,8,,,2,,,,,,,,,,,2.0,,,,2016
Royalston,,,,,,,,,,,,,,,,,,,,,,,,,,,,,,,,,,,,,,,,,,,,,,,,,,,,,,,,,,,,2016
Rutland,304,104,,,,,2.0,2.0,,,,,3.0,15,57,27,,,170,,,14,4.0,56,1.0,1.0,14.0,7.0,16.0,,,,,,,,1.0,8.0,,7,,34,4.0,3.0,30,28.0,,,,,,,,,,2.0,,,,2016
Shrewsbury,413,69,,,,,1.0,1.0,,,,,,3,63,2,,,327,,,54,4.0,52,,,3.0,8.0,1.0,,,34.0,,1.0,2.0,1.0,21.0,25.0,,48,4.0,50,19.0,,17,14.0,1.0,,,,,,1.0,,,1.0,,,,2016
Southborough,140,30,,,,1.0,1.0,1.0,,,1.0,,,5,13,9,,,101,,,15,4.0,17,,,7.0,8.0,6.0,,,,,,1.0,,,10.0,,5,,21,7.0,,9,7.0,,,,,,,,,,2.0,,,,2016
Southbridge,842,240,,,,,13.0,13.0,,,2.0,,18.0,35,121,51,,,515,5.0,,53,11.0,139,1.0,,35.0,6.0,11.0,,,,,4.0,,2.0,32.0,42.0,,14,,138,15.0,7.0,87,71.0,,,,,,3.0,,,,13.0,,,,2016
Spencer,301,75,,,,,3.0,3.0,,,2.0,,,13,51,6,,,207,,,23,5.0,63,,,1.0,7.0,1.0,,2.0,,,2.0,,2.0,19.0,18.0,,13,1.0,39,11.0,,19,10.0,5.0,,,,,1.0,,,,3.0,,,,2016
Sterling,163,38,,,,,3.0,3.0,,,1.0,1.0,1.0,7,21,4,,,123,1.0,,19,,31,,,9.0,5.0,19.0,,,,,1.0,,1.0,1.0,11.0,,4,,18,2.0,1.0,2,1.0,,,,,,,,,,1.0,,,,2016
Sturbridge,519,117,,,,2.0,5.0,4.0,1.0,,3.0,2.0,4.0,26,55,20,,,338,2.0,,20,14.0,85,2.0,,30.0,8.0,4.0,,,,,3.0,2.0,2.0,32.0,21.0,,17,,82,6.0,8.0,64,51.0,,,,,,6.0,,,,7.0,,,,2016
Sutton,275,51,,,,1.0,1.0,1.0,,,,,,6,29,14,,,203,3.0,,40,7.0,64,,,10.0,4.0,17.0,,,,,1.0,,,3.0,8.0,,,,36,6.0,4.0,21,17.0,,,,,,,,,,4.0,,,,2016
Templeton,176,52,,,,1.0,1.0,1.0,,,1.0,1.0,5.0,5,34,4,,,119,,,17,2.0,31,,,8.0,3.0,3.0,,,,,,1.0,1.0,1.0,29.0,,5,,11,6.0,1.0,5,4.0,,,,,,,,,,1.0,,,,2016
Tufts University Worcester,15,2,,,,,,,,,,,,,,2,,,13,,,3,,8,,,,,,,,,,,,,,1.0,,1,,,,,,,,,,,,,,,,,,,,2016
Tufts University Worcester,,,,,,,,,,,,,,,,,,,,,,,,,,,,,,,,,,,,,,,,,,,,,,,,,,,,,,,,,,,,2016
U-Mass Worcester,232,131,,,,,,,,,3.0,,,21,86,21,,,88,1.0,,1,,15,1.0,,2.0,2.0,,,,,,,,1.0,2.0,3.0,,3,,53,3.0,1.0,13,13.0,,,,,,,,,,,,,,2016
U-Mass Worcester MA014UM00,,,,,,,,,,,,,,,,,,,,,,,,,,,,,,,,,,,,,,,,,,,,,,,,,,,,,,,,,,,,2016
Upton,115,26,,,,,,,,,,,,2,15,9,,,84,,,6,2.0,19,,,10.0,8.0,11.0,,,,,,,,2.0,1.0,,3,,19,1.0,2.0,5,3.0,,,,,,2.0,,,,,,,,2016
Uxbridge,368,122,,,,1.0,3.0,3.0,,,,,5.0,27,64,22,,,213,3.0,,14,2.0,55,1.0,,21.0,3.0,5.0,,,,,1.0,2.0,1.0,24.0,10.0,,7,,53,8.0,3.0,33,25.0,,,,,,3.0,,,,5.0,,,,2016
Warren,250,83,,,,,5.0,4.0,1.0,,,1.0,3.0,17,28,29,,,128,4.0,,26,2.0,30,1.0,,12.0,1.0,5.0,,1.0,,,4.0,,,3.0,15.0,,,,22,1.0,1.0,39,30.0,,,,,,4.0,,,,5.0,,,,2016
Webster,"1,071",411,,,,3.0,14.0,10.0,4.0,,10.0,,10.0,98,238,38,,,593,6.0,,57,10.0,151,4.0,,36.0,12.0,18.0,,,,,9.0,8.0,4.0,39.0,61.0,,31,,106,27.0,14.0,67,58.0,,,1.0,,,1.0,1.0,,,6.0,,,,2016
West Boylston,177,14,,,,,,,,,,,,5,9,,,,160,1.0,,13,1.0,42,,,3.0,19.0,2.0,,,,,3.0,,1.0,25.0,3.0,,21,2.0,21,3.0,,3,3.0,,,,,,,,,,,,,,2016
West Brookfield,,,,,,,,,,,,,,,,,,,,,,,,,,,,,,,,,,,,,,,,,,,,,,,,,,,,,,,,,,,,2016
Westborough,412,105,,,,,6.0,4.0,1.0,1.0,1.0,,1.0,9,63,25,,,290,,,16,6.0,70,2.0,,19.0,7.0,27.0,,,,,,,,21.0,15.0,,12,1.0,83,5.0,6.0,17,14.0,,,,,,,,,,3.0,,,,2016
Westminster,182,38,,,,,,,,,1.0,,1.0,19,11,6,,,130,1.0,,11,3.0,27,,1.0,8.0,2.0,7.0,,,,,,,,3.0,17.0,,5,,36,5.0,4.0,14,9.0,,,,,,3.0,,,,2.0,,,,2016
Winchendon,556,189,,,,1.0,8.0,5.0,2.0,1.0,4.0,3.0,8.0,27,98,40,,,340,2.0,,18,3.0,83,1.0,1.0,24.0,4.0,19.0,,,,,2.0,,,2.0,65.0,,19,,84,11.0,2.0,27,7.0,,,,,,11.0,,,,9.0,,,,2016
Worcester,"13,291","3,637",8.0,,,39.0,69.0,60.0,9.0,,46.0,1.0,7.0,"1,184","1,663",620,,,"8,911",5.0,,"1,437",83.0,"1,734",58.0,10.0,261.0,401.0,61.0,,6.0,238.0,12.0,394.0,2.0,3.0,778.0,330.0,1.0,"1,144",293.0,"1,020",527.0,113.0,743,529.0,,,1.0,,,10.0,34.0,8.0,,158.0,3.0,,,2016
Worcester Polytechnic In,58,3,,,,,,,,,,,,,3,,,,54,,,4,,14,,,2.0,,,,,,,,,,,11.0,,2,,20,,1.0,1,,,,,,,,,,,1.0,,,,2016
Worcester State,,,,,,,,,,,,,,,,,,,,,,,,,,,,,,,,,,,,,,,,,,,,,,,,,,,,,,,,,,,,2016
Worcester State Police,,,,,,,,,,,,,,,,,,,,,,,,,,,,,,,,,,,,,,,,,,,,,,,,,,,,,,,,,,,,2016
Worcester State Police Holden,,,,,,,,,,,,,,,,,,,,,,,,,,,,,,,,,,,,,,,,,,,,,,,,,,,,,,,,,,,,2016
Worcester State Police Weston,,,,,,,,,,,,,,,,,,,,,,,,,,,,,,,,,,,,,,,,,,,,,,,,,,,,,,,,,,,,2016
Worcester State University,,,,,,,,,,,,,,,,,,,,,,,,,,,,,,,,,,,,,,,,,,,,,,,,,,,,,,,,,,,,2016
Missing,,,,,,,,,,,,,,,,,,,,,,,,,,,,,,,,,,,,,,,,,,,,,,,,,,,,,,,,,,,,2016
MSCPA Police,,,,,,,,,,,,,,,,,,,,,,,,,,,,,,,,,,,,,,,,,,,,,,,,,,,,,,,,,,,,2016
Suffolk University,,,,,,,,,,,,,,,,,,,,,,,,,,,,,,,,,,,,,,,,,,,,,,,,,,,,,,,,,,,,2016
Jurisdiction by Geography,,,,,,,,,,,,,,,,,,,,,,,,,,,,,,,,,,,,,,,,,,,,,,,,,,,,,,,,,,,,2015
Barnstable,"2,494",759,2.0,,,13.0,22.0,22.0,,,23.0,,4.0,218,386,91,,,"1,493",2.0,,171,47.0,319,5.0,2.0,73.0,38.0,3.0,,1.0,,,25.0,1.0,,122.0,59.0,,94,3.0,442,48.0,38.0,242,175.0,1.0,,,1.0,,9.0,1.0,,,55.0,,,,2015
Barnstable State Police,,,,,,,,,,,,,,,,,,,,,,,,,,,,,,,,,,,,,,,,,,,,,,,,,,,,,,,,,,,,2015
Barnstable State Police Middleboro,,,,,,,,,,,,,,,,,,,,,,,,,,,,,,,,,,,,,,,,,,,,,,,,,,,,,,,,,,,,2015
Bourne,"1,104",310,1.0,,,3.0,10.0,8.0,1.0,1.0,2.0,,2.0,45,179,68,,,688,7.0,,127,21.0,188,1.0,1.0,52.0,14.0,23.0,,,,,6.0,1.0,4.0,57.0,28.0,,11,,114,20.0,13.0,106,94.0,,,,,,5.0,,,,7.0,,,,2015
Brewster,263,59,,,,1.0,,,,,1.0,,,19,29,9,,,190,,,39,3.0,55,1.0,,13.0,1.0,5.0,,,,,1.0,,,,17.0,,,,45,5.0,5.0,14,11.0,,,,,,,,,,3.0,,,,2015
Cape Cod Community College,,,,,,,,,,,,,,,,,,,,,,,,,,,,,,,,,,,,,,,,,,,,,,,,,,,,,,,,,,,,2015
Chatham,296,57,,,,2.0,1.0,1.0,,,1.0,,,12,31,10,,,233,,,46,5.0,63,,,9.0,2.0,3.0,,,,,,,,12.0,9.0,,10,,70,2.0,2.0,6,3.0,,,,,,1.0,,,,2.0,,,,2015
Dennis,794,204,,,,1.0,11.0,7.0,4.0,,5.0,1.0,1.0,40,130,15,,,527,2.0,,87,9.0,82,2.0,,26.0,11.0,10.0,,,,,2.0,4.0,5.0,17.0,57.0,,47,,145,19.0,2.0,63,54.0,,,,,,,,,,9.0,,,,2015
Eastham,174,58,,,,1.0,3.0,2.0,1.0,,,,1.0,18,31,4,,,106,,,7,,18,1.0,,9.0,,10.0,,,,,,,,1.0,7.0,,6,,46,,1.0,10,10.0,,,,,,,,,,,,,,2015
Falmouth,"1,968",581,,,,16.0,16.0,16.0,,,5.0,,1.0,126,301,116,,,"1,203",2.0,,249,29.0,316,4.0,2.0,83.0,20.0,63.0,,,,,12.0,2.0,5.0,76.0,63.0,,1,,210,33.0,33.0,184,150.0,,,,,,3.0,1.0,,,30.0,,,,2015
Harwich,473,98,,,,,4.0,4.0,,,6.0,,,35,48,5,,,348,1.0,,69,9.0,89,4.0,1.0,13.0,9.0,18.0,,,,,1.0,,4.0,5.0,9.0,,5,,95,11.0,5.0,27,19.0,,,,,,4.0,,,,4.0,,,,2015
Mashpee,562,119,,,,,6.0,5.0,1.0,,,,3.0,45,42,23,,,396,,,33,4.0,100,3.0,,17.0,8.0,13.0,,1.0,,,,3.0,2.0,27.0,26.0,,29,1.0,107,14.0,8.0,47,37.0,,,,,,1.0,1.0,,,8.0,,,,2015
MBTA - Barnstable County,,,,,,,,,,,,,,,,,,,,,,,,,,,,,,,,,,,,,,,,,,,,,,,,,,,,,,,,,,,,2015
Orleans,258,58,,,,,5.0,2.0,3.0,,,,1.0,13,29,10,,,180,,,27,2.0,30,2.0,,14.0,5.0,7.0,,,,,1.0,4.0,,6.0,5.0,,1,,71,3.0,2.0,20,17.0,,,,,,,,,,3.0,,,,2015
Provincetown,243,104,,,,2.0,10.0,8.0,1.0,1.0,,,1.0,18,64,9,,,129,,,10,4.0,24,1.0,,14.0,3.0,2.0,,,,,,,1.0,12.0,17.0,,,,40,1.0,,10,6.0,,,,,,2.0,,,,2.0,,,,2015
Sandwich,475,87,,,,1.0,1.0,1.0,,,4.0,,1.0,16,38,26,,,344,1.0,,40,8.0,125,5.0,,9.0,,24.0,,,,,2.0,,,5.0,22.0,,24,,67,5.0,7.0,44,35.0,,,,,,1.0,,,,8.0,,,,2015
Truro,120,38,,,,2.0,1.0,1.0,,,,,2.0,10,19,4,,,59,1.0,,8,1.0,14,,,4.0,1.0,,,,,,,,,,2.0,,1,,26,,1.0,23,19.0,1.0,,,,,,,,,3.0,,,,2015
Wellfleet,60,13,,,,,2.0,2.0,,,,,,2,6,3,,,43,,,4,2.0,11,1.0,,,1.0,,,,,,,,,,3.0,,,,19,1.0,1.0,4,4.0,,,,,,,,,,,,,,2015
Yarmouth,"1,261",372,,,,3.0,16.0,13.0,3.0,,1.0,,7.0,187,108,50,,,758,7.0,,118,19.0,160,3.0,,53.0,20.0,23.0,,,,,12.0,5.0,4.0,19.0,66.0,,60,,153,22.0,14.0,131,105.0,,,,,,7.0,3.0,1.0,,15.0,,,,2015
Adams,385,93,,,,,4.0,3.0,1.0,,5.0,2.0,2.0,26,48,6,,,279,3.0,,33,3.0,84,2.0,,12.0,1.0,6.0,,,,,1.0,1.0,1.0,6.0,26.0,,26,1.0,61,10.0,2.0,13,11.0,,,,,,1.0,,,,1.0,,,,2015
Alford,,,,,,,,,,,,,,,,,,,,,,,,,,,,,,,,,,,,,,,,,,,,,,,,,,,,,,,,,,,,2015
Becket,,,,,,,,,,,,,,,,,,,,,,,,,,,,,,,,,,,,,,,,,,,,,,,,,,,,,,,,,,,,2015
Berkshire State Police,,,,,,,,,,,,,,,,,,,,,,,,,,,,,,,,,,,,,,,,,,,,,,,,,,,,,,,,,,,,2015
Berkshire State Police Northampton,,,,,,,,,,,,,,,,,,,,,,,,,,,,,,,,,,,,,,,,,,,,,,,,,,,,,,,,,,,,2015
Berkshire State Police Weston,,,,,,,,,,,,,,,,,,,,,,,,,,,,,,,,,,,,,,,,,,,,,,,,,,,,,,,,,,,,2015
Cheshire,44,14,,,,,1.0,,1.0,,,,,5,6,2,,,27,,,5,1.0,5,,,3.0,,1.0,,,,,,1.0,,,2.0,,4,,4,,1.0,3,,,,,,,,,,,3.0,,,,2015
Clarksburg,,,,,,,,,,,,,,,,,,,,,,,,,,,,,,,,,,,,,,,,,,,,,,,,,,,,,,,,,,,,2015
Dalton,162,34,,,,,2.0,2.0,,,,,1.0,7,14,10,,,116,7.0,,22,3.0,28,2.0,2.0,9.0,2.0,6.0,,,,,1.0,,1.0,1.0,9.0,,10,,9,2.0,2.0,12,6.0,,,,,,2.0,,,,4.0,,,,2015
Egremont,,,,,,,,,,,,,,,,,,,,,,,,,,,,,,,,,,,,,,,,,,,,,,,,,,,,,,,,,,,,2015
Florida,,,,,,,,,,,,,,,,,,,,,,,,,,,,,,,,,,,,,,,,,,,,,,,,,,,,,,,,,,,,2015
Great Barrington,187,61,,,,,5.0,5.0,,,,,1.0,14,37,4,,,113,1.0,,13,5.0,25,3.0,,5.0,2.0,2.0,,,,,2.0,,1.0,12.0,14.0,,1,,21,3.0,3.0,13,12.0,,,,,,,,,,1.0,,,,2015
Hancock,,,,,,,,,,,,,,,,,,,,,,,,,,,,,,,,,,,,,,,,,,,,,,,,,,,,,,,,,,,,2015
Hinsdale,,,,,,,,,,,,,,,,,,,,,,,,,,,,,,,,,,,,,,,,,,,,,,,,,,,,,,,,,,,,2015
Lanesboro,,,,,,,,,,,,,,,,,,,,,,,,,,,,,,,,,,,,,,,,,,,,,,,,,,,,,,,,,,,,2015
Lee,172,50,,,,,4.0,2.0,2.0,,,,1.0,13,31,1,,,115,,,8,4.0,23,1.0,,8.0,,,,,,,,4.0,5.0,14.0,13.0,,5,,23,5.0,2.0,7,4.0,,,,,,2.0,,,,1.0,,,,2015
Lenox,161,23,,,,,1.0,,1.0,,4.0,,,4,6,8,,,111,,,19,8.0,8,,,5.0,1.0,1.0,,,,,,,1.0,19.0,6.0,,12,,26,1.0,4.0,27,22.0,,,,,,,,,,5.0,,,,2015
MA College of Liberal Arts,57,13,,,,,,,,,1.0,,,1,9,2,,,40,,,2,,16,,,,1.0,,,,,,1.0,,,1.0,4.0,,,,15,,,4,,1.0,,,,,1.0,,,,2.0,,,,2015
MBTA - Berkshire County,,,,,,,,,,,,,,,,,,,,,,,,,,,,,,,,,,,,,,,,,,,,,,,,,,,,,,,,,,,,2015
Monterey,5,,,,,,,,,,,,,,,,,,4,,,,,,,,,1.0,,,,,,,,,,1.0,,,,2,,,1,1.0,,,,,,,,,,,,,,2015
Mount Washington,,,,,,,,,,,,,,,,,,,,,,,,,,,,,,,,,,,,,,,,,,,,,,,,,,,,,,,,,,,,2015
New Ashford,,,,,,,,,,,,,,,,,,,,,,,,,,,,,,,,,,,,,,,,,,,,,,,,,,,,,,,,,,,,2015
New Marlboro,,,,,,,,,,,,,,,,,,,,,,,,,,,,,,,,,,,,,,,,,,,,,,,,,,,,,,,,,,,,2015
North Adams,"1,198",415,,,,,6.0,6.0,,,2.0,1.0,11.0,137,227,31,,,705,2.0,,112,10.0,195,1.0,,34.0,5.0,20.0,,,,,8.0,1.0,2.0,86.0,52.0,,,,154,16.0,7.0,78,59.0,1.0,,,,,10.0,,,,8.0,,,,2015
Otis,,,,,,,,,,,,,,,,,,,,,,,,,,,,,,,,,,,,,,,,,,,,,,,,,,,,,,,,,,,,2015
Peru,,,,,,,,,,,,,,,,,,,,,,,,,,,,,,,,,,,,,,,,,,,,,,,,,,,,,,,,,,,,2015
Pittsfield,"3,109",900,4.0,,,4.0,38.0,26.0,12.0,,20.0,1.0,16.0,214,515,88,,,"2,058",5.0,,421,35.0,434,13.0,,100.0,14.0,47.0,,,,,34.0,21.0,12.0,182.0,119.0,,144,2.0,390,52.0,33.0,151,89.0,,,,,,8.0,,,,54.0,,,,2015
Richmond,,,,,,,,,,,,,,,,,,,,,,,,,,,,,,,,,,,,,,,,,,,,,,,,,,,,,,,,,,,,2015
Sandisfield,,,,,,,,,,,,,,,,,,,,,,,,,,,,,,,,,,,,,,,,,,,,,,,,,,,,,,,,,,,,2015
Savoy,,,,,,,,,,,,,,,,,,,,,,,,,,,,,,,,,,,,,,,,,,,,,,,,,,,,,,,,,,,,2015
Sheffield,,,,,,,,,,,,,,,,,,,,,,,,,,,,,,,,,,,,,,,,,,,,,,,,,,,,,,,,,,,,2015
Stockbridge,84,19,,,,,1.0,1.0,,,,,,5,5,8,,,60,,,16,2.0,4,1.0,,5.0,1.0,3.0,,,,,,,,1.0,8.0,,,,19,,,5,3.0,,,,,,,,,,2.0,,,,2015
Tyringham,,,,,,,,,,,,,,,,,,,,,,,,,,,,,,,,,,,,,,,,,,,,,,,,,,,,,,,,,,,,2015
Washington,,,,,,,,,,,,,,,,,,,,,,,,,,,,,,,,,,,,,,,,,,,,,,,,,,,,,,,,,,,,2015
West Stockbridge,,,,,,,,,,,,,,,,,,,,,,,,,,,,,,,,,,,,,,,,,,,,,,,,,,,,,,,,,,,,2015
Williamstown,234,31,,,,,4.0,4.0,,,,,4.0,3,18,2,,,164,2.0,,16,1.0,37,,,4.0,1.0,,,,,,1.0,,,1.0,53.0,,,,47,1.0,,39,39.0,,,,,,,,,,,,,,2015
Windsor,,,,,,,,,,,,,,,,,,,,,,,,,,,,,,,,,,,,,,,,,,,,,,,,,,,,,,,,,,,,2015
Acushnet,302,100,,,,,2.0,2.0,,,2.0,,1.0,26,49,20,,,190,4.0,,29,1.0,57,,1.0,8.0,,8.0,,,,,,,,1.0,13.0,,4,1.0,47,10.0,6.0,12,7.0,,,,,,,1.0,,,4.0,,,,2015
Attleboro,"2,029",567,,,,4.0,20.0,15.0,4.0,1.0,18.0,,3.0,80,355,87,,,"1,355",2.0,,187,27.0,267,11.0,,67.0,57.0,62.0,,,,,13.0,,,191.0,94.0,1.0,131,49.0,137,38.0,21.0,107,70.0,,,,,,9.0,1.0,,,27.0,,,,2015
Berkley,107,31,,,,1.0,2.0,2.0,,,,,,6,18,4,,,69,,,8,,16,,,8.0,3.0,9.0,,,,,,,,,3.0,,9,1.0,8,,4.0,7,6.0,,,,,,,,,,1.0,,,,2015
Bristol Comm College,,,,,,,,,,,,,,,,,,,,,,,,,,,,,,,,,,,,,,,,,,,,,,,,,,,,,,,,,,,,2015
Bristol State Police,,,,,,,,,,,,,,,,,,,,,,,,,,,,,,,,,,,,,,,,,,,,,,,,,,,,,,,,,,,,2015
Bristol State Police Framingham,,,,,,,,,,,,,,,,,,,,,,,,,,,,,,,,,,,,,,,,,,,,,,,,,,,,,,,,,,,,2015
Bristol State Police Middleboro,,,,,,,,,,,,,,,,,,,,,,,,,,,,,,,,,,,,,,,,,,,,,,,,,,,,,,,,,,,,2015
Dartmouth,"1,544",292,,,,3.0,2.0,2.0,,,1.0,,7.0,43,156,80,,,"1,209",,,92,7.0,200,4.0,,80.0,15.0,32.0,,,,,11.0,1.0,3.0,283.0,47.0,,64,1.0,313,32.0,24.0,43,27.0,,,,,,4.0,1.0,2.0,,9.0,,,,2015
Dighton,,,,,,,,,,,,,,,,,,,,,,,,,,,,,,,,,,,,,,,,,,,,,,,,,,,,,,,,,,,,2015
Easton,469,92,,,,1.0,6.0,5.0,1.0,,1.0,2.0,4.0,21,48,9,,,355,,,44,9.0,61,2.0,,19.0,12.0,33.0,,,,,5.0,2.0,2.0,13.0,31.0,,21,,83,15.0,3.0,22,16.0,,,,,,2.0,1.0,,,3.0,,,,2015
Fairhaven,899,215,,,,1.0,3.0,3.0,,,2.0,,2.0,33,84,90,,,653,2.0,,53,9.0,160,2.0,,37.0,8.0,14.0,,,,,2.0,2.0,6.0,118.0,47.0,,46,,126,12.0,9.0,31,25.0,,,,,,2.0,2.0,,,2.0,,,,2015
Fall River,"6,489","2,459",2.0,,,33.0,61.0,44.0,17.0,,61.0,1.0,18.0,781,"1,257",245,,,"3,556",23.0,,470,101.0,785,15.0,8.0,197.0,16.0,98.0,,,,,176.0,24.0,15.0,281.0,279.0,,247,1.0,556,185.0,79.0,474,288.0,,,4.0,,,23.0,31.0,2.0,,126.0,,,,2015
Freetown,317,71,,,,1.0,3.0,2.0,1.0,,1.0,,5.0,21,25,15,,,233,1.0,,37,1.0,65,,,8.0,,14.0,,,,,2.0,,1.0,,22.0,,19,,45,12.0,6.0,13,8.0,,,,,,2.0,,,,3.0,,,,2015
Mansfield,771,228,,,,2.0,5.0,3.0,2.0,,3.0,,6.0,54,114,44,,,496,2.0,,55,23.0,96,,,49.0,11.0,52.0,,,,,1.0,1.0,2.0,40.0,37.0,,1,,103,12.0,11.0,47,35.0,,,,,,6.0,,,,6.0,,,,2015
MBTA - Bristol County,,,,,,,,,,,,,,,,,,,,,,,,,,,,,,,,,,,,,,,,,,,,,,,,,,,,,,,,,,,,2015
New Bedford,"9,921","3,609",5.0,,,26.0,52.0,36.0,14.0,2.0,53.0,,7.0,767,"1,868",831,,,"5,698",24.0,,775,79.0,"1,524",11.0,9.0,299.0,31.0,152.0,,1.0,,,238.0,8.0,17.0,358.0,237.0,,412,137.0,"1,026",277.0,83.0,614,438.0,,,,,,12.0,62.0,1.0,,101.0,,,,2015
North Attleborough,724,157,,,,,2.0,2.0,,,,,,27,112,16,,,554,1.0,,70,10.0,53,8.0,,,30.0,,,5.0,,,1.0,,,177.0,2.0,,69,,115,13.0,,13,10.0,,,,,,1.0,,,1.0,1.0,,,,2015
Norton,132,30,,,,,1.0,1.0,,,,,1.0,14,14,,,,99,,,17,,19,,,5.0,14.0,,,,,,,,,,8.0,,11,,21,3.0,1.0,3,3.0,,,,,,,,,,,,,,2015
Raynham,592,94,,1.0,,3.0,1.0,1.0,,,,,1.0,17,54,17,,,466,1.0,,33,23.0,33,,,30.0,4.0,19.0,,,,,7.0,3.0,,123.0,4.0,,29,1.0,142,14.0,,32,24.0,,,,,,2.0,1.0,,,5.0,,,,2015
Rehoboth,327,55,,,,,2.0,1.0,1.0,,,5.0,,13,19,16,,,257,1.0,,28,6.0,82,1.0,,11.0,2.0,20.0,,,,,,,,,16.0,,23,3.0,55,7.0,2.0,15,10.0,,,,,,2.0,,,,3.0,,,,2015
Seekonk,708,91,,,,2.0,2.0,2.0,,,1.0,,3.0,21,47,15,,,560,,,37,17.0,109,2.0,,28.0,13.0,11.0,,,,,4.0,,4.0,58.0,16.0,,11,,226,9.0,15.0,57,45.0,,,,,,3.0,,1.0,,8.0,,,,2015
Somerset,724,172,,,,,5.0,2.0,3.0,,3.0,,7.0,32,83,42,,,499,1.0,,34,19.0,114,5.0,1.0,30.0,9.0,34.0,,,,,3.0,1.0,2.0,43.0,71.0,,31,,83,8.0,10.0,53,46.0,,,,,,,1.0,,,6.0,,,,2015
Stonehill College,,,,,,,,,,,,,,,,,,,,,,,,,,,,,,,,,,,,,,,,,,,,,,,,,,,,,,,,,,,,2015
Swansea,682,179,,,,,2.0,2.0,,,2.0,1.0,5.0,25,95,49,,,481,,,39,12.0,77,2.0,,44.0,12.0,13.0,,1.0,,,,,3.0,91.0,41.0,,18,1.0,104,17.0,6.0,22,13.0,,,,,,2.0,,,,7.0,,,,2015
Taunton,"1,549",525,1.0,,,1.0,8.0,8.0,,,1.0,,5.0,168,304,37,,,913,8.0,,233,24.0,131,,,43.0,2.0,,,,,,35.0,3.0,,87.0,13.0,,19,1.0,268,46.0,,111,69.0,,,,,,4.0,2.0,,10.0,26.0,,,,2015
U-Mass Dartmouth,,,,,,,,,,,,,,,,,,,,,,,,,,,,,,,,,,,,,,,,,,,,,,,,,,,,,,,,,,,,2015
Uncategorized,,,,,,,,,,,,,,,,,,,,,,,,,,,,,,,,,,,,,,,,,,,,,,,,,,,,,,,,,,,,2015
Westport,382,74,,,,,5.0,4.0,1.0,,,,1.0,13,36,19,,,270,2.0,,44,3.0,78,2.0,,8.0,2.0,20.0,,,,,1.0,,,3.0,15.0,,14,,71,4.0,3.0,38,26.0,,,,,,1.0,,,,11.0,,,,2015
Wheaton College,,,,,,,,,,,,,,,,,,,,,,,,,,,,,,,,,,,,,,,,,,,,,,,,,,,,,,,,,,,,2015
Aquinnah,10,6,,,,,1.0,1.0,,,,,,4,1,,,,4,,,1,,1,,,,,,,,,,,,,,,,,,2,,,,,,,,,,,,,,,,,,2015
Chilmark,34,9,,,,3.0,,,,,,,,,3,3,,,24,1.0,,1,1.0,5,,2.0,2.0,,,,,,,,,,1.0,1.0,,,,9,1.0,,1,1.0,,,,,,,,,,,,,,2015
Dukes State Police,,,,,,,,,,,,,,,,,,,,,,,,,,,,,,,,,,,,,,,,,,,,,,,,,,,,,,,,,,,,2015
Dukes State Police Middleboro,,,,,,,,,,,,,,,,,,,,,,,,,,,,,,,,,,,,,,,,,,,,,,,,,,,,,,,,,,,,2015
Edgartown,248,67,,,,,5.0,5.0,,,,,,21,38,3,,,170,,,18,4.0,32,,,9.0,,,,,,,,1.0,,9.0,7.0,,5,,81,4.0,,11,11.0,,,,,,,,,,,,,,2015
Gosnold,,,,,,,,,,,,,,,,,,,,,,,,,,,,,,,,,,,,,,,,,,,,,,,,,,,,,,,,,,,,2015
MBTA - Dukes County,,,,,,,,,,,,,,,,,,,,,,,,,,,,,,,,,,,,,,,,,,,,,,,,,,,,,,,,,,,,2015
Oak Bluffs,249,77,,,,,3.0,3.0,,,,,,17,46,11,,,155,,,29,1.0,24,,,8.0,,,,,,,1.0,2.0,,13.0,6.0,,,,61,10.0,,17,14.0,,,,,,,,,,3.0,,,,2015
Tisbury,202,64,,,,,1.0,1.0,,,,,1.0,22,31,9,,,133,,,16,,24,1.0,,12.0,,,,,,,1.0,2.0,,11.0,10.0,,1,,52,3.0,,5,5.0,,,,,,,,,,,,,,2015
West Tisbury,60,11,,,,,,,,,,,,4,5,2,,,49,,,7,2.0,3,,,5.0,,,,,,,,2.0,,,10.0,,,1.0,16,3.0,,,,,,,,,,,,,,,,,2015
Amesbury,514,167,,,,2.0,7.0,,,7.0,5.0,,,81,32,40,,,306,,6.0,37,2.0,105,,,31.0,2.0,,,,,,,1.0,,1.0,1.0,,11,,90,8.0,11.0,41,38.0,,,,,,,1.0,,,2.0,,,,2015
Andover,704,92,,,,,1.0,1.0,,,2.0,,,10,69,10,,,518,1.0,,35,9.0,100,2.0,2.0,11.0,37.0,51.0,,9.0,,,2.0,,,7.0,49.0,2.0,97,3.0,90,11.0,,94,93.0,,,,,,,1.0,,,,,,,2015
Beverly,"1,008",272,,3.0,,,8.0,8.0,,,5.0,,,48,172,36,,,655,,,47,4.0,201,,,6.0,29.0,22.0,,5.0,,,7.0,2.0,1.0,33.0,24.0,,62,7.0,187,18.0,,81,44.0,26.0,,,,,2.0,,,,9.0,,,,2015
Boxford,48,3,,,,,,,,,1.0,,1.0,,,1,,,45,,,3,,20,,,1.0,1.0,,,2.0,,,,,,,8.0,,9,,1,,,,,,,,,,,,,,,,,,2015
Danvers,"1,323",237,,,,1.0,8.0,6.0,1.0,1.0,1.0,,1.0,41,140,45,,,"1,046",1.0,,77,32.0,138,11.0,1.0,28.0,41.0,56.0,,6.0,,,5.0,5.0,1.0,326.0,40.0,1.0,74,10.0,154,23.0,16.0,40,25.0,,,,,,2.0,1.0,,,12.0,,,,2015
Endicott College,,,,,,,,,,,,,,,,,,,,,,,,,,,,,,,,,,,,,,,,,,,,,,,,,,,,,,,,,,,,2015
Essex,,,,,,,,,,,,,,,,,,,,,,,,,,,,,,,,,,,,,,,,,,,,,,,,,,,,,,,,,,,,2015
Essex State Police,,,,,,,,,,,,,,,,,,,,,,,,,,,,,,,,,,,,,,,,,,,,,,,,,,,,,,,,,,,,2015
Essex State Police Framingham,,,,,,,,,,,,,,,,,,,,,,,,,,,,,,,,,,,,,,,,,,,,,,,,,,,,,,,,,,,,2015
Georgetown,130,26,,,,,1.0,1.0,,,1.0,,,2,17,5,,,96,,,7,1.0,21,,,12.0,5.0,21.0,,,,,,,,,8.0,,5,,12,1.0,3.0,8,7.0,,,,,,,,,,1.0,,,,2015
Gloucester,865,345,,,,2.0,2.0,2.0,,,2.0,,5.0,63,215,56,,,429,1.0,,33,9.0,121,5.0,,30.0,10.0,15.0,,,,,6.0,4.0,2.0,26.0,41.0,,9,,96,16.0,5.0,91,80.0,,,,,,,1.0,,,10.0,,,,2015
Gordon College,,,,,,,,,,,,,,,,,,,,,,,,,,,,,,,,,,,,,,,,,,,,,,,,,,,,,,,,,,,,2015
Groveland,51,15,,,,,,,,,,,,1,14,,,,32,,,1,,6,,,1.0,5.0,2.0,,,,,1.0,,,,6.0,,5,,4,1.0,,4,4.0,,,,,,,,,,,,,,2015
Hamilton,117,16,,,,1.0,,,,,,,,4,2,9,,,92,,,6,1.0,25,,,4.0,1.0,13.0,,,,,,,,4.0,7.0,,4,,25,1.0,1.0,9,8.0,,,,,,1.0,,,,,,,,2015
Haverhill,"3,724","1,262",,,,4.0,25.0,25.0,,,,,3.0,273,705,252,,,"2,184",13.0,,318,47.0,568,,1.0,85.0,45.0,4.0,,,,,50.0,13.0,,99.0,30.0,,257,1.0,545,108.0,,278,205.0,,,1.0,,,8.0,5.0,,,59.0,,,,2015
Ipswich,182,13,,,,,,,,,,,,5,8,,,,162,,,16,3.0,50,,,2.0,14.0,19.0,,2.0,,,,,2.0,4.0,6.0,,3,1.0,39,1.0,,7,7.0,,,,,,,,,,,,,,2015
Lawrence,,,,,,,,,,,,,,,,,,,,,,,,,,,,,,,,,,,,,,,,,,,,,,,,,,,,,,,,,,,,2015
Lynn,"5,999","1,825",2.0,,,11.0,38.0,35.0,3.0,,39.0,,9.0,513,"1,103",110,,,"3,682",6.0,1.0,434,58.0,911,,4.0,148.0,77.0,40.0,2.0,1.0,,,179.0,49.0,,179.0,41.0,,253,15.0,949,335.0,,492,312.0,,,4.0,,,4.0,69.0,2.0,,101.0,,,,2015
Lynnfield,238,57,,,,,,,,,,,1.0,7,39,10,,,174,1.0,,20,4.0,34,,,7.0,7.0,12.0,,,,,,,3.0,12.0,4.0,,13,,50,6.0,1.0,7,7.0,,,,,,,,,,,,,,2015
Manchester-by-the-sea,72,13,,,,1.0,,,,,1.0,,,5,2,4,,,56,,,6,,11,,,,3.0,1.0,,11.0,,,,,,1.0,7.0,,3,,4,1.0,8.0,3,2.0,1.0,,,,,,,,,,,,,2015
Marblehead,448,80,,,,,1.0,1.0,,,,,,18,40,21,,,357,1.0,,28,4.0,108,1.0,1.0,26.0,10.0,,,2.0,,,1.0,1.0,1.0,5.0,18.0,,47,1.0,94,3.0,5.0,11,9.0,,,,,,,,,,2.0,,,,2015
MBTA - Essex County,,,,,,,,,,,,,,,,,,,,,,,,,,,,,,,,,,,,,,,,,,,,,,,,,,,,,,,,,,,,2015
Merrimac,127,25,,,,1.0,1.0,1.0,,,,,2.0,2,11,8,,,91,,,12,1.0,21,,,8.0,3.0,6.0,,,,,,1.0,,,13.0,,,,21,3.0,2.0,11,6.0,1.0,,,,,,1.0,1.0,,2.0,,,,2015
Merrimack College,,,,,,,,,,,,,,,,,,,,,,,,,,,,,,,,,,,,,,,,,,,,,,,,,,,,,,,,,,,,2015
Methuen,"1,720",293,1.0,,,1.0,2.0,2.0,,,1.0,,,69,155,64,,,"1,270",2.0,,127,13.0,212,,,90.0,79.0,30.0,,1.0,,,17.0,,,131.0,15.0,1.0,191,17.0,248,90.0,6.0,157,140.0,15.0,,,,,,,,,2.0,,,,2015
Middleton,165,29,,,,,1.0,,,1.0,,,,11,6,11,,,133,,1.0,5,,53,,,1.0,,,,,,,,,,,,,4,,66,2.0,1.0,3,2.0,,,,,,1.0,,,,,,,,2015
Nahant,78,20,,,,,3.0,,3.0,,,,1.0,5,7,4,,,55,1.0,,10,,24,,,2.0,2.0,2.0,,,,,,2.0,,,1.0,,,,9,,2.0,3,3.0,,,,,,,,,,,,,,2015
Newbury,140,50,,,,,4.0,2.0,2.0,,,,1.0,5,28,12,,,66,,,5,,16,4.0,,4.0,1.0,8.0,,,,,,,,,8.0,,,,20,,,24,18.0,,,,,,3.0,,,,3.0,,,,2015
Newburyport,505,114,,,,1.0,6.0,6.0,,,1.0,,,21,55,30,,,356,,,41,14.0,86,5.0,,20.0,5.0,25.0,,,,,,1.0,4.0,12.0,23.0,,23,,90,5.0,2.0,35,27.0,,,,,,1.0,,1.0,,6.0,,,,2015
North Andover,406,63,3.0,,,,,,,,,,,12,38,10,,,332,1.0,,27,2.0,30,,,1.0,16.0,,,,,,5.0,,,72.0,,,36,2.0,126,12.0,2.0,11,9.0,,,,,,,,,,2.0,,,,2015
North Shore CC,,,,,,,,,,,,,,,,,,,,,,,,,,,,,,,,,,,,,,,,,,,,,,,,,,,,,,,,,,,,2015
North Shore CC,,,,,,,,,,,,,,,,,,,,,,,,,,,,,,,,,,,,,,,,,,,,,,,,,,,,,,,,,,,,2015
North Shore Community College,,,,,,,,,,,,,,,,,,,,,,,,,,,,,,,,,,,,,,,,,,,,,,,,,,,,,,,,,,,,2015
Northern Essex Community College,,,,,,,,,,,,,,,,,,,,,,,,,,,,,,,,,,,,,,,,,,,,,,,,,,,,,,,,,,,,2015
Peabody,"1,454",394,3.0,,,3.0,8.0,7.0,1.0,,3.0,,4.0,138,136,99,,,982,4.0,,36,29.0,376,3.0,,32.0,13.0,31.0,,,,,12.0,6.0,2.0,182.0,18.0,,48,,137,21.0,32.0,78,66.0,,,,,,2.0,,2.0,,8.0,,,,2015
Rockport,83,37,,,,,1.0,1.0,,,,,,7,26,3,,,44,,,3,1.0,18,,,4.0,1.0,1.0,,,,,1.0,,,1.0,9.0,,,,4,,1.0,2,,,,,,,2.0,,,,,,,,2015
Rowley,97,16,,,,,1.0,1.0,,,,,,1,9,5,,,68,,,7,3.0,14,1.0,,1.0,,15.0,,,,,1.0,,,6.0,2.0,,,,14,3.0,1.0,13,12.0,,,,,,,,,,1.0,,,,2015
Salem,"2,898",649,1.0,,,4.0,7.0,4.0,2.0,1.0,9.0,,1.0,95,426,106,,,"2,084",,,173,28.0,485,,,85.0,57.0,54.0,1.0,8.0,,,24.0,,1.0,300.0,226.0,1.0,199,14.0,367,56.0,5.0,165,116.0,20.0,,,,,1.0,4.0,,,24.0,,,,2015
Salem State College,,,,,,,,,,,,,,,,,,,,,,,,,,,,,,,,,,,,,,,,,,,,,,,,,,,,,,,,,,,,2015
Salem State University,104,13,,,,,2.0,2.0,,,,,,3,7,1,,,90,,,11,1.0,21,,,,1.0,,,1.0,,,,1.0,,1.0,,,2,,51,,,1,1.0,,,,,,,,,,,,,,2015
Salisbury,454,135,,,,,4.0,4.0,,,,,5.0,24,80,22,,,260,1.0,,30,3.0,73,1.0,,10.0,1.0,10.0,,,,,1.0,,2.0,6.0,21.0,,21,2.0,66,6.0,6.0,59,48.0,,,,,,,,,,11.0,,,,2015
Saugus,"1,366",206,1.0,,,1.0,17.0,10.0,7.0,,1.0,,3.0,42,122,19,,,"1,108",1.0,,64,37.0,184,4.0,1.0,53.0,38.0,52.0,,,,,13.0,3.0,2.0,180.0,20.0,,82,2.0,310,39.0,23.0,52,33.0,,,,,,3.0,3.0,,,13.0,,,,2015
Swampscott,435,54,,,,1.0,1.0,1.0,,,1.0,,,16,33,2,,,369,,,35,14.0,48,1.0,2.0,30.0,21.0,3.0,,1.0,,,1.0,5.0,,34.0,9.0,,42,,115,8.0,,12,9.0,,,,,,1.0,,,,2.0,,,,2015
Topsfield,21,7,,,,,,,,,,,,5,2,,,,9,,,1,,,,,,,,,,,,,,,,,,3,,3,1.0,1.0,5,3.0,,,,,,,,,,2.0,,,,2015
Wenham,29,7,,,,,,,,,,,,3,2,2,,,21,,1.0,3,,9,,,2.0,,,,,,,,,,,,,,,6,,,1,1.0,,,,,,,,,,,,,,2015
West Newbury,14,4,,,,,,,,,,,,1,3,,,,10,,,3,,1,,,2.0,1.0,2.0,,,,,,,,,1.0,,,,,,,,,,,,,,,,,,,,,,2015
Ashfield,,,,,,,,,,,,,,,,,,,,,,,,,,,,,,,,,,,,,,,,,,,,,,,,,,,,,,,,,,,,2015
Bernardston,48,10,,,,,,,,,,,,2,5,3,,,34,,,2,,9,,,2.0,1.0,3.0,,,,,1.0,,,,8.0,,,,5,3.0,,4,3.0,,,,,,,,,,1.0,,,,2015
Buckland,,,,,,,,,,,,,,,,,,,,,,,,,,,,,,,,,,,,,,,,,,,,,,,,,,,,,,,,,,,,2015
Charlemont,,,,,,,,,,,,,,,,,,,,,,,,,,,,,,,,,,,,,,,,,,,,,,,,,,,,,,,,,,,,2015
Colrain,,,,,,,,,,,,,,,,,,,,,,,,,,,,,,,,,,,,,,,,,,,,,,,,,,,,,,,,,,,,2015
Conway,,,,,,,,,,,,,,,,,,,,,,,,,,,,,,,,,,,,,,,,,,,,,,,,,,,,,,,,,,,,2015
Deerfield,199,54,,,,,3.0,2.0,,1.0,1.0,,2.0,7,30,11,,,131,1.0,,16,2.0,26,2.0,,11.0,7.0,7.0,,1.0,,,1.0,,,4.0,14.0,,3,,31,2.0,3.0,14,10.0,,,,,,,,,,4.0,,,,2015
Erving,98,24,,,,,,,,,,,3.0,4,12,5,,,68,,,10,,16,,,8.0,,1.0,,,,,,,,1.0,3.0,,9,,19,1.0,,6,6.0,,,,,,,,,,,,,,2015
Franklin State Police,,,,,,,,,,,,,,,,,,,,,,,,,,,,,,,,,,,,,,,,,,,,,,,,,,,,,,,,,,,,2015
Franklin State Police Holden,,,,,,,,,,,,,,,,,,,,,,,,,,,,,,,,,,,,,,,,,,,,,,,,,,,,,,,,,,,,2015
Franklin State Police Northampton,,,,,,,,,,,,,,,,,,,,,,,,,,,,,,,,,,,,,,,,,,,,,,,,,,,,,,,,,,,,2015
Gill,,,,,,,,,,,,,,,,,,,,,,,,,,,,,,,,,,,,,,,,,,,,,,,,,,,,,,,,,,,,2015
Greenfield,"1,077",268,2.0,,,1.0,13.0,9.0,4.0,,,,17.0,86,129,20,,,722,2.0,,64,15.0,123,9.0,,32.0,16.0,16.0,,,,,8.0,8.0,6.0,51.0,70.0,,82,,200,12.0,8.0,87,67.0,,,,,,7.0,,,,13.0,,,,2015
Greenfield CC,,,,,,,,,,,,,,,,,,,,,,,,,,,,,,,,,,,,,,,,,,,,,,,,,,,,,,,,,,,,2015
Hawley,,,,,,,,,,,,,,,,,,,,,,,,,,,,,,,,,,,,,,,,,,,,,,,,,,,,,,,,,,,,2015
Heath,,,,,,,,,,,,,,,,,,,,,,,,,,,,,,,,,,,,,,,,,,,,,,,,,,,,,,,,,,,,2015
Leverett,23,,,,,,,,,,,,,,,,,,23,,,2,1.0,9,,,2.0,1.0,1.0,,,,,,,,,4.0,,,,3,,,,,,,,,,,,,,,,,,2015
Leyden,,,,,,,,,,,,,,,,,,,,,,,,,,,,,,,,,,,,,,,,,,,,,,,,,,,,,,,,,,,,2015
MBTA - Franklin County,,,,,,,,,,,,,,,,,,,,,,,,,,,,,,,,,,,,,,,,,,,,,,,,,,,,,,,,,,,,2015
Monroe,,,,,,,,,,,,,,,,,,,,,,,,,,,,,,,,,,,,,,,,,,,,,,,,,,,,,,,,,,,,2015
Montague,426,119,,,,3.0,2.0,2.0,,,,,5.0,66,36,7,,,286,2.0,,49,1.0,62,,,15.0,4.0,8.0,,,,,4.0,3.0,3.0,28.0,30.0,,,,67,6.0,4.0,21,17.0,,,,,,2.0,,,,2.0,,,,2015
New Salem,,,,,,,,,,,,,,,,,,,,,,,,,,,,,,,,,,,,,,,,,,,,,,,,,,,,,,,,,,,,2015
Northfield,105,18,,,,,1.0,1.0,,,,,,3,10,4,,,62,,,12,1.0,15,1.0,,3.0,6.0,4.0,,,,,,,,,3.0,,,,15,,2.0,25,23.0,,,,,,,,,,2.0,,,,2015
Orange,258,79,,,,,4.0,4.0,,,,,2.0,14,55,4,,,161,1.0,,41,3.0,33,1.0,,9.0,2.0,2.0,,,,,2.0,,,14.0,10.0,,,,40,1.0,2.0,18,12.0,,,,,,4.0,,,,2.0,,,,2015
Rowe,,,,,,,,,,,,,,,,,,,,,,,,,,,,,,,,,,,,,,,,,,,,,,,,,,,,,,,,,,,,2015
Shelburne,35,6,,,,,,,,,,,,,3,3,,,24,,,2,2.0,3,,,,,2.0,,,,,,,,1.0,3.0,,,,11,,,5,3.0,,,,,,,,,,2.0,,,,2015
Shutesbury,,,,,,,,,,,,,,,,,,,,,,,,,,,,,,,,,,,,,,,,,,,,,,,,,,,,,,,,,,,,2015
Sunderland,,,,,,,,,,,,,,,,,,,,,,,,,,,,,,,,,,,,,,,,,,,,,,,,,,,,,,,,,,,,2015
Warwick,,,,,,,,,,,,,,,,,,,,,,,,,,,,,,,,,,,,,,,,,,,,,,,,,,,,,,,,,,,,2015
Wendell,,,,,,,,,,,,,,,,,,,,,,,,,,,,,,,,,,,,,,,,,,,,,,,,,,,,,,,,,,,,2015
Whately,37,5,,,,,,,,,,,,,2,3,,,30,,,,1.0,4,1.0,,4.0,1.0,1.0,,,,,,,,2.0,3.0,,,,10,3.0,,2,2.0,,,,,,,,,,,,,,2015
Agawam,"1,119",266,,1.0,,,13.0,9.0,4.0,,3.0,,2.0,59,150,38,,,817,1.0,,198,21.0,119,6.0,,40.0,18.0,44.0,,,,,5.0,,,31.0,28.0,,7,7.0,235,39.0,18.0,36,24.0,,,,,,2.0,1.0,,,9.0,,,,2015
Blandford,,,,,,,,,,,,,,,,,,,,,,,,,,,,,,,,,,,,,,,,,,,,,,,,,,,,,,,,,,,,2015
Brimfield,38,9,,,,,,,,,,,,3,5,1,,,26,,,6,,6,,,1.0,1.0,,,,,,,,,,1.0,,1,,9,,1.0,3,1.0,,,,,,,,,,2.0,,,,2015
Chester,,,,,,,,,,,,,,,,,,,,,,,,,,,,,,,,,,,,,,,,,,,,,,,,,,,,,,,,,,,,2015
Chicopee,"3,681","1,252",,,,14.0,35.0,25.0,10.0,,16.0,1.0,15.0,179,727,265,,,"2,308",,,372,42.0,429,20.0,,170.0,21.0,102.0,,,,,58.0,3.0,5.0,170.0,205.0,,120,108.0,305,135.0,43.0,121,74.0,,,,,,9.0,4.0,2.0,,32.0,,,,2015
East Longmeadow,509,102,,,,1.0,4.0,4.0,,,,1.0,1.0,11,51,33,,,374,1.0,,30,5.0,67,1.0,,35.0,11.0,12.0,,,,,3.0,,7.0,37.0,21.0,,24,,102,9.0,9.0,33,28.0,,,,,,2.0,,,,3.0,,,,2015
Granville,,,,,,,,,,,,,,,,,,,,,,,,,,,,,,,,,,,,,,,,,,,,,,,,,,,,,,,,,,,,2015
Hampden,98,24,,,,,1.0,1.0,,,,,,3,16,4,,,71,,,9,,23,,,2.0,,5.0,,,,,,,,,1.0,,4,,23,3.0,1.0,3,,,,,,,2.0,,,,1.0,,,,2015
Hampden State Police,,,,,,,,,,,,,,,,,,,,,,,,,,,,,,,,,,,,,,,,,,,,,,,,,,,,,,,,,,,,2015
Hampden State Police Northampton,,,,,,,,,,,,,,,,,,,,,,,,,,,,,,,,,,,,,,,,,,,,,,,,,,,,,,,,,,,,2015
Hampden State Police Weston,,,,,,,,,,,,,,,,,,,,,,,,,,,,,,,,,,,,,,,,,,,,,,,,,,,,,,,,,,,,2015
Holland,,,,,,,,,,,,,,,,,,,,,,,,,,,,,,,,,,,,,,,,,,,,,,,,,,,,,,,,,,,,2015
Holyoke,"5,371","1,445",2.0,,,6.0,29.0,29.0,,,,,,278,734,396,,,"3,250",9.0,,338,37.0,867,2.0,1.0,5.0,47.0,,,,,,79.0,,,536.0,5.0,,171,6.0,"1,005",98.0,44.0,676,588.0,,,,,,6.0,1.0,,,81.0,,,,2015
Holyoke Community College,14,4,,,,,,,,,,,,,,4,,,9,,,1,,,,,1.0,,,,,,,,,,,2.0,,,,5,,,1,1.0,,,,,,,,,,,,,,2015
Longmeadow,303,53,,,,1.0,1.0,1.0,,,1.0,,1.0,16,19,14,,,245,,,16,4.0,41,,,22.0,10.0,33.0,,,,,1.0,,3.0,5.0,25.0,,31,,45,3.0,6.0,5,4.0,,,,,,,,,,1.0,,,,2015
Ludlow,710,145,,,,1.0,2.0,,2.0,,,,1.0,22,64,55,,,519,,,50,12.0,118,1.0,,38.0,24.0,36.0,,,,,6.0,3.0,1.0,18.0,25.0,,51,,112,18.0,6.0,46,37.0,,,,,,2.0,,,,7.0,,,,2015
MBTA - Hampden County,,,,,,,,,,,,,,,,,,,,,,,,,,,,,,,,,,,,,,,,,,,,,,,,,,,,,,,,,,,,2015
Monson,254,85,,,,,4.0,3.0,1.0,,1.0,,4.0,12,42,22,,,130,,,25,2.0,38,,,10.0,1.0,16.0,,,,,,,,2.0,8.0,,,,23,4.0,1.0,39,25.0,,,,,,7.0,2.0,,,5.0,,,,2015
Montgomery,,,,,,,,,,,,,,,,,,,,,,,,,,,,,,,,,,,,,,,,,,,,,,,,,,,,,,,,,,,,2015
Palmer,632,194,,,,,6.0,6.0,,,1.0,1.0,1.0,42,115,28,,,318,2.0,,54,11.0,75,,,16.0,2.0,16.0,,,,,4.0,,,18.0,15.0,,15,1.0,71,9.0,9.0,120,95.0,,,,,,4.0,,,,21.0,,,,2015
Russell,,,,,,,,,,,,,,,,,,,,,,,,,,,,,,,,,,,,,,,,,,,,,,,,,,,,,,,,,,,,2015
Southwick,323,70,,,,2.0,1.0,1.0,,,,,,15,36,16,,,236,1.0,,37,8.0,55,3.0,,7.0,3.0,27.0,,,,,,,,7.0,16.0,,1,,68,3.0,,17,9.0,,,,,,3.0,,,,5.0,,,,2015
Springfield,"16,903","5,956",18.0,,,67.0,102.0,79.0,21.0,2.0,77.0,,13.0,"1,061","3,111","1,507",,,"9,845",32.0,,"1,346",146.0,"2,185",19.0,6.0,233.0,101.0,506.0,,,,,515.0,48.0,7.0,208.0,209.0,,758,307.0,"2,491",641.0,87.0,"1,102",691.0,2.0,,,,,17.0,19.0,1.0,,372.0,,,,2015
Springfield College,,,,,,,,,,,,,,,,,,,,,,,,,,,,,,,,,,,,,,,,,,,,,,,,,,,,,,,,,,,,2015
Springfield Technical Community College,68,11,,,,,,,,,,,,4,6,1,,,57,,,2,,16,,,,,1.0,,,,,,1.0,1.0,1.0,17.0,,3,,15,,,,,,,,,,,,,,,,,,2015
Tolland,,,,,,,,,,,,,,,,,,,,,,,,,,,,,,,,,,,,,,,,,,,,,,,,,,,,,,,,,,,,2015
Wales,33,6,,,,2.0,1.0,1.0,,,,,,2,,1,,,26,,,1,1.0,3,,,3.0,2.0,,,,,,,,,2.0,4.0,,,,7,1.0,2.0,1,1.0,,,,,,,,,,,,,,2015
West Springfield,"2,406",385,2.0,,,5.0,22.0,14.0,8.0,,9.0,,9.0,145,157,36,,,"1,930",3.0,,175,29.0,306,9.0,,72.0,22.0,50.0,,,,,34.0,4.0,6.0,370.0,116.0,,141,2.0,466,99.0,26.0,91,83.0,,,,,,2.0,3.0,2.0,,1.0,,,,2015
Western New England Coll,,,,,,,,,,,,,,,,,,,,,,,,,,,,,,,,,,,,,,,,,,,,,,,,,,,,,,,,,,,,2015
Western New England University,,,,,,,,,,,,,,,,,,,,,,,,,,,,,,,,,,,,,,,,,,,,,,,,,,,,,,,,,,,,2015
Westfield,"1,555",386,,,,2.0,22.0,16.0,6.0,,1.0,,,49,248,64,,,"1,100",2.0,,107,35.0,216,1.0,,89.0,40.0,78.0,,,,,11.0,,8.0,71.0,193.0,,68,31.0,97,36.0,17.0,69,45.0,,,,,,13.0,1.0,1.0,,9.0,,,,2015
Westfield State College,245,42,,,,1.0,2.0,2.0,,,2.0,,1.0,3,20,13,,,99,,,2,,44,,,2.0,,,,,,,,,,1.0,8.0,,3,,36,,3.0,104,102.0,,,,,,,,,,2.0,,,,2015
Wilbraham,431,114,,,,1.0,2.0,2.0,,,,2.0,3.0,14,57,35,,,269,,,35,3.0,64,3.0,,10.0,3.0,14.0,,,,,5.0,,,17.0,9.0,,16,4.0,71,11.0,4.0,48,41.0,,,,,,4.0,,,,3.0,,,,2015
Amherst,688,188,,,,,19.0,18.0,1.0,,1.0,,5.0,53,102,8,,,446,,,57,10.0,96,3.0,,13.0,3.0,28.0,,,,,10.0,2.0,1.0,12.0,18.0,,20,,152,14.0,7.0,54,47.0,,,,,,1.0,,,,6.0,,,,2015
Amherst College,,,,,,,,,,,,,,,,,,,,,,,,,,,,,,,,,,,,,,,,,,,,,,,,,,,,,,,,,,,,2015
Belchertown,12,2,,,,,,,,,,,2.0,,,,,,8,,,3,,2,,,,,,,,,,,,,,1.0,,,,1,,1.0,2,,,,,,,1.0,,,,1.0,,,,2015
Chesterfield,,,,,,,,,,,,,,,,,,,,,,,,,,,,,,,,,,,,,,,,,,,,,,,,,,,,,,,,,,,,2015
Cummington,,,,,,,,,,,,,,,,,,,,,,,,,,,,,,,,,,,,,,,,,,,,,,,,,,,,,,,,,,,,2015
Easthampton,501,134,,,,,6.0,6.0,,,4.0,2.0,6.0,24,83,9,,,324,,,28,6.0,54,3.0,,24.0,4.0,14.0,,,,,2.0,1.0,,23.0,27.0,,33,,92,7.0,6.0,43,28.0,,,,,,7.0,2.0,1.0,,5.0,,,,2015
Goshen,4,1,,,,,,,,,,,,,1,,,,3,,,3,,,,,,,,,,,,,,,,,,,,,,,,,,,,,,,,,,,,,,2015
Granby,132,29,,,,,3.0,3.0,,,,,,6,19,1,,,93,1.0,,11,2.0,19,1.0,,4.0,3.0,4.0,,,,,1.0,,,3.0,7.0,,7,,22,3.0,5.0,10,8.0,,,,,,1.0,,,,1.0,,,,2015
Hadley,456,37,,,,,3.0,2.0,1.0,,1.0,,2.0,8,14,9,,,404,,,33,10.0,70,3.0,,18.0,6.0,20.0,,,,,1.0,,6.0,106.0,16.0,1.0,21,,88,5.0,,15,10.0,,,,,,1.0,1.0,1.0,,2.0,,,,2015
Hampshire College,102,10,,,,,2.0,2.0,,,,,,,2,6,,,81,1.0,,10,,32,2.0,,3.0,,,,,,,,,,,13.0,,,,20,,,11,4.0,5.0,,,,,2.0,,,,,,,,2015
Hampshire College,,,,,,,,,,,,,,,,,,,,,,,,,,,,,,,,,,,,,,,,,,,,,,,,,,,,,,,,,,,,2015
Hampshire State Police,,,,,,,,,,,,,,,,,,,,,,,,,,,,,,,,,,,,,,,,,,,,,,,,,,,,,,,,,,,,2015
Hampshire State Police Northampton,,,,,,,,,,,,,,,,,,,,,,,,,,,,,,,,,,,,,,,,,,,,,,,,,,,,,,,,,,,,2015
Hatfield,50,21,,,,,1.0,,1.0,,,,,7,10,3,,,27,,,,,6,,,6.0,2.0,1.0,,,,,,1.0,,,4.0,,,,7,,,2,2.0,,,,,,,,,,,,,,2015
Huntington,,,,,,,,,,,,,,,,,,,,,,,,,,,,,,,,,,,,,,,,,,,,,,,,,,,,,,,,,,,,2015
MBTA - Hampshire County,,,,,,,,,,,,,,,,,,,,,,,,,,,,,,,,,,,,,,,,,,,,,,,,,,,,,,,,,,,,2015
Middlefield,,,,,,,,,,,,,,,,,,,,,,,,,,,,,,,,,,,,,,,,,,,,,,,,,,,,,,,,,,,,2015
Mt. Holyoke College,,,,,,,,,,,,,,,,,,,,,,,,,,,,,,,,,,,,,,,,,,,,,,,,,,,,,,,,,,,,2015
Mt. Holyoke College,88,7,,,,,,,,,,,,,4,3,,,81,,,6,1.0,14,,,6.0,7.0,1.0,,,,,,,,,31.0,,,,15,,,,,,,,,,,,,,,,,,2015
Northampton,"1,533",423,,,,4.0,21.0,15.0,6.0,,7.0,,3.0,93,253,42,,,988,7.0,,88,27.0,180,3.0,,40.0,13.0,47.0,,,,,13.0,2.0,,173.0,170.0,,47,18.0,127,21.0,12.0,122,97.0,,,,,,6.0,,,,19.0,,,,2015
Pelham,23,3,,,,,,,,,,,,,3,,,,14,,,2,,1,,,2.0,,4.0,,,,,,,,,1.0,,,,2,,2.0,6,6.0,,,,,,,,,,,,,,2015
Plainfield,,,,,,,,,,,,,,,,,,,,,,,,,,,,,,,,,,,,,,,,,,,,,,,,,,,,,,,,,,,,2015
Smith College,80,5,,,,,1.0,1.0,,,1.0,,,,3,,,,74,,,4,,14,,,,,1.0,,,,,,,,,24.0,,,,31,,,1,1.0,,,,,,,,,,,,,,2015
Smith College,,,,,,,,,,,,,,,,,,,,,,,,,,,,,,,,,,,,,,,,,,,,,,,,,,,,,,,,,,,,2015
South Hadley,771,201,,,,,7.0,5.0,2.0,,3.0,,1.0,32,117,41,,,541,2.0,,72,13.0,113,4.0,2.0,38.0,8.0,31.0,,,,,3.0,,1.0,16.0,25.0,,50,1.0,144,15.0,3.0,29,17.0,,,,,,8.0,,,,4.0,,,,2015
Southampton,128,24,,,,,,,,,,,,10,9,5,,,96,1.0,,14,2.0,21,,,5.0,5.0,3.0,,1.0,,,1.0,,1.0,2.0,11.0,,2,,18,7.0,2.0,8,6.0,,,,,,1.0,1.0,,,,,,,2015
U-Mass Amherst,25,2,,,,,,,,,,,,1,1,,,,19,1.0,,1,,7,,,1.0,,,,,,,,,,,2.0,,1,,6,,,4,4.0,,,,,,,,,,,,,,2015
Ware,380,128,,,,,3.0,3.0,,,,,1.0,32,84,8,,,220,5.0,,25,6.0,41,,,6.0,2.0,8.0,,,,,3.0,,1.0,40.0,13.0,,1,1.0,61,4.0,3.0,32,29.0,,,,,,,,,,3.0,,,,2015
Westhampton,,,,,,,,,,,,,,,,,,,,,,,,,,,,,,,,,,,,,,,,,,,,,,,,,,,,,,,,,,,,2015
Williamsburg,59,17,,,,,1.0,1.0,,,,1.0,,4,8,3,,,25,,,5,,10,,,1.0,1.0,,,,,,,,,,1.0,,1,,6,,,17,16.0,,,,,,,,,,1.0,,,,2015
Worthington,,,,,,,,,,,,,,,,,,,,,,,,,,,,,,,,,,,,,,,,,,,,,,,,,,,,,,,,,,,,2015
Acton,627,111,,,,1.0,2.0,2.0,,,,,1.0,20,69,18,,,503,,,62,7.0,121,4.0,,68.0,27.0,39.0,,1.0,,,1.0,,,28.0,29.0,,26,9.0,68,8.0,5.0,13,9.0,,,,,,3.0,,,,1.0,,,,2015
Arlington,980,195,,,,3.0,2.0,2.0,,,2.0,,1.0,36,123,28,,,740,,,84,6.0,138,1.0,4.0,60.0,13.0,103.0,,,,,6.0,2.0,1.0,29.0,45.0,,87,10.0,121,30.0,,45,34.0,,,,,,2.0,,1.0,,8.0,,,,2015
Ashby,,,,,,,,,,,,,,,,,,,,,,,,,,,,,,,,,,,,,,,,,,,,,,,,,,,,,,,,,,,,2015
Ashland,346,100,,,,,8.0,8.0,,,1.0,,2.0,19,53,17,,,218,,,26,10.0,40,3.0,2.0,12.0,8.0,27.0,,,,,2.0,,2.0,7.0,20.0,,18,,34,5.0,2.0,28,23.0,,,,1.0,,1.0,,,,3.0,,,,2015
Ayer,321,126,,,,3.0,5.0,5.0,,,,,,28,82,8,,,183,,,29,3.0,41,,,32.0,3.0,,,,,,1.0,,1.0,1.0,5.0,,,,65,2.0,,12,4.0,,,,,,,1.0,,,7.0,,,,2015
Bedford,91,11,,,,,,,,,2.0,,,5,4,,,,76,,,15,1.0,13,1.0,,3.0,,,,,,,3.0,,,9.0,8.0,,4,1.0,15,3.0,,4,3.0,,,,,,,,,,1.0,,,,2015
Belmont,363,38,,,,1.0,3.0,3.0,,,,,,5,20,9,,,310,,,47,5.0,42,,1.0,41.0,,62.0,,,,,,1.0,,9.0,13.0,,,,86,3.0,,15,15.0,,,,,,,,,,,,,,2015
Bentley College,,,,,,,,,,,,,,,,,,,,,,,,,,,,,,,,,,,,,,,,,,,,,,,,,,,,,,,,,,,,2015
Billerica,797,159,,,,,3.0,3.0,,,6.0,,,27,86,37,,,535,2.0,,51,14.0,119,2.0,1.0,9.0,35.0,55.0,,15.0,,,3.0,,1.0,24.0,29.0,,52,18.0,82,21.0,2.0,103,57.0,36.0,,,,,2.0,,,,8.0,,,,2015
Boston and Maine Railroad Police Dept,,,,,,,,,,,,,,,,,,,,,,,,,,,,,,,,,,,,,,,,,,,,,,,,,,,,,,,,,,,,2015
Boston College,,,,,,,,,,,,,,,,,,,,,,,,,,,,,,,,,,,,,,,,,,,,,,,,,,,,,,,,,,,,2015
Boston College(Old ORI pre-2011),,,,,,,,,,,,,,,,,,,,,,,,,,,,,,,,,,,,,,,,,,,,,,,,,,,,,,,,,,,,2015
Boxborough,76,15,,,,,,,,,1.0,,,2,6,6,,,48,,,5,1.0,10,,,3.0,2.0,6.0,,1.0,,,1.0,,,1.0,9.0,,2,,7,,,13,10.0,,,1.0,,,,,,,2.0,,,,2015
Brandeis University,,,,,,,,,,,,,,,,,,,,,,,,,,,,,,,,,,,,,,,,,,,,,,,,,,,,,,,,,,,,2015
Brandeis University,,,,,,,,,,,,,,,,,,,,,,,,,,,,,,,,,,,,,,,,,,,,,,,,,,,,,,,,,,,,2015
Burlington,974,142,1.0,,,,6.0,4.0,1.0,1.0,,,1.0,39,65,30,,,801,1.0,1.0,37,19.0,125,1.0,,47.0,31.0,53.0,,,,,10.0,3.0,5.0,131.0,20.0,,23,,262,21.0,11.0,31,15.0,,,,,,1.0,8.0,3.0,,4.0,,,,2015
Cambridge,"5,140","1,166",3.0,,,1.0,24.0,24.0,,,2.0,,1.0,223,577,334,,1.0,"3,863",4.0,,438,84.0,510,1.0,10.0,202.0,81.0,153.0,,,,,82.0,97.0,,190.0,242.0,,361,19.0,"1,235",121.0,33.0,111,70.0,,,,,,8.0,3.0,1.0,,29.0,,,,2015
Carlisle,89,16,,,,,1.0,1.0,,,2.0,,2.0,,6,5,,,66,1.0,,3,2.0,13,,,10.0,7.0,7.0,,,,,,,,,4.0,,2,,17,,,7,6.0,,,,,,1.0,,,,,,,,2015
Chelmsford,808,67,,,,,5.0,5.0,,,4.0,,,15,30,13,,,713,1.0,,35,9.0,124,1.0,,2.0,59.0,22.0,,8.0,,,4.0,,,181.0,45.0,,62,,108,16.0,36.0,28,27.0,,,,,,,,,,1.0,,,,2015
Concord,298,50,,,,,,,,,,,,9,32,9,,,236,,,31,5.0,40,1.0,,15.0,9.0,28.0,,,,,,,1.0,1.0,17.0,,,,82,3.0,3.0,12,6.0,,,,,,2.0,,,,4.0,,,,2015
Dracut,842,115,,,,,4.0,4.0,,,2.0,,,15,87,7,,,715,1.0,,83,10.0,181,,,21.0,22.0,42.0,,1.0,,,1.0,,,24.0,54.0,,191,4.0,58,22.0,,12,9.0,,,,,,1.0,,,,2.0,,,,2015
Dunstable,50,8,,,,,,,,,,,,4,2,2,,,38,,,2,1.0,10,,,,,4.0,,,,,,1.0,1.0,,2.0,,5,,12,,,4,4.0,,,,,,,,,,,,,,2015
Everett,"1,806",357,2.0,,,7.0,20.0,20.0,,,13.0,,4.0,98,100,113,,,"1,348",1.0,,162,17.0,297,,1.0,10.0,60.0,33.0,1.0,1.0,,,36.0,,3.0,144.0,34.0,,178,12.0,265,86.0,7.0,101,55.0,20.0,,,,,4.0,2.0,,,20.0,,,,2015
Framingham,"2,293",599,1.0,,,,6.0,2.0,,4.0,5.0,,1.0,203,383,,,,"1,519",,,183,36.0,318,,1.0,3.0,19.0,105.0,,,,,18.0,5.0,,184.0,8.0,2.0,244,,322,57.0,14.0,175,137.0,,,,,,1.0,6.0,,,31.0,,,,2015
Framingham SC,,,,,,,,,,,,,,,,,,,,,,,,,,,,,,,,,,,,,,,,,,,,,,,,,,,,,,,,,,,,2015
Framingham State University,,,,,,,,,,,,,,,,,,,,,,,,,,,,,,,,,,,,,,,,,,,,,,,,,,,,,,,,,,,,2015
Groton,209,29,,,,,2.0,2.0,,,,,2.0,3,15,7,,,165,,,23,2.0,36,,,6.0,2.0,14.0,,,,,,,,5.0,12.0,,26,,33,3.0,3.0,15,13.0,,,,,,,1.0,,,1.0,,,,2015
Harvard University,,,,,,,,,,,,,,,,,,,,,,,,,,,,,,,,,,,,,,,,,,,,,,,,,,,,,,,,,,,,2015
Holliston,140,37,,,,,1.0,1.0,,,,,,4,27,5,,,98,1.0,1.0,12,,11,2.0,1.0,5.0,2.0,6.0,,,,,1.0,,,2.0,4.0,,11,,34,2.0,3.0,5,3.0,,,,,,1.0,,,,1.0,,,,2015
Hopkinton,173,35,,,,,1.0,1.0,,,2.0,,,,31,1,,,129,,,1,,74,1.0,,,1.0,,,,,,,1.0,1.0,,3.0,,8,,39,,,9,8.0,,,,,,,,,,1.0,,,,2015
Hudson,329,67,,,,,,,,,3.0,,,4,4,56,,,259,,,35,3.0,62,,,9.0,18.0,2.0,,,,,1.0,,,,48.0,,13,,61,7.0,,3,1.0,,,,,,,,,,2.0,,,,2015
Lasell College,,,,,,,,,,,,,,,,,,,,,,,,,,,,,,,,,,,,,,,,,,,,,,,,,,,,,,,,,,,,2015
Lexington,284,38,,,,,,,,,1.0,,,19,1,17,,,242,,,22,3.0,58,,,1.0,10.0,6.0,,7.0,,,,1.0,,6.0,22.0,,21,1.0,80,1.0,3.0,4,2.0,1.0,,,,,,1.0,,,,,,,2015
Lincoln,65,15,,,,,,,,,4.0,,1.0,4,5,1,,,48,,,6,1.0,5,,,1.0,5.0,,,2.0,,,,,,3.0,6.0,,2,,17,,,2,1.0,,,,,,,,,,1.0,,,,2015
Littleton,226,59,,,,,5.0,4.0,1.0,,1.0,,1.0,11,22,19,,,153,,,14,1.0,50,1.0,,12.0,7.0,11.0,,1.0,,,,1.0,2.0,6.0,5.0,,3,,33,5.0,1.0,14,9.0,,,,,,1.0,1.0,,,3.0,,,,2015
Lowell,"7,016","2,385",,,,9.0,33.0,27.0,1.0,5.0,46.0,,4.0,310,"1,618",365,,,"4,171",12.0,,498,76.0,"1,060",6.0,4.0,92.0,163.0,113.0,4.0,10.0,,,144.0,2.0,3.0,293.0,150.0,2.0,502,188.0,597,208.0,44.0,460,274.0,,,1.0,,,10.0,13.0,17.0,,145.0,,,,2015
Malden,"2,163",677,1.0,,,8.0,10.0,10.0,,,16.0,,,176,427,39,,,"1,407",,,144,28.0,297,1.0,3.0,53.0,16.0,2.0,,,,,55.0,14.0,,122.0,32.0,,205,2.0,327,106.0,,79,60.0,,,,,,1.0,5.0,4.0,,9.0,,,,2015
Marlborough,"1,718",512,,,,2.0,14.0,13.0,1.0,,20.0,1.0,,115,254,106,,,"1,130",,,63,28.0,271,3.0,4.0,66.0,41.0,81.0,,,,,14.0,2.0,2.0,43.0,47.0,,91,,340,21.0,13.0,76,50.0,,,,,,7.0,1.0,3.0,,15.0,,,,2015
Maynard,312,110,,,,1.0,2.0,2.0,,,,,5.0,31,44,27,,,172,4.0,,7,2.0,43,5.0,,15.0,14.0,19.0,,,,,2.0,,,5.0,12.0,,5,,30,5.0,4.0,30,22.0,,,,,,1.0,,,,7.0,,,,2015
MBTA - Middlesex County,,,,,,,,,,,,,,,,,,,,,,,,,,,,,,,,,,,,,,,,,,,,,,,,,,,,,,,,,,,,2015
Medford,"1,709",439,,,,2.0,10.0,10.0,,,,,,75,277,75,,,"1,172",,,114,28.0,215,,1.0,75.0,2.0,1.0,,,,,25.0,16.0,,49.0,16.0,,169,3.0,373,85.0,,98,81.0,,,,,,1.0,3.0,,,13.0,,,,2015
Melrose,559,118,,,,1.0,3.0,1.0,2.0,,,,1.0,17,64,32,,,429,1.0,,36,6.0,94,,1.0,21.0,2.0,7.0,,,,,8.0,,,12.0,37.0,,74,2.0,102,26.0,,12,10.0,,,,,,,,,,2.0,,,,2015
Middlesex State Police,,,,,,,,,,,,,,,,,,,,,,,,,,,,,,,,,,,,,,,,,,,,,,,,,,,,,,,,,,,,2015
Middlesex State Police Framingham,,,,,,,,,,,,,,,,,,,,,,,,,,,,,,,,,,,,,,,,,,,,,,,,,,,,,,,,,,,,2015
Middlesex State Police Holden,,,,,,,,,,,,,,,,,,,,,,,,,,,,,,,,,,,,,,,,,,,,,,,,,,,,,,,,,,,,2015
Middlesex State Police Weston,,,,,,,,,,,,,,,,,,,,,,,,,,,,,,,,,,,,,,,,,,,,,,,,,,,,,,,,,,,,2015
MIT,468,23,,,,1.0,,,,,,,,5,12,5,,,441,,,23,1.0,36,,,9.0,,,,,,,1.0,3.0,,2.0,37.0,,,,329,,,4,4.0,,,,,,,,,,,,,,2015
Mount IDA College,,,,,,,,,,,,,,,,,,,,,,,,,,,,,,,,,,,,,,,,,,,,,,,,,,,,,,,,,,,,2015
Natick,"1,155",188,,,,,7.0,4.0,3.0,,,,4.0,42,99,36,,,930,,,38,14.0,158,15.0,,62.0,25.0,33.0,,,,,6.0,2.0,7.0,64.0,142.0,,111,5.0,209,14.0,25.0,37,23.0,,,,,,1.0,,,,13.0,,,,2015
Newton,"1,370",245,,,,1.0,13.0,11.0,1.0,1.0,10.0,,,49,121,51,,,"1,090",,,111,25.0,175,13.0,,63.0,28.0,13.0,,4.0,,,13.0,7.0,,114.0,172.0,,150,10.0,160,22.0,10.0,35,25.0,1.0,,,,,1.0,,,,8.0,,,,2015
North Reading,224,47,,,,,,,,,,,,8,26,13,,,148,,,18,1.0,18,1.0,,19.0,7.0,8.0,,1.0,,,,,,13.0,3.0,,14,,39,3.0,3.0,29,24.0,,,,,,1.0,,,,4.0,,,,2015
Pepperell,379,140,,,,1.0,11.0,10.0,1.0,,,,1.0,23,79,25,,,227,,,28,7.0,75,1.0,,18.0,4.0,18.0,,,,,,,,,10.0,,12,,49,3.0,2.0,12,4.0,,,,,,2.0,,,,6.0,,,,2015
Reading,277,30,,,,,,,,,,,,5,16,9,,,235,,,26,1.0,49,,,14.0,21.0,5.0,,,,,1.0,1.0,1.0,11.0,61.0,1.0,13,3.0,19,4.0,4.0,12,9.0,3.0,,,,,,,,,,,,,2015
Regis College,,,,,,,,,,,,,,,,,,,,,,,,,,,,,,,,,,,,,,,,,,,,,,,,,,,,,,,,,,,,2015
Regis College,,,,,,,,,,,,,,,,,,,,,,,,,,,,,,,,,,,,,,,,,,,,,,,,,,,,,,,,,,,,2015
Regis College,,,,,,,,,,,,,,,,,,,,,,,,,,,,,,,,,,,,,,,,,,,,,,,,,,,,,,,,,,,,2015
Sherborn,73,18,,,,,1.0,1.0,,,,,,,5,12,,,53,,,9,1.0,16,1.0,,5.0,1.0,7.0,,,,,,,,,3.0,,2,,5,2.0,1.0,2,2.0,,,,,,,,,,,,,,2015
Shirley,125,30,,,,,,,,,,1.0,1.0,8,17,3,,,93,,,9,,31,1.0,,3.0,,2.0,,1.0,,,,,,1.0,8.0,,3,,30,2.0,2.0,2,1.0,,,,,,1.0,,,,,,,,2015
Somerville,"2,988",563,,,,5.0,8.0,7.0,1.0,,31.0,,6.0,156,323,34,,,"2,315",3.0,,305,48.0,350,,,84.0,72.0,,,,,,40.0,27.0,,170.0,74.0,,298,1.0,709,134.0,,110,66.0,,,,,,4.0,3.0,1.0,,36.0,,,,2015
Stoneham,488,136,,,,,4.0,4.0,,,7.0,,,29,81,15,,,324,,,85,5.0,52,1.0,,22.0,1.0,1.0,,,,,12.0,2.0,,10.0,12.0,,1,,112,8.0,,28,23.0,,,,,,,1.0,,,4.0,,,,2015
Stow,122,36,,,,,2.0,1.0,1.0,,,1.0,,7,19,7,,,79,,,12,1.0,16,,,6.0,5.0,10.0,,,,,,,1.0,,9.0,,,,18,,1.0,7,6.0,,,,,,1.0,,,,,,,,2015
Sudbury,113,22,,,,,,,,,,,,2,15,5,,,89,,,20,,11,,,,11.0,,,,,,,,,5.0,15.0,,10,1.0,14,2.0,,2,2.0,,,,,,,,,,,,,,2015
Tewksbury,"1,109",307,,,,9.0,18.0,18.0,,,4.0,,3.0,61,162,50,,,687,,,52,14.0,129,,,47.0,20.0,48.0,,,,,9.0,,5.0,85.0,45.0,,53,1.0,139,27.0,13.0,115,89.0,,,,,,6.0,7.0,3.0,,10.0,,,,2015
Townsend,201,18,,,,,2.0,2.0,,,,,1.0,9,4,2,,,174,,,49,1.0,15,,,14.0,12.0,,,,,,,,,8.0,,,,,71,4.0,,9,8.0,,,,,,,,,,1.0,,,,2015
Tufts University Medford,160,29,,,,,2.0,2.0,,,3.0,,,5,11,8,,,130,,,17,2.0,33,,,2.0,2.0,1.0,,,,,2.0,,,,48.0,,,,23,,,1,,,,,,,,,,,1.0,,,,2015
Tufts University prior 01/01/2015,,,,,,,,,,,,,,,,,,,,,,,,,,,,,,,,,,,,,,,,,,,,,,,,,,,,,,,,,,,,2015
Tufts University since 01/01/2015,,,,,,,,,,,,,,,,,,,,,,,,,,,,,,,,,,,,,,,,,,,,,,,,,,,,,,,,,,,,2015
Tyngsborough,250,68,,,,,1.0,1.0,,,,,2.0,15,37,13,,,159,2.0,,15,4.0,44,2.0,,10.0,4.0,8.0,,,,,,,1.0,2.0,9.0,,,,53,2.0,3.0,23,18.0,,,,,,2.0,1.0,,,2.0,,,,2015
U-Mass Lowell,,,,,,,,,,,,,,,,,,,,,,,,,,,,,,,,,,,,,,,,,,,,,,,,,,,,,,,,,,,,2015
Wakefield,653,161,2.0,,,1.0,8.0,3.0,5.0,,2.0,,4.0,40,70,34,,,447,,,47,8.0,95,1.0,1.0,23.0,11.0,72.0,,,,,4.0,2.0,,6.0,40.0,,34,,83,17.0,3.0,45,32.0,,,,,,3.0,5.0,,,5.0,,,,2015
Waltham,"1,707",552,,,,2.0,12.0,12.0,,,1.0,,,89,391,57,,,"1,087",3.0,,142,37.0,200,,,91.0,5.0,,,,,,15.0,7.0,,54.0,14.0,,101,5.0,368,45.0,,68,56.0,,,,,,2.0,2.0,,,8.0,,,,2015
Watertown,"1,037",222,,,,,5.0,5.0,,,4.0,,,28,135,50,,,780,2.0,,51,10.0,144,5.0,1.0,39.0,44.0,60.0,,,,,4.0,4.0,3.0,143.0,69.0,,69,17.0,91,17.0,7.0,35,27.0,,,,,,4.0,2.0,,,2.0,,,,2015
Wayland,16,1,,,,,,,,,,,,1,,,,,12,,,4,1.0,1,,,,,,,,,,,,,4.0,,,,,,,2.0,3,3.0,,,,,,,,,,,,,,2015
Westford,334,41,,,,,2.0,2.0,,,1.0,,,14,21,3,,,238,1.0,,25,15.0,42,2.0,,11.0,2.0,14.0,,,,,1.0,1.0,,7.0,21.0,,16,,62,8.0,10.0,55,49.0,,,,,,3.0,,,,3.0,,,,2015
Weston,73,9,,,,,,,,,,,1.0,,6,2,,,61,,,2,4.0,10,1.0,,4.0,2.0,4.0,,,,,,,,,12.0,,2,,14,1.0,5.0,3,2.0,,,,,,,,,,1.0,,,,2015
Wilmington,516,114,,,,1.0,5.0,2.0,3.0,,,,,30,42,36,,,371,1.0,,31,12.0,86,2.0,,24.0,11.0,33.0,,,,,3.0,,1.0,6.0,38.0,,23,1.0,83,11.0,5.0,31,26.0,,,,,,1.0,,,,4.0,,,,2015
Winchester,234,45,,,,1.0,,,,,1.0,,,6,37,,,,184,2.0,,22,,41,,,,,,,,,,,,1.0,1.0,22.0,,28,4.0,60,3.0,,5,5.0,,,,,,,,,,,,,,2015
Woburn,"1,239",266,,,,,8.0,8.0,,,1.0,,1.0,70,163,22,,1.0,854,,,74,15.0,192,13.0,2.0,47.0,32.0,49.0,1.0,2.0,,,12.0,3.0,2.0,77.0,122.0,,69,9.0,95,32.0,6.0,119,92.0,1.0,,1.0,,,5.0,14.0,,,6.0,,,,2015
MBTA - Nantucket County,,,,,,,,,,,,,,,,,,,,,,,,,,,,,,,,,,,,,,,,,,,,,,,,,,,,,,,,,,,,2015
Nantucket,589,147,,,,,3.0,3.0,,,4.0,1.0,1.0,30,106,2,,,410,,,28,1.0,107,,,13.0,26.0,9.0,2.0,6.0,,,,,,5.0,40.0,,9,,151,12.0,1.0,32,30.0,,,,,,,,,,2.0,,,,2015
Nantucket State Police,,,,,,,,,,,,,,,,,,,,,,,,,,,,,,,,,,,,,,,,,,,,,,,,,,,,,,,,,,,,2015
Avon,,,,,,,,,,,,,,,,,,,,,,,,,,,,,,,,,,,,,,,,,,,,,,,,,,,,,,,,,,,,2015
Babson College,,,,,,,,,,,,,,,,,,,,,,,,,,,,,,,,,,,,,,,,,,,,,,,,,,,,,,,,,,,,2015
Bellingham,817,141,,,,1.0,5.0,3.0,2.0,,15.0,,,19,55,46,,,625,2.0,,34,17.0,84,2.0,1.0,57.0,8.0,23.0,,,,,11.0,4.0,4.0,142.0,50.0,,19,,145,10.0,12.0,51,44.0,,,1.0,,,1.0,1.0,,,4.0,,,,2015
Braintree,"1,299",277,,,,2.0,6.0,6.0,,,3.0,,1.0,117,108,40,,,913,,,95,24.0,32,3.0,,18.0,100.0,54.0,,,,,4.0,19.0,15.0,294.0,77.0,,44,17.0,81,24.0,12.0,109,96.0,,,,,,1.0,1.0,,,11.0,,,,2015
Brookline,"1,304",204,,,,1.0,2.0,2.0,,,8.0,,,144,39,10,,,"1,092",,,137,8.0,167,,,21.0,9.0,9.0,,20.0,,,19.0,15.0,3.0,89.0,252.0,1.0,115,22.0,180,22.0,3.0,8,7.0,,,,,,,,,,1.0,,,,2015
Canton,533,145,,,,,4.0,1.0,3.0,,1.0,,10.0,60,29,41,,,359,,,48,3.0,80,3.0,,14.0,14.0,39.0,,,,,2.0,,2.0,13.0,33.0,,18,,72,11.0,7.0,29,24.0,,,,,,,,,,5.0,,,,2015
Cohasset,181,35,,,,1.0,,,,,,,,7,17,10,,,138,,,13,6.0,29,,,8.0,2.0,13.0,,,,,,1.0,4.0,2.0,12.0,,9,,32,7.0,,8,6.0,,,,,,,,,,2.0,,,,2015
Curry College,,,,,,,,,,,,,,,,,,,,,,,,,,,,,,,,,,,,,,,,,,,,,,,,,,,,,,,,,,,,2015
Dean College,69,11,,,,,,,,,,,,1,9,1,,,48,,,3,,10,,,2.0,,,,,,,,,,,11.0,,1,,19,,2.0,10,9.0,1.0,,,,,,,,,,,,,2015
Dedham,798,53,,,,,2.0,2.0,,,,,1.0,5,45,,,,744,1.0,,28,5.0,128,18.0,,5.0,48.0,,,2.0,,,11.0,5.0,8.0,210.0,,,75,3.0,176,21.0,,1,1.0,,,,,,,,,,,,,,2015
Dover,51,7,,,,,,,,,,,,,6,1,,,42,2.0,,3,,13,,,2.0,1.0,8.0,,,,,,,1.0,,5.0,,1,,5,1.0,,2,1.0,,,,,,,,,,1.0,,,,2015
Foxborough,,,,,,,,,,,,,,,,,,,,,,,,,,,,,,,,,,,,,,,,,,,,,,,,,,,,,,,,,,,,2015
Franklin,168,43,,,,,,,,,4.0,,,3,35,1,,,112,,,26,,,,,,,,,,,,1.0,,,7.0,19.0,,44,8.0,5,2.0,,13,13.0,,,,,,,,,,,,,,2015
Holbrook,407,108,,,,,2.0,1.0,1.0,,,,9.0,40,44,13,,,277,,,27,5.0,83,5.0,1.0,16.0,4.0,6.0,,,,,6.0,,,3.0,22.0,,17,1.0,56,12.0,13.0,22,15.0,,,,,,5.0,,,,2.0,,,,2015
Mass Bay Community College,,,,,,,,,,,,,,,,,,,,,,,,,,,,,,,,,,,,,,,,,,,,,,,,,,,,,,,,,,,,2015
MBTA - Norfolk County,,,,,,,,,,,,,,,,,,,,,,,,,,,,,,,,,,,,,,,,,,,,,,,,,,,,,,,,,,,,2015
Medfield,10,1,,,,,,,,,,,,1,,,,,9,,,,,3,,,,,2.0,,,,,,,,,3.0,,,,1,,,,,,,,,,,,,,,,,,2015
Medway,95,20,,,,,,,,,,,,1,19,,,,75,,,8,,21,,,,,7.0,,,,,,,1.0,,,,,,38,,,,,,,,,,,,,,,,,,2015
Millis,,,,,,,,,,,,,,,,,,,,,,,,,,,,,,,,,,,,,,,,,,,,,,,,,,,,,,,,,,,,2015
Milton,344,25,,,,,,,,,1.0,,,7,17,,,,313,,,43,,58,,,,,,,,,,7.0,,1.0,3.0,47.0,,44,,99,11.0,,6,6.0,,,,,,,,,,,,,,2015
Mt. Ida College,,,,,,,,,,,,,,,,,,,,,,,,,,,,,,,,,,,,,,,,,,,,,,,,,,,,,,,,,,,,2015
Needham,541,66,,,,,2.0,2.0,,,1.0,,,6,44,13,,,467,,,23,8.0,37,2.0,,29.0,15.0,181.0,,,,,1.0,1.0,4.0,8.0,37.0,,9,1.0,103,6.0,2.0,8,7.0,,,,,,,,,,1.0,,,,2015
Norfolk,77,14,,,,,1.0,1.0,,,,,,,13,,,,57,,,11,3.0,14,,,,4.0,,,1.0,,,,,,,9.0,1.0,5,,8,1.0,,6,6.0,,,,,,,,,,,,,,2015
Norfolk State Police,,,,,,,,,,,,,,,,,,,,,,,,,,,,,,,,,,,,,,,,,,,,,,,,,,,,,,,,,,,,2015
Norfolk State Police Framingham,,,,,,,,,,,,,,,,,,,,,,,,,,,,,,,,,,,,,,,,,,,,,,,,,,,,,,,,,,,,2015
Norfolk State Police Middleboro,,,,,,,,,,,,,,,,,,,,,,,,,,,,,,,,,,,,,,,,,,,,,,,,,,,,,,,,,,,,2015
Norwood,983,215,,,,3.0,6.0,3.0,3.0,,10.0,,1.0,11,162,22,,,710,,,66,18.0,197,7.0,,50.0,58.0,48.0,,,,,4.0,1.0,,33.0,79.0,,45,27.0,41,30.0,6.0,58,49.0,,,,,,6.0,2.0,,,1.0,,,,2015
Plainville,238,26,,,,2.0,1.0,1.0,,,,,,7,14,2,,,194,,,27,4.0,43,,,2.0,22.0,8.0,,1.0,,,,,,25.0,20.0,,13,5.0,17,4.0,3.0,18,13.0,,,,1.0,,,,,,4.0,,,,2015
Quincy,"3,629","1,065",1.0,1.0,,11.0,27.0,27.0,,,16.0,,4.0,300,412,293,,,"2,363",4.0,,379,86.0,285,3.0,4.0,82.0,105.0,126.0,,8.0,,,51.0,23.0,,176.0,133.0,1.0,226,27.0,557,87.0,,201,156.0,,1.0,,,,4.0,2.0,,,38.0,,,,2015
Randolph,"1,415",437,,1.0,,,10.0,10.0,,,11.0,,2.0,111,263,39,,,821,2.0,,111,25.0,192,1.0,1.0,21.0,26.0,,,8.0,,,11.0,1.0,1.0,99.0,21.0,,92,6.0,160,43.0,,157,98.0,32.0,,,,,1.0,,,,26.0,,,,2015
Sharon,115,7,,,,,,,,,,,,,2,5,,,102,,,19,,15,,,1.0,4.0,,,4.0,,,,,,3.0,3.0,,17,,32,4.0,,6,4.0,2.0,,,,,,,,,,,,,2015
Stoughton,"1,176",351,,,,1.0,4.0,1.0,,3.0,2.0,,8.0,49,176,111,,,748,3.0,,64,31.0,151,2.0,,41.0,9.0,1.0,,,,,13.0,3.0,4.0,89.0,38.0,,42,,197,43.0,17.0,77,64.0,,,,,,1.0,2.0,,,10.0,,,,2015
Walpole,719,168,,,,2.0,5.0,4.0,1.0,,1.0,,2.0,25,100,33,,,503,2.0,,35,20.0,91,1.0,,41.0,28.0,38.0,,,,,11.0,3.0,7.0,31.0,24.0,,34,,106,19.0,12.0,48,35.0,1.0,,,,,4.0,,1.0,,7.0,,,,2015
Wellesley,471,56,,,,,1.0,1.0,,,4.0,,,8,33,10,,,387,,,46,24.0,51,,,20.0,7.0,44.0,,,,,2.0,1.0,1.0,14.0,19.0,,19,,118,3.0,18.0,28,24.0,,,,,,1.0,,,,3.0,,,,2015
Wellesley College,,,,,,,,,,,,,,,,,,,,,,,,,,,,,,,,,,,,,,,,,,,,,,,,,,,,,,,,,,,,2015
Westwood,380,67,,,,1.0,4.0,4.0,,,,,2.0,4,36,20,,,284,,,23,10.0,41,1.0,,15.0,10.0,38.0,,,,,1.0,,1.0,24.0,14.0,,9,5.0,83,3.0,6.0,29,23.0,,,,,,1.0,,,,5.0,,,,2015
Weymouth,"1,918",419,1.0,,,,18.0,12.0,6.0,,,,9.0,147,170,74,,,"1,280",2.0,,102,17.0,273,6.0,1.0,79.0,21.0,58.0,,,,,14.0,7.0,8.0,219.0,105.0,,67,3.0,230,38.0,30.0,219,205.0,,,,,,3.0,,,,11.0,,,,2015
Wrentham,334,29,,,,,1.0,1.0,,,,,1.0,5,21,1,,,290,,,25,3.0,18,6.0,,4.0,16.0,19.0,,1.0,,,2.0,3.0,,117.0,10.0,,16,,47,2.0,1.0,15,13.0,,,,,,,1.0,1.0,,,,,,2015
Abington,714,135,,,,,2.0,2.0,,,,3.0,1.0,23,75,31,,,493,,,52,10.0,114,3.0,,22.0,4.0,31.0,,,,,2.0,2.0,,83.0,19.0,,,,131,16.0,4.0,86,78.0,,,,,,2.0,1.0,1.0,,4.0,,,,2015
Bridgewater,2,1,,,,,,,,,,,,,,1,,,1,,,,,,,,1.0,,,,,,,,,,,,,,,,,,,,,,,,,,,,,,,,,2015
Bridgewater State University,146,46,,,,,8.0,4.0,1.0,3.0,4.0,,1.0,8,12,13,,,90,,,5,4.0,30,,,3.0,2.0,2.0,,,,,,2.0,,1.0,26.0,,1,,13,,1.0,10,7.0,,,,,,1.0,,,,2.0,,,,2015
Brockton,"7,179","2,624",8.0,,,25.0,68.0,56.0,12.0,,19.0,,46.0,727,"1,319",412,,,"3,970",7.0,,427,61.0,"1,132",7.0,3.0,131.0,45.0,119.0,,,,,147.0,29.0,13.0,213.0,122.0,,362,10.0,844,268.0,30.0,585,330.0,1.0,,,,,20.0,14.0,2.0,,218.0,,,,2015
Carver,321,122,,,,,3.0,2.0,1.0,,1.0,,8.0,18,67,25,,,183,2.0,,17,2.0,48,1.0,,12.0,4.0,9.0,,,,,2.0,,,3.0,10.0,,8,,54,6.0,5.0,16,11.0,,,,,,2.0,,,,3.0,,,,2015
Duxbury,163,45,,,,,2.0,2.0,,,1.0,,2.0,12,18,10,,,107,,,11,,25,1.0,,12.0,4.0,14.0,,1.0,,,,,,,6.0,,4,,27,1.0,1.0,11,7.0,,,,,,1.0,,,1.0,2.0,,,,2015
East Bridgewater,401,97,,,,,3.0,1.0,2.0,,1.0,,5.0,17,55,16,,,278,2.0,,21,4.0,81,1.0,,19.0,11.0,21.0,,,,,1.0,,1.0,4.0,22.0,,29,,49,7.0,5.0,26,21.0,,,,,,4.0,,,,1.0,,,,2015
Halifax,215,54,1.0,,,,,,,,,,,7,28,18,,,154,,,16,1.0,35,,,8.0,1.0,9.0,,,,,1.0,,,22.0,7.0,,14,,32,7.0,1.0,7,5.0,,,,,,,,,,2.0,,,,2015
Hanover,328,9,,,,,1.0,1.0,,,,,,,4,4,,,316,,,14,5.0,82,,,12.0,26.0,17.0,,6.0,,,,2.0,6.0,66.0,16.0,,20,5.0,22,3.0,14.0,3,1.0,,,,,,,1.0,,,1.0,,,,2015
Hanson,241,86,,,,1.0,3.0,3.0,,,,,4.0,30,28,20,,,130,,,12,2.0,41,,,5.0,2.0,13.0,,,,,1.0,1.0,,4.0,11.0,,3,,30,5.0,,25,18.0,,,,,,3.0,,,,4.0,,,,2015
Hingham,553,94,,,,,1.0,1.0,,,,,1.0,20,58,14,,,437,1.0,,49,12.0,79,,,14.0,24.0,46.0,,,,,,10.0,,29.0,9.0,,11,4.0,132,8.0,9.0,22,21.0,,,,,,,,,,1.0,,,,2015
Hull,422,142,,,,1.0,6.0,4.0,2.0,,1.0,,3.0,34,82,15,,,255,2.0,,25,13.0,84,1.0,,16.0,9.0,11.0,,1.0,,,2.0,2.0,1.0,10.0,19.0,,,1.0,47,6.0,5.0,25,18.0,,,,,,2.0,,,,5.0,,,,2015
Kingston,379,87,,,,1.0,6.0,5.0,1.0,,,,7.0,14,35,24,,,272,,,26,2.0,63,3.0,,14.0,7.0,6.0,,,,,2.0,1.0,,22.0,21.0,,19,1.0,77,6.0,2.0,20,15.0,,,,,,1.0,,,,4.0,,,,2015
Lakeville,233,51,,1.0,,2.0,2.0,2.0,,,,,,7,36,3,,,156,,,50,,28,,,,3.0,,,,,,,,,4.0,1.0,,11,4.0,48,4.0,3.0,26,21.0,,,,,,,,,,5.0,,,,2015
Marion,154,28,,,,,1.0,1.0,,,,,,4,15,8,,,120,,,13,2.0,34,1.0,,4.0,3.0,12.0,,,,,,,,,11.0,,3,1.0,29,3.0,4.0,6,5.0,,,,,,,,,,1.0,,,,2015
Marshfield,403,119,,,,,2.0,1.0,1.0,,,,1.0,41,51,24,,,245,,,11,3.0,97,2.0,,8.0,1.0,9.0,,,,,2.0,,1.0,10.0,17.0,,18,1.0,59,5.0,1.0,39,29.0,,,,,,,1.0,,,9.0,,,,2015
Massasoit Community College,42,6,,,,,,,,,,,1.0,,3,2,,,30,,,1,2.0,3,,,1.0,,,,,,,,,,1.0,9.0,,,,12,,1.0,6,5.0,,,,,,,,,,1.0,,,,2015
Mattapoisett,183,29,,,,,1.0,1.0,,,,1.0,1.0,10,11,5,,,131,,,13,4.0,28,,,10.0,3.0,5.0,,,,,,,,3.0,9.0,,11,,32,3.0,10.0,23,13.0,,,,,,5.0,1.0,1.0,,3.0,,,,2015
MBTA - Plymouth County,,,,,,,,,,,,,,,,,,,,,,,,,,,,,,,,,,,,,,,,,,,,,,,,,,,,,,,,,,,,2015
Middleborough,841,244,,,,3.0,11.0,6.0,5.0,,3.0,2.0,5.0,45,144,31,,,549,,,51,4.0,142,1.0,,21.0,12.0,31.0,,1.0,,,5.0,4.0,3.0,22.0,43.0,,52,2.0,127,18.0,10.0,48,38.0,,,,,,3.0,1.0,,,6.0,,,,2015
Norwell,124,23,,,,,1.0,1.0,,,,,,3,2,17,,,97,1.0,,14,7.0,28,,,2.0,1.0,,,,,,,,,5.0,6.0,,4,,25,1.0,3.0,4,2.0,,,,,,,1.0,,,1.0,,,,2015
Pembroke,329,82,,,,,2.0,2.0,,,5.0,1.0,,22,33,19,,,234,,,28,3.0,64,,,20.0,7.0,16.0,,,,,1.0,1.0,1.0,10.0,14.0,,9,,53,4.0,3.0,13,9.0,,,,,,2.0,,,,2.0,,,,2015
Plymouth,946,258,,,,1.0,8.0,8.0,,,13.0,,,102,73,61,,,597,1.0,,69,6.0,81,7.0,,54.0,20.0,,,,,,11.0,,1.0,107.0,2.0,,91,2.0,129,12.0,4.0,91,76.0,1.0,,,,,4.0,1.0,,,9.0,,,,2015
Plymouth State Police,,,,,,,,,,,,,,,,,,,,,,,,,,,,,,,,,,,,,,,,,,,,,,,,,,,,,,,,,,,,2015
Plymouth State Police Middleboro,,,,,,,,,,,,,,,,,,,,,,,,,,,,,,,,,,,,,,,,,,,,,,,,,,,,,,,,,,,,2015
Plympton,52,10,,,,,,,,,1.0,,,,6,3,,,39,1.0,,3,1.0,14,,,3.0,,2.0,,,,,,1.0,,1.0,,,1,,12,,,3,2.0,,,,,,,,,,1.0,,,,2015
Rochester,123,30,,,,,1.0,1.0,,,,,2.0,3,12,12,,,81,,,11,3.0,22,2.0,,12.0,3.0,6.0,,,,,,,,,7.0,,,,12,1.0,2.0,12,5.0,,,1.0,,,2.0,,,,4.0,,,,2015
Rockland,,,,,,,,,,,,,,,,,,,,,,,,,,,,,,,,,,,,,,,,,,,,,,,,,,,,,,,,,,,,2015
Scituate,305,69,,,,,1.0,1.0,,,,,4.0,16,31,17,,,216,1.0,,20,6.0,45,1.0,1.0,14.0,6.0,32.0,,,,,1.0,1.0,,2.0,17.0,,19,,43,6.0,1.0,20,16.0,,,,,,2.0,1.0,,,1.0,,,,2015
Wareham,"1,317",380,,,,3.0,10.0,7.0,3.0,,5.0,,10.0,89,195,68,,,867,7.0,,113,24.0,183,4.0,,57.0,10.0,26.0,1.0,,,,13.0,10.0,7.0,59.0,71.0,,8,,226,28.0,20.0,70,53.0,1.0,,,,,4.0,,,,12.0,,,,2015
West Bridgewater,313,34,,,,,3.0,3.0,,,,,1.0,12,14,4,,,253,2.0,,29,13.0,47,,,39.0,9.0,7.0,,,,,1.0,,4.0,13.0,6.0,,24,,42,10.0,7.0,26,18.0,,,,,,2.0,,,,6.0,,,,2015
Whitman,490,169,,,,,3.0,2.0,1.0,,1.0,1.0,4.0,30,119,11,,,297,1.0,,20,6.0,77,1.0,,19.0,7.0,19.0,,,,,1.0,,1.0,24.0,17.0,,28,,64,8.0,4.0,24,19.0,,,,,,2.0,,,,3.0,,,,2015
Berklee College of Music,,,,,,,,,,,,,,,,,,,,,,,,,,,,,,,,,,,,,,,,,,,,,,,,,,,,,,,,,,,,2015
Beth Israel Deaconess Med Ctr,,,,,,,,,,,,,,,,,,,,,,,,,,,,,,,,,,,,,,,,,,,,,,,,,,,,,,,,,,,,2015
Boston,,,,,,,,,,,,,,,,,,,,,,,,,,,,,,,,,,,,,,,,,,,,,,,,,,,,,,,,,,,,2015
Boston College(Old ORI),,,,,,,,,,,,,,,,,,,,,,,,,,,,,,,,,,,,,,,,,,,,,,,,,,,,,,,,,,,,2015
Boston University,615,91,,,,,8.0,8.0,,,5.0,,,9,36,33,,,509,,,16,2.0,53,,2.0,33.0,,1.0,,,,,3.0,1.0,,20.0,30.0,,18,1.0,318,4.0,7.0,15,10.0,,,,,,3.0,,,,2.0,,,,2015
Bunker Hill Community College,,,,,,,,,,,,,,,,,,,,,,,,,,,,,,,,,,,,,,,,,,,,,,,,,,,,,,,,,,,,2015
"Capitol PD, Boston",,,,,,,,,,,,,,,,,,,,,,,,,,,,,,,,,,,,,,,,,,,,,,,,,,,,,,,,,,,,2015
Chelsea,"3,478","1,302",,,,12.0,26.0,24.0,,2.0,24.0,,3.0,226,721,290,,,"1,969",6.0,,152,26.0,567,3.0,9.0,116.0,30.0,53.0,,,,,186.0,22.0,9.0,155.0,180.0,1.0,158,51.0,92,120.0,33.0,207,106.0,,,,,,4.0,15.0,1.0,,81.0,,,,2015
Emerson College,,,,,,,,,,,,,,,,,,,,,,,,,,,,,,,,,,,,,,,,,,,,,,,,,,,,,,,,,,,,2015
Emerson College,,,,,,,,,,,,,,,,,,,,,,,,,,,,,,,,,,,,,,,,,,,,,,,,,,,,,,,,,,,,2015
Environmental Police,85,16,,,,,,,,,,,,4,7,5,,,50,,,5,1.0,20,,,,,,,,,,,,,,1.0,,1,,12,3.0,7.0,19,7.0,,,,,,,,,,12.0,,,,2015
Fisher College,,,,,,,,,,,,,,,,,,,,,,,,,,,,,,,,,,,,,,,,,,,,,,,,,,,,,,,,,,,,2015
Fisher College,,,,,,,,,,,,,,,,,,,,,,,,,,,,,,,,,,,,,,,,,,,,,,,,,,,,,,,,,,,,2015
Mass College of Art,,,,,,,,,,,,,,,,,,,,,,,,,,,,,,,,,,,,,,,,,,,,,,,,,,,,,,,,,,,,2015
Mass General Hospital,,,,,,,,,,,,,,,,,,,,,,,,,,,,,,,,,,,,,,,,,,,,,,,,,,,,,,,,,,,,2015
MBTA,,,,,,,,,,,,,,,,,,,,,,,,,,,,,,,,,,,,,,,,,,,,,,,,,,,,,,,,,,,,2015
MBTA - Suffolk County,,,,,,,,,,,,,,,,,,,,,,,,,,,,,,,,,,,,,,,,,,,,,,,,,,,,,,,,,,,,2015
MCPHS University,,,,,,,,,,,,,,,,,,,,,,,,,,,,,,,,,,,,,,,,,,,,,,,,,,,,,,,,,,,,2015
Northeastern U,,,,,,,,,,,,,,,,,,,,,,,,,,,,,,,,,,,,,,,,,,,,,,,,,,,,,,,,,,,,2015
Northeastern University,,,,,,,,,,,,,,,,,,,,,,,,,,,,,,,,,,,,,,,,,,,,,,,,,,,,,,,,,,,,2015
Revere,"3,123",987,3.0,,,4.0,38.0,19.0,19.0,,19.0,,4.0,201,498,219,,1.0,"2,011",3.0,1.0,148,24.0,464,9.0,3.0,92.0,33.0,70.0,,,,,60.0,10.0,16.0,203.0,101.0,,119,3.0,480,131.0,41.0,125,101.0,1.0,,,,,,2.0,1.0,,20.0,,,,2015
Roxbury Community College,,,,,,,,,,,,,,,,,,,,,,,,,,,,,,,,,,,,,,,,,,,,,,,,,,,,,,,,,,,,2015
Simmons University,,,,,,,,,,,,,,,,,,,,,,,,,,,,,,,,,,,,,,,,,,,,,,,,,,,,,,,,,,,,2015
Suffolk State Police,,,,,,,,,,,,,,,,,,,,,,,,,,,,,,,,,,,,,,,,,,,,,,,,,,,,,,,,,,,,2015
Suffolk State Police Framingham,,,,,,,,,,,,,,,,,,,,,,,,,,,,,,,,,,,,,,,,,,,,,,,,,,,,,,,,,,,,2015
Suffolk State Police Logan Airport,,,,,,,,,,,,,,,,,,,,,,,,,,,,,,,,,,,,,,,,,,,,,,,,,,,,,,,,,,,,2015
Suffolk State Police Weston,,,,,,,,,,,,,,,,,,,,,,,,,,,,,,,,,,,,,,,,,,,,,,,,,,,,,,,,,,,,2015
Tufts University Suffolk,,,,,,,,,,,,,,,,,,,,,,,,,,,,,,,,,,,,,,,,,,,,,,,,,,,,,,,,,,,,2015
Tufts University Suffolk prior to 01/01/2017,26,3,,,,,1.0,1.0,,,,,,,1,1,,,23,,,3,,4,,,,,,,,,,,1.0,,,13.0,,,,2,,,,,,,,,,,,,,,,,,2015
U-Mass Boston,100,13,,,,,,,,,,,,4,9,,,,78,,,,3.0,12,,,,,,,,,,,,1.0,,31.0,,,,30,,1.0,9,7.0,,,,,,,,,,2.0,,,,2015
Wentworth Institute,,,,,,,,,,,,,,,,,,,,,,,,,,,,,,,,,,,,,,,,,,,,,,,,,,,,,,,,,,,,2015
Wentworth Institute of Technology,,,,,,,,,,,,,,,,,,,,,,,,,,,,,,,,,,,,,,,,,,,,,,,,,,,,,,,,,,,,2015
Winthrop,535,204,,,,3.0,2.0,,2.0,,2.0,,1.0,85,60,51,,,312,,,53,4.0,100,2.0,,10.0,,10.0,,,,,3.0,1.0,,9.0,28.0,,4,,66,20.0,2.0,19,7.0,,,,,,3.0,,1.0,,8.0,,,,2015
Ashburnham,167,24,,,,,3.0,3.0,,,1.0,,,8,9,3,,,131,,,16,1.0,59,,,1.0,2.0,,,1.0,,,,,,2.0,4.0,,2,,41,1.0,1.0,12,6.0,,,,,,2.0,,,,4.0,,,,2015
Assumption College,73,20,,,,,3.0,3.0,,,2.0,,,2,10,3,,,49,,,3,1.0,20,,,3.0,,,,,,,,,,,9.0,,1,1.0,10,,1.0,4,4.0,,,,,,,,,,,,,,2015
Assumption College,,,,,,,,,,,,,,,,,,,,,,,,,,,,,,,,,,,,,,,,,,,,,,,,,,,,,,,,,,,,2015
Athol,438,100,,,,,3.0,3.0,,,,,4.0,40,47,6,,,319,,,53,4.0,93,6.0,,12.0,2.0,4.0,,,,,2.0,3.0,,23.0,9.0,,4,,96,2.0,6.0,19,13.0,,,,,,2.0,,,,4.0,,,,2015
Auburn,975,190,1.0,,,,3.0,3.0,,,1.0,,3.0,36,81,65,,,728,1.0,,51,15.0,115,9.0,3.0,32.0,34.0,28.0,,,,,6.0,,,89.0,2.0,,40,,254,16.0,33.0,57,38.0,,,,,,4.0,7.0,1.0,,7.0,,,,2015
Barre,233,115,,,,1.0,1.0,1.0,,,1.0,1.0,3.0,29,75,4,,,73,1.0,,9,2.0,29,,,2.0,,5.0,,,,,,,,1.0,8.0,,1,,12,2.0,1.0,45,38.0,2.0,,,,,,,,,5.0,,,,2015
Becker College,,,,,,,,,,,,,,,,,,,,,,,,,,,,,,,,,,,,,,,,,,,,,,,,,,,,,,,,,,,,2015
Berlin,50,10,,,,,,,,,,,,2,2,6,,,37,,,,,17,,,2.0,1.0,,,,,,,,1.0,4.0,3.0,,4,,5,,,3,3.0,,,,,,,,,,,,,,2015
Blackstone,178,51,,,,,1.0,1.0,,,1.0,,2.0,13,30,4,,,116,,,6,1.0,38,,,1.0,,1.0,,,,,2.0,,,3.0,9.0,,4,,49,1.0,1.0,11,9.0,,,,,,,,,,2.0,,,,2015
Bolton,169,49,,,,,3.0,3.0,,,1.0,,4.0,2,26,13,,,102,,,14,,23,,,7.0,1.0,17.0,,,,,1.0,,,1.0,14.0,,1,,19,2.0,2.0,18,15.0,1.0,,,,,,,,,2.0,,,,2015
Boylston,46,4,,,,,,,,,,,,4,,,,,42,,,17,,11,,,,,,,,,,,,,1.0,1.0,,,,11,1.0,,,,,,,,,,,,,,,,,2015
Brookfield,,,,,,,,,,,,,,,,,,,,,,,,,,,,,,,,,,,,,,,,,,,,,,,,,,,,,,,,,,,,2015
Charlton,328,73,,,,,3.0,2.0,1.0,,3.0,1.0,2.0,4,49,11,,,240,1.0,,38,10.0,61,2.0,,20.0,3.0,9.0,,2.0,,,1.0,2.0,,2.0,23.0,,14,,37,10.0,5.0,15,8.0,,,,,,2.0,,,,5.0,,,,2015
Clark University,,,,,,,,,,,,,,,,,,,,,,,,,,,,,,,,,,,,,,,,,,,,,,,,,,,,,,,,,,,,2015
Clark University,,,,,,,,,,,,,,,,,,,,,,,,,,,,,,,,,,,,,,,,,,,,,,,,,,,,,,,,,,,,2015
Clinton,113,35,,,,,,,,,,,,1,33,1,,,65,,,3,1.0,9,2.0,,,4.0,,,2.0,,,2.0,,,16.0,6.0,,2,,16,2.0,,13,7.0,5.0,,,,,,,,,1.0,,,,2015
Col of the Holy Cross,,,,,,,,,,,,,,,,,,,,,,,,,,,,,,,,,,,,,,,,,,,,,,,,,,,,,,,,,,,,2015
Douglas,170,31,,,,,,,,,,,,6,19,6,,,110,,,18,6.0,30,,,5.0,3.0,11.0,,,,,,,,,5.0,,1,,23,4.0,4.0,29,20.0,,,,,,1.0,,,,8.0,,,,2015
Dudley,240,92,1.0,,,,3.0,1.0,2.0,,3.0,1.0,5.0,20,55,4,,,123,,,15,5.0,35,1.0,,8.0,,5.0,,,,,2.0,,,4.0,15.0,,6,,15,8.0,4.0,25,21.0,,,,,,1.0,,,,3.0,,,,2015
East Brookfield,50,15,,,,,,,,,1.0,,1.0,2,11,,,,32,,,2,,13,,,2.0,2.0,,,,,,,,,1.0,,,2,,5,3.0,2.0,3,2.0,,,,,,1.0,,,,,,,,2015
Fitchburg,"3,031",791,1.0,,,7.0,27.0,24.0,3.0,,37.0,,10.0,228,428,53,,,"2,034",8.0,,322,23.0,579,4.0,1.0,86.0,26.0,64.0,,,,,66.0,2.0,5.0,103.0,148.0,,188,37.0,265,68.0,39.0,206,114.0,1.0,,,,,9.0,12.0,,,70.0,,,,2015
Fitchburg SC,,,,,,,,,,,,,,,,,,,,,,,,,,,,,,,,,,,,,,,,,,,,,,,,,,,,,,,,,,,,2015
Fitchburg State College,,,,,,,,,,,,,,,,,,,,,,,,,,,,,,,,,,,,,,,,,,,,,,,,,,,,,,,,,,,,2015
Gardner,"1,061",385,,,,,16.0,14.0,2.0,,1.0,,15.0,173,135,45,,,608,1.0,,56,13.0,155,3.0,,32.0,10.0,14.0,,,,,8.0,4.0,4.0,85.0,46.0,,,,155,7.0,15.0,68,46.0,,,,,,9.0,,,,13.0,,,,2015
Grafton,245,76,,,,,3.0,3.0,,,,,4.0,22,38,9,,,156,1.0,,26,2.0,43,,,17.0,4.0,16.0,,1.0,,,1.0,,,1.0,9.0,,,,25,6.0,4.0,13,9.0,,,,,,1.0,,,,3.0,,,,2015
Hardwick,135,39,,,,,,,,,1.0,,3.0,11,19,5,,,70,2.0,,13,1.0,14,,,8.0,1.0,3.0,,,,,,,,,9.0,,2,,13,2.0,2.0,26,24.0,,,,,,,,,,2.0,,,,2015
Harvard,116,16,,,,,,,,,,,,3,8,5,,,97,4.0,,10,2.0,29,,,11.0,,21.0,,,,,,,1.0,,4.0,,1,,10,2.0,2.0,3,2.0,,,,,,,,,,1.0,,,,2015
Holden,273,71,,,,,4.0,4.0,,,,5.0,6.0,3,45,8,,,181,2.0,,23,4.0,42,1.0,,10.0,7.0,14.0,,,,,1.0,1.0,,6.0,13.0,,10,,40,2.0,5.0,21,14.0,1.0,,,,,4.0,,,,2.0,,,,2015
Hopedale,126,34,,,,,2.0,2.0,,,,,,4,23,5,,,65,,,13,,19,1.0,,4.0,,4.0,,,,,,1.0,,3.0,9.0,,,1.0,7,1.0,2.0,27,22.0,,,,,,4.0,,,,1.0,,,,2015
Hubbardston,104,25,,,,,1.0,1.0,,,,,,7,14,3,,,69,2.0,,18,1.0,19,,,5.0,1.0,1.0,,,,,1.0,1.0,,,7.0,,,,11,1.0,1.0,10,8.0,,,,,,,,1.0,,1.0,,,,2015
Lancaster,170,27,,,,1.0,3.0,3.0,,,1.0,,,6,8,8,,,136,,,19,1.0,35,,,7.0,3.0,10.0,,,,,1.0,1.0,,2.0,6.0,,4,,37,8.0,2.0,7,5.0,1.0,,,,,,,,,1.0,,,,2015
Leicester,373,66,,,,,6.0,3.0,3.0,,,1.0,7.0,14,28,10,,,282,,,23,3.0,40,6.0,,11.0,1.0,16.0,,,,,,2.0,4.0,44.0,13.0,,17,1.0,78,15.0,8.0,25,22.0,,,,,,1.0,,,,2.0,,,,2015
Leominster,"2,958",833,1.0,,,,37.0,31.0,4.0,2.0,,,12.0,312,298,173,,,"2,022",2.0,,157,33.0,496,4.0,,121.0,61.0,78.0,,,,,26.0,11.0,5.0,291.0,74.0,,130,16.0,420,69.0,28.0,103,61.0,,,1.0,,,13.0,,,,28.0,,,,2015
Lunenburg,565,86,,,,2.0,3.0,1.0,2.0,,1.0,,2.0,17,31,30,,,453,,,60,8.0,34,,,28.0,4.0,20.0,,,,,2.0,,1.0,158.0,16.0,,42,1.0,64,9.0,6.0,26,21.0,,,,,,3.0,,,,2.0,,,,2015
MBTA - Worcester County,,,,,,,,,,,,,,,,,,,,,,,,,,,,,,,,,,,,,,,,,,,,,,,,,,,,,,,,,,,,2015
Mendon,113,18,,,,,,,,,,,,3,13,2,,,71,1.0,,8,1.0,14,,,6.0,5.0,7.0,,,,,,,,,9.0,,,,16,3.0,1.0,24,23.0,,,,,,,,,,1.0,,,,2015
Milford,"1,139",276,,,,,11.0,6.0,4.0,1.0,1.0,2.0,9.0,50,152,51,,,813,1.0,,51,13.0,148,3.0,1.0,43.0,20.0,46.0,,,,,4.0,2.0,1.0,84.0,69.0,,60,,240,14.0,13.0,50,42.0,,,,,,1.0,3.0,1.0,,3.0,,,,2015
Millbury,480,92,,,,,5.0,5.0,,,4.0,1.0,3.0,16,53,10,,,373,1.0,,43,9.0,49,,,32.0,10.0,15.0,,,,,1.0,,1.0,74.0,12.0,,19,,79,13.0,15.0,15,13.0,,,,,,2.0,,,,,,,,2015
Millville,58,6,,,,,1.0,1.0,,,,,,2,2,1,,,51,2.0,,5,,19,,,1.0,3.0,5.0,,,,,,,,1.0,6.0,,,,8,1.0,,1,1.0,,,,,,,,,,,,,,2015
Mount Wachusett CC,,,,,,,,,,,,,,,,,,,,,,,,,,,,,,,,,,,,,,,,,,,,,,,,,,,,,,,,,,,,2015
New Braintree,,,,,,,,,,,,,,,,,,,,,,,,,,,,,,,,,,,,,,,,,,,,,,,,,,,,,,,,,,,,2015
North Brookfield,,,,,,,,,,,,,,,,,,,,,,,,,,,,,,,,,,,,,,,,,,,,,,,,,,,,,,,,,,,,2015
Northborough,226,50,,,,,,,,,,,,8,41,1,,,152,,,11,2.0,22,,,,4.0,,,,,,,,,62.0,24.0,,11,2.0,12,2.0,,24,21.0,,,,,,,2.0,,,1.0,,,,2015
Northbridge,574,88,,,,,9.0,6.0,3.0,,4.0,1.0,11.0,25,31,7,,,460,1.0,,45,9.0,95,5.0,,33.0,7.0,21.0,,,,,1.0,1.0,1.0,53.0,26.0,,32,,117,12.0,1.0,26,21.0,,,,,,3.0,,,,2.0,,,,2015
Oakham,21,3,,,,,1.0,1.0,,,,,,1,,1,,,16,1.0,,4,,4,,,,,1.0,,,,,,,,,,,2,,1,1.0,2.0,2,2.0,,,,,,,,,,,,,,2015
Oxford,422,99,,,,,4.0,4.0,,,,,3.0,32,48,12,,,301,,,23,8.0,64,3.0,,24.0,,10.0,,,,,8.0,1.0,,47.0,10.0,,19,1.0,68,10.0,5.0,22,16.0,,,,,,1.0,1.0,,,4.0,,,,2015
Paxton,53,13,,,,,,,,,,,,4,8,1,,,40,,,9,,10,,,1.0,5.0,,,,,,,,,,,,2,,11,2.0,,,,,,,,,,,,,,,,,2015
Petersham,,,,,,,,,,,,,,,,,,,,,,,,,,,,,,,,,,,,,,,,,,,,,,,,,,,,,,,,,,,,2015
Phillipston,,,,,,,,,,,,,,,,,,,,,,,,,,,,,,,,,,,,,,,,,,,,,,,,,,,,,,,,,,,,2015
Princeton,73,10,,,,,,,,,,,1.0,2,6,1,,,58,,,16,,18,,,2.0,2.0,6.0,,,,,,,,,4.0,,4,,6,,,5,5.0,,,,,,,,,,,,,,2015
Quinsigamond CC,61,19,,,,,1.0,1.0,,,1.0,,,3,7,7,,,37,,,,,13,,,1.0,,,,,,,,,,2.0,10.0,,,,9,1.0,1.0,5,2.0,,,,,,,,,,3.0,,,,2015
Royalston,,,,,,,,,,,,,,,,,,,,,,,,,,,,,,,,,,,,,,,,,,,,,,,,,,,,,,,,,,,,2015
Rutland,318,105,,,,1.0,3.0,3.0,,,3.0,,4.0,22,51,21,,,185,1.0,,31,2.0,59,,,16.0,7.0,12.0,,1.0,,,,,,,8.0,,5,,39,2.0,2.0,28,23.0,,,,,,1.0,,,,4.0,,,,2015
Shrewsbury,365,60,,,,,,,,,,,,3,57,,,,300,,,58,1.0,48,,,,5.0,,,,,,1.0,,1.0,21.0,12.0,1.0,50,1.0,89,12.0,,5,5.0,,,,,,,,,,,,,,2015
Southborough,133,30,,,,,2.0,2.0,,,,,,6,18,4,,,87,,,10,3.0,17,,,8.0,,10.0,,,,,,1.0,1.0,1.0,5.0,,4,,22,4.0,1.0,16,12.0,,,,,,1.0,2.0,,,1.0,,,,2015
Southbridge,940,216,1.0,,,1.0,7.0,5.0,2.0,,2.0,5.0,19.0,48,90,43,,,664,,,153,10.0,145,,,40.0,10.0,28.0,,,,,13.0,,1.0,24.0,44.0,,18,,157,14.0,7.0,60,41.0,,,,,,8.0,,,,11.0,,,,2015
Spencer,352,90,,,,,2.0,2.0,,,2.0,,,21,63,2,,,250,,,21,1.0,84,,,,7.0,5.0,,3.0,,,1.0,1.0,3.0,16.0,13.0,,16,3.0,63,12.0,1.0,12,8.0,4.0,,,,,,,,,,,,,2015
Sterling,152,38,,,,,1.0,1.0,,,,,3.0,3,19,12,,,109,1.0,,11,5.0,32,,,12.0,1.0,9.0,,,,,,,1.0,,8.0,,4,,19,2.0,4.0,5,4.0,,,,,,1.0,,,,,,,,2015
Sturbridge,547,139,,,,1.0,3.0,2.0,1.0,,,,3.0,19,77,36,,,342,2.0,,22,13.0,69,7.0,,22.0,5.0,10.0,,,,,2.0,1.0,3.0,43.0,23.0,,26,,77,7.0,10.0,66,51.0,,,,,,2.0,,,,13.0,,,,2015
Sutton,247,48,,,,1.0,1.0,1.0,,,1.0,1.0,1.0,7,27,9,,,179,,,57,3.0,43,2.0,,11.0,5.0,20.0,,,,,1.0,,,1.0,10.0,,,,23,1.0,2.0,20,12.0,,,,,,5.0,,,,3.0,,,,2015
Templeton,185,67,,,,,4.0,2.0,2.0,,,,10.0,14,33,6,,,109,3.0,,13,2.0,29,1.0,,8.0,1.0,3.0,,,,,2.0,1.0,,,17.0,,2,,22,4.0,1.0,9,5.0,,,,,,1.0,,,,3.0,,,,2015
Tufts University Worcester,5,1,,,,,,,,,,,,,,1,,,4,,,,,1,,,,,,,,,,,,,,3.0,,,,,,,,,,,,,,,,,,,,,,2015
Tufts University Worcester,,,,,,,,,,,,,,,,,,,,,,,,,,,,,,,,,,,,,,,,,,,,,,,,,,,,,,,,,,,,2015
U-Mass Worcester,178,69,,,,,,,,,1.0,,,9,47,12,,,100,,,,,13,,,,1.0,3.0,,,,,,,,,5.0,,2,,75,,1.0,9,9.0,,,,,,,,,,,,,,2015
U-Mass Worcester MA014UM00,,,,,,,,,,,,,,,,,,,,,,,,,,,,,,,,,,,,,,,,,,,,,,,,,,,,,,,,,,,,2015
Upton,201,94,,,,,2.0,1.0,,1.0,2.0,1.0,,4,10,75,,,102,3.0,,5,2.0,24,,,10.0,6.0,12.0,,,,,,,,2.0,3.0,,7,,24,1.0,3.0,5,4.0,,,,,,1.0,,,,,,,,2015
Uxbridge,403,88,,,,,3.0,1.0,2.0,,1.0,2.0,4.0,10,53,15,,,269,2.0,,30,4.0,54,1.0,,21.0,8.0,20.0,,,,,1.0,3.0,1.0,21.0,28.0,,14,,46,11.0,4.0,46,39.0,1.0,,,,,3.0,1.0,,,2.0,,,,2015
Warren,261,97,,,,,1.0,,1.0,,,,2.0,19,38,37,,,127,,,18,,41,,1.0,5.0,2.0,2.0,,,,,,,1.0,,16.0,,,,33,4.0,4.0,37,29.0,,,,,,5.0,,,,3.0,,,,2015
Webster,"1,061",358,,,,2.0,15.0,11.0,4.0,,7.0,,5.0,86,222,21,,,647,9.0,,87,6.0,154,8.0,,35.0,13.0,22.0,,,,,6.0,1.0,4.0,68.0,64.0,,32,1.0,103,20.0,14.0,56,45.0,,,,,,2.0,,,,9.0,,,,2015
West Boylston,200,25,,,,,3.0,3.0,,,1.0,,,1,11,9,,,170,,,10,,36,,,1.0,8.0,12.0,,1.0,,,1.0,,,39.0,6.0,,16,,34,6.0,,5,4.0,1.0,,,,,,,,,,,,,2015
West Brookfield,13,8,,,,,,,,,,,1.0,,4,3,,,2,,,,,,,,,,1.0,,,,,,,,,,,,,1,,,3,3.0,,,,,,,,,,,,,,2015
Westborough,411,73,,,,,2.0,,2.0,,3.0,,,11,39,18,,,328,1.0,,24,7.0,55,4.0,,24.0,8.0,32.0,,,,,2.0,1.0,1.0,9.0,14.0,,12,1.0,120,10.0,3.0,10,7.0,,,,,,,2.0,,,1.0,,,,2015
Westminster,235,60,,,,1.0,2.0,2.0,,,,,3.0,21,24,9,,,170,,,16,1.0,28,,,11.0,3.0,13.0,,,,,,,,1.0,23.0,,8,,54,6.0,6.0,5,3.0,,,,,,2.0,,,,,,,,2015
Winchendon,583,213,,,,2.0,9.0,6.0,3.0,,2.0,2.0,6.0,30,126,36,,,343,2.0,,18,2.0,106,2.0,,26.0,2.0,12.0,,,,,3.0,,,4.0,47.0,,11,,93,10.0,5.0,27,13.0,,,,,,7.0,1.0,,,6.0,,,,2015
Worcester,"12,951","3,623",8.0,,,54.0,39.0,34.0,5.0,,46.0,1.0,5.0,"1,145","1,745",580,,,"8,683",3.0,,"1,273",130.0,"1,672",9.0,1.0,218.0,325.0,317.0,,2.0,,,408.0,1.0,1.0,693.0,265.0,3.0,"1,177",241.0,"1,469",404.0,71.0,645,464.0,1.0,,,,,4.0,28.0,14.0,,134.0,,,,2015
Worcester Polytechnic In,92,6,,,,,,,,,,,,2,1,3,,,86,,,2,,20,,,2.0,,,,,,,,,,,18.0,,5,,36,,3.0,,,,,,,,,,,,,,,,2015
Worcester State,,,,,,,,,,,,,,,,,,,,,,,,,,,,,,,,,,,,,,,,,,,,,,,,,,,,,,,,,,,,2015
Worcester State Police,,,,,,,,,,,,,,,,,,,,,,,,,,,,,,,,,,,,,,,,,,,,,,,,,,,,,,,,,,,,2015
Worcester State Police Holden,,,,,,,,,,,,,,,,,,,,,,,,,,,,,,,,,,,,,,,,,,,,,,,,,,,,,,,,,,,,2015
Worcester State Police Weston,,,,,,,,,,,,,,,,,,,,,,,,,,,,,,,,,,,,,,,,,,,,,,,,,,,,,,,,,,,,2015
Worcester State University,,,,,,,,,,,,,,,,,,,,,,,,,,,,,,,,,,,,,,,,,,,,,,,,,,,,,,,,,,,,2015
Missing,,,,,,,,,,,,,,,,,,,,,,,,,,,,,,,,,,,,,,,,,,,,,,,,,,,,,,,,,,,,2015
MSCPA Police,,,,,,,,,,,,,,,,,,,,,,,,,,,,,,,,,,,,,,,,,,,,,,,,,,,,,,,,,,,,2015
Suffolk University,,,,,,,,,,,,,,,,,,,,,,,,,,,,,,,,,,,,,,,,,,,,,,,,,,,,,,,,,,,,2015
